Employee ID,StartDate,Title,BusinessUnit,EmployeeStatus,EmployeeType,PayZone,EmployeeClassificationType,DepartmentType,Division,DOB,State,GenderCode,RaceDesc,MaritalDesc,Performance Score,Current Employee Rating,Survey Date,Engagement Score,Satisfaction Score,Work-Life Balance Score,Training Date,Training Program Name,Training Type,Training Outcome,Training Duration(Days),Training Cost,Age,PerformanceScore_enc
3427,2019-09-20,Production Technician I,CCDR,Active,Contract,Zone C,Temporary,Production       ,Finance & Accounting,07-10-1969,MA,Female,White,Widowed,Fully Meets,4,2023-01-14,1,2,3,2023-07-15,Leadership Development,Internal,Failed,2,606.11,50,4
3428,2023-02-11,Production Technician I,EW,Active,Contract,Zone A,Part-Time,Production       ,Aerial,30-08-1965,MA,Male,Hispanic,Widowed,Fully Meets,3,2022-09-09,2,1,5,2022-09-12,Customer Service,External,Incomplete,4,673.02,58,4
3429,2018-12-10,Area Sales Manager,PL,Active,Full-Time,Zone B,Part-Time,Sales,General - Sga,06-10-1991,MA,Male,Hispanic,Widowed,Fully Meets,4,2023-05-27,1,2,1,2022-08-13,Leadership Development,External,Failed,2,413.28,27,4
3430,2021-06-21,Area Sales Manager,CCDR,Active,Contract,Zone A,Full-Time,Sales,Finance & Accounting,04-04-1998,ND,Male,Other,Single,Fully Meets,2,2023-06-16,5,5,4,2022-12-15,Project Management,External,Completed,3,663.78,23,4
3431,2019-06-29,Area Sales Manager,TNS,Active,Contract,Zone A,Temporary,Sales,General - Con,29-08-1969,FL,Female,Other,Married,Fully Meets,3,2022-11-25,2,5,3,2023-07-13,Technical Skills,External,Failed,5,399.03,50,4
3432,2020-01-17,Area Sales Manager,BPC,Active,Contract,Zone B,Full-Time,Sales,Field Operations,03-04-1949,CT,Male,Black,Married,Fully Meets,3,2022-12-12,2,3,5,2023-04-18,Project Management,Internal,Passed,2,820.33,71,4
3433,2022-04-06,Area Sales Manager,WBL,Active,Full-Time,Zone B,Temporary,Sales,General - Eng,01-07-1942,CA,Female,Hispanic,Divorced,Exceeds,4,2023-03-25,1,5,2,2022-08-06,Customer Service,External,Passed,5,295.08,80,5
3434,2020-11-06,Area Sales Manager,CCDR,Active,Contract,Zone C,Full-Time,Sales,Engineers,07-03-1957,OR,Female,White,Divorced,Fully Meets,2,2023-04-21,1,4,2,2022-10-07,Leadership Development,Internal,Passed,3,790.15,63,4
3435,2018-08-18,Area Sales Manager,NEL,Active,Contract,Zone B,Part-Time,Sales,Executive,15-05-1974,TX,Male,Black,Widowed,Exceeds,3,2022-12-09,4,3,3,2023-07-19,Customer Service,Internal,Passed,3,798.4,44,5
3436,2022-01-21,Area Sales Manager,BPC,Active,Part-Time,Zone B,Temporary,Sales,Engineers,11-11-1949,TX,Male,Asian,Widowed,Fully Meets,5,2023-07-30,5,5,2,2023-04-09,Leadership Development,Internal,Failed,5,192.61,73,4
3437,2023-08-04,Area Sales Manager,SVG,Active,Contract,Zone B,Temporary,Sales,Field Operations,26-01-1964,IN,Female,Other,Single,Fully Meets,5,2022-10-15,3,2,5,2022-10-20,Technical Skills,Internal,Failed,1,455.68,59,4
3438,2018-08-10,Area Sales Manager,MSC,Active,Full-Time,Zone C,Temporary,Sales,General - Con,06-04-1948,GA,Female,Asian,Married,Fully Meets,3,2022-10-28,4,2,5,2022-10-05,Technical Skills,Internal,Failed,2,208.17,70,4
3439,2022-05-25,Area Sales Manager,EW,Active,Full-Time,Zone A,Temporary,Sales,Splicing,24-11-1981,CO,Male,Other,Single,Fully Meets,3,2022-10-30,1,2,5,2023-03-09,Technical Skills,External,Incomplete,1,421.07,41,4
3440,2019-12-05,Area Sales Manager,CCDR,Active,Contract,Zone A,Full-Time,Sales,Finance & Accounting,06-11-1951,KY,Female,White,Divorced,Fully Meets,3,2022-09-24,1,4,5,2023-05-29,Communication Skills,External,Failed,1,649.03,68,4
3441,2019-04-28,Area Sales Manager,BPC,Active,Part-Time,Zone A,Part-Time,Sales,General - Con,21-11-1989,NV,Male,Asian,Widowed,Exceeds,4,2022-10-30,4,2,5,2023-01-08,Project Management,Internal,Passed,4,450.2,30,5
3442,2019-07-09,Area Sales Manager,PYZ,Active,Full-Time,Zone A,Full-Time,IT/IS,Field Operations,24-11-1952,MA,Male,Black,Single,Exceeds,2,2022-10-31,2,5,3,2023-03-06,Project Management,External,Failed,4,286.87,67,5
3443,2021-04-05,Area Sales Manager,WBL,Active,Full-Time,Zone C,Part-Time,IT/IS,Project Management - Con,08-04-1994,KY,Male,Asian,Widowed,Fully Meets,3,2023-04-29,2,2,4,2023-02-18,Technical Skills,External,Failed,3,402.13,27,4
3444,2021-11-28,Area Sales Manager,NEL,Active,Contract,Zone A,Part-Time,Sales,Engineers,15-11-1983,KY,Male,Other,Widowed,Fully Meets,3,2022-12-14,1,2,4,2022-11-02,Technical Skills,External,Failed,2,388.84,38,4
3445,2021-01-16,Area Sales Manager,PL,Active,Contract,Zone C,Full-Time,Sales,Project Management - Con,07-12-1985,KY,Female,Other,Married,Exceeds,4,2023-05-07,4,5,2,2023-07-14,Project Management,External,Completed,2,879.64,36,5
3446,2021-08-24,Area Sales Manager,BPC,Active,Part-Time,Zone A,Part-Time,Sales,Field Operations,01-05-1996,TX,Female,White,Divorced,Exceeds,2,2023-05-21,4,3,5,2022-12-11,Technical Skills,Internal,Failed,5,701.13,25,5
3450,2020-09-01,Area Sales Manager,MSC,Active,Contract,Zone C,Temporary,Sales,Field Operations,11-08-1994,CO,Male,Other,Single,Exceeds,2,2023-01-18,4,3,5,2023-01-12,Technical Skills,Internal,Completed,4,186.07,26,5
3451,2021-02-18,Area Sales Manager,TNS,Active,Contract,Zone C,Full-Time,Sales,General - Con,15-01-1968,CO,Male,Other,Divorced,Exceeds,3,2023-04-29,5,1,2,2023-03-22,Technical Skills,External,Completed,1,921.97,53,5
3452,2022-11-08,Area Sales Manager,PYZ,Active,Part-Time,Zone A,Part-Time,Sales,General - Con,07-01-1947,IN,Male,Black,Divorced,Fully Meets,2,2023-01-19,5,5,2,2022-09-13,Customer Service,Internal,Failed,1,691.04,75,4
3453,2022-10-13,Area Sales Manager,WBL,Active,Contract,Zone C,Part-Time,Sales,Fielders,07-04-1982,MA,Male,White,Widowed,Fully Meets,4,2022-09-17,5,5,3,2022-08-25,Customer Service,External,Completed,5,964.44,40,4
3454,2022-09-11,Area Sales Manager,PYZ,Active,Full-Time,Zone C,Full-Time,IT/IS,General - Con,29-01-1970,KY,Male,Hispanic,Married,Needs Improvement,4,2023-03-14,4,4,2,2023-02-07,Communication Skills,Internal,Passed,3,184.9,52,2
3455,2021-06-29,Area Sales Manager,WBL,Active,Full-Time,Zone C,Temporary,Sales,Project Management - Eng,18-01-1999,KY,Male,Other,Widowed,Exceeds,4,2022-08-12,2,1,1,2023-03-17,Project Management,External,Passed,1,220.41,22,5
3456,2023-03-06,Area Sales Manager,NEL,Active,Full-Time,Zone A,Temporary,Sales,Field Operations,25-09-1946,KY,Female,Black,Divorced,Fully Meets,3,2023-03-30,4,3,4,2023-06-08,Technical Skills,External,Passed,2,336.82,77,4
3457,2020-09-25,Area Sales Manager,PL,Active,Full-Time,Zone B,Temporary,Sales,Engineers,23-08-1947,KY,Female,White,Divorced,Needs Improvement,3,2023-04-21,5,1,4,2023-04-15,Customer Service,External,Completed,4,485.73,73,2
3460,2020-02-19,Area Sales Manager,SVG,Active,Full-Time,Zone A,Full-Time,Sales,Aerial,10-02-1944,TX,Male,Asian,Married,Fully Meets,3,2022-11-16,4,3,3,2023-07-08,Communication Skills,External,Incomplete,5,919.52,76,4
3462,2018-09-13,Area Sales Manager,MSC,Active,Contract,Zone A,Full-Time,Sales,Field Operations,09-08-1942,CO,Male,Hispanic,Divorced,Needs Improvement,3,2022-11-08,3,3,1,2023-07-19,Project Management,External,Completed,1,320.01,76,2
3463,2020-04-30,Area Sales Manager,TNS,Active,Part-Time,Zone A,Temporary,Sales,Field Operations,21-06-1951,IN,Male,Hispanic,Single,Fully Meets,1,2022-09-18,4,3,4,2022-08-29,Technical Skills,Internal,Incomplete,4,926.19,69,4
3464,2018-12-03,Area Sales Manager,PYZ,Active,Contract,Zone B,Full-Time,Sales,Shop (Fleet),17-06-1998,MA,Male,Black,Widowed,Needs Improvement,5,2022-12-29,2,5,3,2022-11-13,Customer Service,External,Passed,2,290.47,20,2
3465,2021-11-08,Area Sales Manager,WBL,Active,Full-Time,Zone B,Full-Time,Sales,General - Con,07-01-1962,MA,Male,Asian,Divorced,Needs Improvement,3,2023-05-19,5,4,3,2023-06-04,Communication Skills,External,Incomplete,1,706.1,59,2
3466,2022-04-13,Area Sales Manager,PYZ,Active,Part-Time,Zone C,Full-Time,IT/IS,Aerial,26-01-1979,KY,Male,Other,Married,Exceeds,4,2023-08-04,1,3,4,2022-12-07,Customer Service,External,Passed,3,447.66,43,5
3467,2020-05-06,Area Sales Manager,WBL,Active,Contract,Zone A,Part-Time,Sales,Fielders,14-05-1987,KY,Female,Asian,Divorced,Exceeds,1,2023-06-27,4,3,2,2023-02-24,Technical Skills,Internal,Incomplete,1,759.7,33,5
3468,2019-09-09,Area Sales Manager,NEL,Active,Contract,Zone B,Temporary,Sales,Wireline Construction,26-04-1998,KY,Female,Black,Single,Fully Meets,4,2023-02-05,3,1,3,2023-05-10,Customer Service,Internal,Completed,3,180.63,21,4
3471,2020-02-29,Area Sales Manager,CCDR,Active,Part-Time,Zone C,Temporary,Sales,Field Operations,03-01-1967,TX,Male,Asian,Married,Fully Meets,4,2023-04-30,2,4,1,2023-03-23,Customer Service,External,Passed,3,109.98,53,4
3472,2023-01-15,Area Sales Manager,SVG,Active,Contract,Zone C,Full-Time,Sales,Project Management - Con,12-01-1982,TX,Male,Other,Married,Exceeds,4,2023-07-26,5,5,4,2023-02-12,Technical Skills,External,Completed,5,537.24,41,5
3473,2023-06-29,Area Sales Manager,EW,Active,Part-Time,Zone A,Temporary,Sales,Shop (Fleet),01-10-1950,CO,Male,Hispanic,Widowed,Exceeds,2,2023-06-28,3,4,4,2022-12-06,Communication Skills,External,Failed,5,789.99,73,5
3474,2020-03-09,Area Sales Manager,MSC,Active,Full-Time,Zone A,Temporary,Sales,Catv,16-12-1965,CO,Male,Other,Divorced,Fully Meets,2,2023-05-09,3,1,2,2022-09-01,Customer Service,External,Incomplete,5,155.51,55,4
3475,2021-09-21,Area Sales Manager,TNS,Active,Full-Time,Zone C,Temporary,Sales,General - Con,25-12-1957,IN,Male,Asian,Widowed,Fully Meets,2,2023-01-25,4,3,4,2022-11-02,Customer Service,Internal,Passed,2,648.76,64,4
3476,2023-06-12,Area Sales Manager,PYZ,Active,Part-Time,Zone A,Temporary,Sales,Fielders,20-06-1945,MA,Male,Asian,Divorced,Needs Improvement,2,2023-03-03,5,5,3,2022-11-18,Leadership Development,Internal,Incomplete,4,533.5,78,2
3477,2019-04-07,Area Sales Manager,PYZ,Active,Part-Time,Zone A,Full-Time,IT/IS,Aerial,03-12-1969,KY,Female,Asian,Widowed,Needs Improvement,2,2022-12-05,1,2,1,2022-11-07,Leadership Development,External,Failed,5,429.48,50,2
3478,2018-09-17,Area Sales Manager,WBL,Active,Full-Time,Zone C,Temporary,Sales,Wireline Construction,10-10-1957,KY,Female,Hispanic,Married,Fully Meets,2,2022-11-29,3,4,1,2022-10-05,Technical Skills,External,Incomplete,1,526.74,61,4
3479,2022-08-02,Area Sales Manager,NEL,Active,Contract,Zone A,Part-Time,Sales,Project Management - Con,17-05-1962,TX,Female,Hispanic,Widowed,Fully Meets,2,2022-11-03,4,4,4,2023-01-18,Communication Skills,Internal,Passed,3,443.45,60,4
3483,2021-09-26,Area Sales Manager,SVG,Active,Part-Time,Zone B,Temporary,Sales,Project Management - Con,19-06-1964,CO,Male,Asian,Widowed,Fully Meets,1,2022-10-23,1,4,5,2022-08-10,Project Management,External,Passed,4,111.96,57,4
3484,2018-08-29,Area Sales Manager,EW,Active,Part-Time,Zone B,Full-Time,Sales,General - Con,18-07-1995,CO,Male,Other,Single,Fully Meets,4,2022-09-16,1,2,4,2023-06-27,Project Management,External,Passed,1,795.7,23,4
3485,2021-10-26,Area Sales Manager,MSC,Active,Contract,Zone C,Full-Time,Sales,Field Operations,22-08-1994,CO,Male,White,Widowed,Fully Meets,5,2023-05-07,2,1,3,2022-08-07,Customer Service,Internal,Passed,2,796.45,27,4
3486,2022-10-31,Area Sales Manager,TNS,Active,Part-Time,Zone C,Temporary,Sales,Fielders,14-11-1990,IN,Male,Other,Widowed,Fully Meets,4,2022-08-27,3,1,1,2023-07-23,Project Management,Internal,Completed,5,812.59,32,4
3487,2023-03-15,Area Sales Manager,BPC,Active,Contract,Zone B,Part-Time,Sales,General - Sga,01-02-1994,KY,Female,Other,Divorced,Fully Meets,4,2022-09-23,5,4,1,2023-07-17,Project Management,External,Completed,5,132.97,29,4
3488,2022-09-09,Area Sales Manager,CCDR,Active,Contract,Zone B,Full-Time,Sales,Wireline Construction,12-11-1997,KY,Female,Asian,Single,Fully Meets,2,2023-03-11,1,5,1,2022-09-20,Communication Skills,Internal,Completed,1,308.19,25,4
3489,2022-03-04,Area Sales Manager,EW,Active,Part-Time,Zone A,Temporary,Sales,Field Operations,02-05-1953,TX,Female,Black,Divorced,Fully Meets,2,2022-12-03,2,4,5,2023-07-02,Project Management,Internal,Passed,1,131.41,69,4
3490,2019-02-11,Area Sales Manager,MSC,Active,Part-Time,Zone A,Part-Time,Sales,General - Sga,10-07-1991,TX,Female,Hispanic,Divorced,Fully Meets,2,2022-10-12,5,3,2,2023-07-19,Technical Skills,Internal,Failed,3,389.59,28,4
3491,2021-01-26,Area Sales Manager,NEL,Active,Contract,Zone B,Full-Time,Sales,Field Operations,02-06-1973,TX,Male,White,Widowed,Fully Meets,5,2022-09-10,3,4,5,2023-07-14,Project Management,Internal,Incomplete,3,442.56,48,4
3492,2019-11-26,Area Sales Manager,PL,Active,Full-Time,Zone C,Full-Time,Sales,General - Con,08-01-1993,CO,Male,Asian,Married,Fully Meets,1,2023-01-13,1,5,5,2022-09-06,Project Management,Internal,Incomplete,3,327.66,26,4
3493,2019-07-15,Area Sales Manager,PYZ,Active,Full-Time,Zone C,Full-Time,Sales,Project Management - Con,17-04-1984,CO,Male,Asian,Widowed,Fully Meets,5,2023-04-02,3,1,5,2023-02-19,Project Management,Internal,Completed,3,400.95,35,4
3494,2020-06-18,Area Sales Manager,SVG,Active,Contract,Zone B,Full-Time,Sales,General - Con,08-02-1994,CO,Male,Black,Single,Fully Meets,4,2022-12-15,1,2,1,2023-02-11,Technical Skills,Internal,Completed,2,910.45,26,4
3495,2023-06-22,Area Sales Manager,TNS,Active,Part-Time,Zone B,Temporary,Sales,Wireline Construction,27-01-1993,IN,Male,Other,Married,Fully Meets,4,2022-09-08,4,3,5,2022-12-21,Customer Service,External,Passed,1,701.55,30,4
3496,2021-12-02,Area Sales Manager,WBL,Active,Contract,Zone A,Part-Time,Sales,General - Sga,19-09-1964,CA,Male,Other,Widowed,Fully Meets,5,2022-12-26,1,3,2,2023-02-16,Project Management,Internal,Incomplete,1,806.87,57,4
3497,2021-12-08,Area Sales Manager,TNS,Active,Part-Time,Zone C,Temporary,Sales,Project Management - Con,18-02-1981,OR,Female,Hispanic,Widowed,Fully Meets,1,2022-09-18,2,3,4,2023-03-11,Communication Skills,Internal,Completed,2,184.21,40,4
3498,2023-04-26,Area Sales Manager,PYZ,Active,Full-Time,Zone A,Full-Time,Sales,General - Sga,17-10-1998,KY,Female,White,Widowed,Fully Meets,2,2023-06-19,3,3,4,2023-05-30,Project Management,External,Failed,1,208.43,25,4
3499,2018-09-25,Area Sales Manager,WBL,Active,Part-Time,Zone C,Temporary,Sales,Field Operations,16-01-1971,KY,Female,Asian,Widowed,Fully Meets,5,2023-07-21,5,3,5,2023-01-30,Technical Skills,Internal,Incomplete,2,762.45,47,4
3500,2018-11-20,Area Sales Manager,NEL,Active,Full-Time,Zone B,Part-Time,Sales,Shop (Fleet),25-02-2000,TX,Female,White,Divorced,Fully Meets,1,2023-05-14,4,1,4,2023-06-15,Leadership Development,External,Incomplete,4,779.79,18,4
3502,2019-10-01,Area Sales Manager,BPC,Active,Full-Time,Zone C,Temporary,Sales,Splicing,29-06-1976,TX,Male,White,Married,Fully Meets,1,2023-04-24,5,3,5,2023-01-03,Customer Service,External,Incomplete,3,427.12,43,4
3503,2022-01-20,Area Sales Manager,CCDR,Active,Part-Time,Zone A,Temporary,Sales,Project Management - Con,27-07-1951,CO,Male,Other,Single,Fully Meets,4,2023-01-28,5,2,3,2023-02-20,Technical Skills,Internal,Completed,4,996.35,71,4
3504,2021-10-10,Area Sales Manager,SVG,Active,Full-Time,Zone B,Part-Time,Sales,General - Con,23-08-1980,CO,Male,Hispanic,Married,Fully Meets,2,2023-04-20,3,4,3,2023-06-02,Communication Skills,Internal,Completed,5,963.23,41,4
3505,2020-08-29,Area Sales Manager,EW,Active,Contract,Zone B,Temporary,Sales,Field Operations,24-07-1943,IN,Male,Hispanic,Widowed,Fully Meets,1,2022-11-10,4,3,2,2022-09-13,Leadership Development,Internal,Failed,5,260.97,77,4
3506,2019-08-27,Area Sales Manager,MSC,Active,Full-Time,Zone B,Temporary,Sales,Field Operations,06-07-1988,IN,Male,Other,Married,Fully Meets,2,2023-06-27,2,2,3,2023-05-21,Leadership Development,Internal,Completed,1,781.81,31,4
3507,2021-02-25,Area Sales Manager,TNS,Active,Full-Time,Zone A,Full-Time,Sales,Project Management - Con,24-03-1973,CA,Male,White,Single,Fully Meets,4,2023-03-31,2,5,2,2023-05-25,Project Management,Internal,Passed,4,651.77,48,4
3508,2021-07-13,Area Sales Manager,CCDR,Active,Full-Time,Zone B,Part-Time,Sales,Aerial,26-05-1942,OR,Male,Asian,Single,Fully Meets,5,2023-04-17,1,5,4,2023-04-04,Communication Skills,External,Completed,1,568.22,79,4
3509,2021-04-14,Area Sales Manager,BPC,Active,Part-Time,Zone C,Full-Time,Sales,General - Sga,04-11-1977,KY,Female,Black,Married,Fully Meets,2,2022-12-03,4,5,2,2023-03-04,Leadership Development,External,Completed,4,612.1,44,4
3510,2020-02-10,Area Sales Manager,PYZ,Active,Part-Time,Zone A,Full-Time,Sales,General - Con,17-10-1956,KY,Female,Hispanic,Married,Fully Meets,2,2022-08-22,2,4,3,2022-10-27,Technical Skills,External,Completed,4,473.23,64,4
3511,2021-08-17,Area Sales Manager,WBL,Active,Part-Time,Zone B,Full-Time,Sales,Finance & Accounting,18-02-1997,KY,Female,Asian,Divorced,Fully Meets,4,2023-05-11,5,4,5,2023-04-07,Technical Skills,Internal,Completed,3,344.44,24,4
3514,2020-04-15,Area Sales Manager,BPC,Active,Full-Time,Zone B,Part-Time,Sales,Wireline Construction,03-01-1958,TX,Male,Asian,Married,Fully Meets,1,2022-08-25,2,1,1,2023-02-21,Leadership Development,Internal,Incomplete,3,975.46,62,4
3516,2022-04-07,Area Sales Manager,SVG,Active,Contract,Zone B,Part-Time,Sales,Project Management - Con,25-06-1988,CO,Male,Asian,Divorced,Fully Meets,5,2022-11-15,2,3,5,2023-06-22,Technical Skills,Internal,Incomplete,1,570.42,34,4
3517,2020-02-19,Area Sales Manager,EW,Active,Part-Time,Zone A,Part-Time,Sales,Splicing,04-01-1942,IN,Male,Hispanic,Widowed,Fully Meets,4,2023-01-01,4,1,1,2022-09-17,Technical Skills,Internal,Failed,3,391.31,78,4
3518,2021-04-10,Area Sales Manager,MSC,Active,Contract,Zone B,Part-Time,Sales,General - Eng,24-05-1969,CA,Female,Hispanic,Married,Fully Meets,2,2023-05-13,4,2,5,2023-06-27,Customer Service,Internal,Completed,3,826.58,52,4
3519,2021-12-19,Area Sales Manager,TNS,Active,Part-Time,Zone C,Temporary,Sales,Aerial,28-03-1951,CA,Male,Hispanic,Widowed,Fully Meets,2,2023-06-10,1,3,4,2022-12-11,Leadership Development,External,Incomplete,4,930.69,70,4
3520,2020-12-13,Area Sales Manager,TNS,Active,Full-Time,Zone C,Temporary,Sales,Project Management - Con,01-03-1963,ND,Female,Black,Divorced,Fully Meets,1,2022-09-17,5,1,1,2022-09-11,Customer Service,External,Incomplete,1,607.93,57,4
3521,2019-02-26,Area Sales Manager,WBL,Active,Contract,Zone C,Part-Time,Sales,General - Con,16-04-1949,KY,Female,Asian,Divorced,Fully Meets,4,2022-09-19,1,3,3,2023-02-28,Communication Skills,Internal,Incomplete,5,723.5,70,4
3522,2020-03-02,Area Sales Manager,BPC,Active,Full-Time,Zone C,Part-Time,Sales,Splicing,12-10-1983,KY,Female,Other,Single,Fully Meets,1,2023-07-14,1,5,4,2023-05-05,Communication Skills,External,Completed,5,394.04,37,4
3523,2021-06-25,Area Sales Manager,CCDR,Active,Full-Time,Zone A,Temporary,Sales,General - Con,19-12-1978,KY,Female,Other,Single,Fully Meets,2,2023-02-27,3,2,3,2023-07-10,Leadership Development,External,Incomplete,2,451.18,43,4
3526,2022-09-15,Area Sales Manager,NEL,Active,Full-Time,Zone B,Full-Time,Sales,General - Con,30-05-1948,TX,Male,White,Widowed,Fully Meets,4,2023-01-28,1,5,3,2022-10-15,Customer Service,Internal,Passed,2,360.5,74,4
3527,2020-05-01,Area Sales Manager,PL,Active,Full-Time,Zone B,Temporary,Sales,Aerial,15-10-1974,CO,Male,Black,Married,Fully Meets,1,2023-02-27,1,3,2,2023-01-06,Project Management,Internal,Failed,4,396.28,46,4
3528,2022-10-13,Area Sales Manager,PYZ,Active,Full-Time,Zone C,Part-Time,Sales,Finance & Accounting,13-12-1991,CO,Male,Hispanic,Widowed,Fully Meets,2,2023-05-27,5,2,2,2023-03-02,Technical Skills,External,Passed,1,465.96,31,4
3529,2020-01-03,Area Sales Manager,SVG,Active,Part-Time,Zone C,Full-Time,Sales,Field Operations,18-06-1994,IN,Male,Hispanic,Single,Fully Meets,2,2023-07-15,2,3,4,2022-09-04,Project Management,Internal,Incomplete,1,515.56,26,4
3530,2019-11-13,Area Sales Manager,TNS,Active,Full-Time,Zone B,Part-Time,Sales,Field Operations,16-06-1993,CA,Female,Black,Widowed,Fully Meets,2,2022-11-27,1,2,5,2023-01-18,Customer Service,External,Passed,2,496.85,26,4
3531,2023-06-17,Area Sales Manager,WBL,Active,Full-Time,Zone C,Full-Time,Sales,Project Management - Con,18-05-1943,CA,Male,Black,Divorced,Fully Meets,1,2023-02-24,2,4,4,2022-11-30,Leadership Development,External,Completed,3,629.46,80,4
3532,2021-10-14,Area Sales Manager,EW,Active,Part-Time,Zone B,Full-Time,IT/IS,Wireless,27-11-1966,OR,Female,Black,Widowed,Fully Meets,1,2022-10-08,2,2,5,2023-05-02,Technical Skills,Internal,Failed,2,771.61,55,4
3533,2021-06-01,Area Sales Manager,MSC,Active,Contract,Zone B,Full-Time,Sales,General - Sga,12-11-1966,ND,Male,White,Married,Fully Meets,2,2023-01-08,2,5,2,2023-05-11,Leadership Development,Internal,Completed,4,418.4,55,4
3534,2018-09-14,Area Sales Manager,TNS,Active,Full-Time,Zone A,Full-Time,Sales,Engineers,16-08-1959,KY,Female,Asian,Single,Fully Meets,4,2023-04-14,4,3,2,2023-05-21,Customer Service,Internal,Completed,3,900.96,59,4
3535,2018-12-11,Area Sales Manager,PYZ,Active,Full-Time,Zone A,Temporary,Sales,Fielders,02-02-1994,KY,Female,Black,Single,Fully Meets,4,2022-11-01,1,5,1,2023-06-25,Technical Skills,External,Incomplete,1,936.96,24,4
3536,2022-08-06,Area Sales Manager,WBL,Active,Contract,Zone C,Temporary,Sales,General - Sga,02-01-1989,GA,Female,Black,Single,Fully Meets,2,2022-10-09,1,2,4,2022-11-23,Leadership Development,External,Passed,5,269.03,33,4
3539,2019-12-08,Area Sales Manager,BPC,Active,Full-Time,Zone C,Temporary,Sales,General - Con,27-11-1983,CO,Male,Hispanic,Single,Fully Meets,5,2023-02-06,3,3,4,2023-03-17,Project Management,External,Failed,4,234.77,36,4
3540,2020-03-12,Area Sales Manager,CCDR,Active,Full-Time,Zone B,Part-Time,Sales,Splicing,09-06-1983,CO,Male,White,Widowed,Exceeds,4,2023-06-25,2,2,3,2022-10-26,Communication Skills,External,Incomplete,2,903.46,37,5
3541,2020-04-06,Area Sales Manager,SVG,Active,Full-Time,Zone B,Full-Time,Sales,Field Operations,27-10-1991,IN,Male,Black,Married,Exceeds,2,2022-11-28,1,3,3,2023-05-22,Customer Service,External,Passed,4,380.3,29,5
3542,2023-04-15,Area Sales Manager,EW,Active,Contract,Zone A,Temporary,Sales,Field Operations,01-03-1948,IN,Male,White,Married,Needs Improvement,1,2022-10-18,2,3,4,2022-08-22,Project Management,Internal,Failed,4,511.42,75,2
3543,2020-11-10,Area Sales Manager,MSC,Active,Part-Time,Zone A,Temporary,Sales,General - Con,18-02-1981,CA,Female,Black,Single,Fully Meets,2,2023-02-11,4,5,5,2023-05-21,Communication Skills,External,Passed,4,171.03,39,4
3544,2023-06-29,Area Sales Manager,TNS,Active,Contract,Zone A,Temporary,Sales,Aerial,16-09-2000,CA,Male,Asian,Single,Fully Meets,2,2022-09-14,3,5,3,2023-05-02,Leadership Development,External,Passed,3,842.93,23,4
3545,2022-03-07,Area Sales Manager,EW,Active,Full-Time,Zone C,Temporary,IT/IS,Field Operations,28-01-1943,OR,Female,Black,Widowed,Fully Meets,1,2023-05-27,2,5,2,2023-05-04,Customer Service,External,Incomplete,5,581.12,79,4
3546,2021-07-31,Area Sales Manager,CCDR,Active,Full-Time,Zone B,Part-Time,Sales,General - Con,14-07-1980,ND,Male,Hispanic,Widowed,Exceeds,1,2023-05-10,2,5,5,2022-11-21,Project Management,External,Passed,4,426.45,41,5
3547,2022-01-20,Area Sales Manager,BPC,Active,Contract,Zone B,Full-Time,Sales,Project Management - Eng,25-03-1947,KY,Female,Other,Married,Needs Improvement,2,2022-12-24,2,4,2,2023-04-24,Technical Skills,External,Failed,4,805.05,75,2
3548,2021-07-11,Area Sales Manager,WBL,Active,Part-Time,Zone A,Full-Time,Sales,General - Con,25-01-1964,KY,Female,White,Single,Fully Meets,1,2022-10-06,5,5,3,2022-08-16,Leadership Development,External,Passed,3,368.8,57,4
3549,2018-10-15,Area Sales Manager,TNS,Active,Full-Time,Zone C,Full-Time,Sales,Field Operations,17-03-1955,GA,Female,Black,Divorced,Fully Meets,2,2023-04-19,1,4,1,2022-11-02,Communication Skills,External,Failed,5,788.67,63,4
3551,2018-08-11,Area Sales Manager,PYZ,Active,Part-Time,Zone C,Part-Time,Sales,Engineers,04-07-1954,TX,Male,Black,Married,Needs Improvement,4,2023-06-03,4,4,3,2022-10-27,Communication Skills,External,Incomplete,1,570.13,64,2
3552,2020-02-16,Area Sales Manager,PL,Active,Full-Time,Zone B,Full-Time,Sales,Field Operations,11-08-1942,CO,Male,White,Single,Needs Improvement,1,2022-10-14,3,4,2,2022-11-26,Leadership Development,External,Failed,4,480.87,78,2
3553,2020-01-20,Area Sales Manager,NEL,Active,Contract,Zone C,Temporary,Sales,Field Operations,07-05-1949,CO,Male,Black,Divorced,Fully Meets,4,2022-10-30,4,2,4,2022-12-11,Project Management,Internal,Incomplete,5,689.48,71,4
3554,2019-03-31,Area Sales Manager,MSC,Active,Part-Time,Zone C,Temporary,Sales,People Services,14-10-1958,IN,Male,Asian,Widowed,Fully Meets,1,2023-06-07,2,1,2,2023-06-05,Project Management,Internal,Completed,4,283.33,61,4
3555,2023-01-06,Area Sales Manager,EW,Active,Full-Time,Zone C,Temporary,Sales,General - Eng,11-01-1988,IN,Female,Hispanic,Widowed,Fully Meets,4,2023-01-13,2,5,1,2023-03-04,Leadership Development,External,Passed,4,566.12,35,4
3556,2019-07-18,Area Sales Manager,CCDR,Active,Full-Time,Zone B,Temporary,Sales,Wireline Construction,16-06-1961,CA,Male,White,Single,Exceeds,2,2023-06-11,2,2,3,2023-02-11,Customer Service,Internal,Incomplete,1,513.92,58,5
3557,2019-02-13,Area Sales Manager,BPC,Active,Part-Time,Zone C,Temporary,Sales,Field Operations,06-06-1960,MA,Male,Other,Single,Fully Meets,2,2023-04-20,4,5,2,2023-02-04,Project Management,External,Failed,1,210.38,59,4
3558,2018-12-30,Production Technician I,MSC,Active,Part-Time,Zone A,Part-Time,Production       ,Yard (Material Handling),04-06-1959,MA,Female,Black,Single,Fully Meets,1,2022-10-05,2,5,3,2023-07-18,Technical Skills,Internal,Completed,1,941.54,59,4
3559,2019-11-06,Production Technician I,NEL,Active,Part-Time,Zone C,Full-Time,Production       ,Field Operations,18-11-1991,MA,Male,White,Single,Fully Meets,2,2022-12-27,3,2,1,2022-11-30,Project Management,External,Failed,2,959.81,28,4
3560,2022-06-01,Production Technician I,MSC,Active,Contract,Zone C,Full-Time,Production       ,Field Operations,18-02-1954,MA,Female,Asian,Divorced,Exceeds,4,2023-01-09,2,4,5,2023-05-22,Technical Skills,External,Passed,1,738.92,68,5
3561,2023-03-28,Production Technician II,BPC,Active,Part-Time,Zone C,Temporary,Production       ,General - Con,31-01-1959,MA,Female,White,Married,Fully Meets,5,2022-11-20,2,1,5,2022-09-07,Technical Skills,External,Failed,5,445.04,64,4
3563,2019-01-01,Production Technician I,WBL,Active,Contract,Zone B,Full-Time,Production       ,Field Operations,15-10-1946,MA,Male,Black,Widowed,PIP,4,2023-01-31,4,1,3,2023-04-06,Leadership Development,External,Passed,4,886.9,73,1
3564,2019-01-26,Production Technician II,SVG,Terminated,Full-Time,Zone C,Temporary,Production       ,Aerial,07-11-1994,MA,Female,White,Divorced,Fully Meets,1,2023-03-12,4,4,3,2022-12-10,Technical Skills,External,Incomplete,4,106.14,25,4
3565,2021-09-11,Production Technician I,WBL,Active,Part-Time,Zone B,Full-Time,Production       ,General - Con,10-05-1968,MA,Male,Other,Divorced,Fully Meets,4,2022-09-29,5,5,5,2023-05-06,Project Management,External,Passed,4,684.35,53,4
3566,2021-09-26,Production Technician II,PL,Active,Part-Time,Zone A,Part-Time,Production       ,Aerial,05-10-1963,MA,Male,Black,Single,Fully Meets,2,2023-01-27,1,2,3,2022-09-05,Communication Skills,Internal,Failed,2,578.81,58,4
3567,2023-03-04,Production Technician I,EW,Active,Full-Time,Zone C,Full-Time,Production       ,General - Sga,02-09-1966,MA,Male,Asian,Widowed,Fully Meets,4,2023-08-04,2,3,2,2023-06-09,Customer Service,Internal,Completed,5,764.51,57,4
3568,2023-07-11,Production Technician I,EW,Terminated,Full-Time,Zone B,Part-Time,Production       ,Field Operations,08-12-1974,MA,Male,Asian,Divorced,Fully Meets,2,2023-02-07,2,4,1,2022-08-23,Project Management,Internal,Incomplete,2,201.76,49,4
3569,2019-02-09,Production Technician I,MSC,Active,Part-Time,Zone B,Temporary,Production       ,Catv,19-07-1995,MA,Female,Hispanic,Divorced,Fully Meets,2,2022-12-24,1,3,5,2022-11-09,Technical Skills,External,Incomplete,4,730.04,24,4
3570,2019-04-19,Production Technician II,TNS,Terminated,Full-Time,Zone B,Temporary,Production       ,Fielders,23-11-1974,MA,Female,Asian,Married,Fully Meets,1,2023-01-02,2,5,3,2023-03-29,Project Management,External,Failed,2,796.88,45,4
3571,2022-07-07,Production Technician I,NEL,Terminated,Part-Time,Zone C,Full-Time,Production       ,Field Operations,29-08-1947,MA,Female,White,Widowed,Fully Meets,4,2022-11-23,4,1,5,2023-08-04,Project Management,External,Completed,3,834.44,75,4
3572,2019-03-12,Production Technician I,WBL,Active,Contract,Zone A,Part-Time,Production       ,Fielders,07-06-1994,MA,Male,White,Single,Fully Meets,5,2022-12-05,5,5,5,2023-05-19,Leadership Development,Internal,Failed,5,569.17,25,4
3573,2020-03-09,Production Technician I,NEL,Active,Contract,Zone B,Full-Time,Production       ,Field Operations,26-10-1983,MA,Female,Asian,Divorced,Exceeds,4,2022-12-31,4,1,1,2022-10-06,Customer Service,Internal,Completed,4,386.07,37,5
3575,2021-04-28,Production Technician I,MSC,Terminated,Part-Time,Zone A,Temporary,Production       ,Field Operations,05-03-1987,MA,Male,Hispanic,Single,Exceeds,5,2023-06-26,5,1,5,2022-12-12,Technical Skills,Internal,Incomplete,3,583.21,34,5
3576,2021-07-21,Production Technician II,PL,Active,Full-Time,Zone B,Full-Time,Production       ,Engineers,26-04-1992,MA,Female,Asian,Single,Exceeds,4,2023-03-23,2,3,3,2023-02-02,Project Management,External,Completed,5,398.65,29,5
3577,2019-09-15,Production Technician I,BPC,Active,Part-Time,Zone C,Temporary,Production       ,Field Operations,30-05-1957,MA,Male,White,Widowed,Fully Meets,4,2022-08-14,5,4,5,2023-01-26,Communication Skills,Internal,Passed,5,931.46,62,4
3578,2019-05-04,Production Technician I,WBL,Active,Full-Time,Zone A,Temporary,Production       ,Field Operations,30-05-1957,MA,Male,Hispanic,Married,Exceeds,2,2022-10-14,1,4,2,2022-12-01,Project Management,External,Completed,5,115.06,62,5
3579,2021-05-20,Production Technician II,BPC,Active,Full-Time,Zone C,Part-Time,Production       ,Field Operations,15-11-1946,MA,Female,Asian,Widowed,Needs Improvement,4,2023-04-27,5,3,3,2023-04-27,Communication Skills,External,Failed,2,199.82,75,2
3580,2019-12-16,Production Technician I,PYZ,Active,Full-Time,Zone C,Full-Time,Production       ,Field Operations,21-04-1942,MA,Male,Other,Married,Fully Meets,4,2022-10-21,2,4,3,2022-11-04,Communication Skills,Internal,Failed,5,940.2,77,4
3581,2020-11-20,Production Technician I,SVG,Active,Full-Time,Zone A,Part-Time,Production       ,Wireline Construction,08-03-1943,MA,Male,Other,Divorced,Fully Meets,2,2022-08-29,3,4,4,2023-01-29,Communication Skills,External,Completed,1,122.07,77,4
3582,2020-08-19,Production Technician I,TNS,Active,Part-Time,Zone B,Part-Time,Production       ,Yard (Material Handling),09-08-1968,MA,Male,Asian,Widowed,Fully Meets,4,2022-09-17,2,2,5,2022-09-09,Communication Skills,Internal,Completed,4,875.02,52,4
3583,2021-04-28,Production Technician I,WBL,Active,Full-Time,Zone C,Temporary,Production       ,Field Operations,20-11-1958,MA,Female,White,Married,Needs Improvement,4,2023-07-05,4,1,4,2023-03-18,Communication Skills,Internal,Incomplete,4,116.4,63,2
3584,2020-08-14,Production Technician I,BPC,Active,Contract,Zone C,Full-Time,Production       ,Field Operations,07-11-1987,MA,Female,Other,Married,Fully Meets,4,2023-05-28,2,2,5,2022-12-15,Technical Skills,External,Passed,5,341.78,33,4
3585,2021-12-22,Production Technician I,CCDR,Active,Full-Time,Zone A,Full-Time,Production       ,Yard (Material Handling),16-07-1992,MA,Female,Black,Divorced,Fully Meets,4,2023-01-12,1,2,3,2023-02-14,Communication Skills,Internal,Completed,4,107.48,29,4
3586,2019-02-01,Production Technician I,EW,Active,Part-Time,Zone B,Full-Time,Production       ,People Services,27-12-2000,MA,Female,Hispanic,Single,Fully Meets,2,2023-01-31,4,2,4,2022-09-30,Communication Skills,External,Completed,1,502.7,19,4
3587,2021-05-10,Production Technician I,MSC,Active,Full-Time,Zone B,Temporary,Production       ,General - Eng,25-12-1977,MA,Male,Other,Divorced,Fully Meets,2,2023-05-24,1,2,2,2023-03-22,Leadership Development,External,Completed,5,570.04,44,4
3588,2019-06-25,Production Technician I,NEL,Active,Full-Time,Zone C,Full-Time,Production       ,Shop (Fleet),08-03-1972,MA,Male,Black,Widowed,Fully Meets,2,2023-05-10,4,2,1,2023-03-23,Communication Skills,External,Passed,1,538.83,47,4
3589,2019-04-25,Production Technician I,PL,Active,Contract,Zone B,Temporary,Production       ,Field Operations,02-08-1951,MA,Male,White,Single,Fully Meets,1,2022-09-18,2,3,2,2023-01-07,Communication Skills,Internal,Incomplete,4,881.8,68,4
3593,2020-05-30,Production Technician I,WBL,Active,Contract,Zone A,Full-Time,Production       ,General - Con,11-11-1949,MA,Male,Asian,Married,Fully Meets,1,2022-10-07,4,4,3,2023-06-15,Project Management,Internal,Incomplete,3,258.07,71,4
3594,2018-12-11,Production Technician I,PYZ,Active,Part-Time,Zone B,Part-Time,Production       ,Field Operations,14-03-1968,MA,Male,Black,Married,Needs Improvement,1,2023-01-23,1,5,1,2023-05-05,Leadership Development,Internal,Passed,5,472.64,50,2
3595,2020-09-22,Production Technician I,WBL,Active,Contract,Zone A,Temporary,Production       ,Engineers,02-03-1952,MA,Male,Other,Divorced,Fully Meets,1,2023-01-19,2,3,1,2023-02-21,Technical Skills,External,Passed,2,252.88,68,4
3596,2019-07-28,Production Technician I,NEL,Active,Part-Time,Zone C,Full-Time,Production       ,Splicing,19-07-1982,MA,Male,Other,Single,Needs Improvement,2,2022-10-19,4,3,4,2022-12-14,Technical Skills,Internal,Incomplete,2,289.68,37,2
3598,2018-09-28,Production Technician II,SVG,Terminated,Part-Time,Zone A,Full-Time,Production       ,Project Management - Eng,06-10-1950,MA,Female,Other,Married,Needs Improvement,1,2023-07-01,2,5,4,2022-10-11,Technical Skills,Internal,Passed,3,373.87,68,2
3599,2020-04-12,Production Technician II,TNS,Active,Part-Time,Zone A,Temporary,Production       ,General - Con,31-03-1950,MA,Female,White,Divorced,Fully Meets,2,2023-03-02,4,4,2,2023-03-02,Leadership Development,Internal,Completed,5,918.86,70,4
3600,2022-11-01,Production Technician II,WBL,Active,Contract,Zone B,Temporary,Production       ,Field Operations,07-10-1949,MA,Female,White,Single,Fully Meets,2,2023-07-04,2,1,4,2022-11-01,Leadership Development,Internal,Passed,4,299.7,73,4
3601,2022-11-21,Production Technician II,BPC,Active,Part-Time,Zone B,Full-Time,Production       ,Wireline Construction,22-07-1966,MA,Female,White,Married,Fully Meets,5,2022-09-01,1,1,2,2023-01-03,Project Management,External,Completed,1,865.58,56,4
3602,2021-04-11,Production Technician II,CCDR,Terminated,Full-Time,Zone B,Part-Time,Production       ,Engineers,12-10-1994,MA,Female,Hispanic,Married,Fully Meets,5,2023-08-04,3,3,3,2023-04-09,Technical Skills,External,Incomplete,1,632.59,27,4
3603,2018-11-29,Production Technician II,EW,Terminated,Full-Time,Zone A,Part-Time,Production       ,Field Operations,15-02-1977,MA,Female,White,Married,Fully Meets,2,2022-10-08,5,1,3,2022-10-02,Technical Skills,External,Incomplete,3,680.48,41,4
3604,2019-01-16,Production Technician II,MSC,Active,Part-Time,Zone B,Full-Time,Production       ,Field Operations,09-03-1948,MA,Female,Hispanic,Divorced,Needs Improvement,4,2022-12-15,3,5,4,2023-03-23,Project Management,External,Failed,3,287.71,71,2
3605,2019-09-18,Production Technician I,CCDR,Active,Contract,Zone C,Temporary,Production       ,Engineers,25-08-1943,MA,Male,Other,Divorced,Fully Meets,4,2023-07-09,5,1,3,2022-11-17,Communication Skills,External,Passed,2,102.92,76,4
3606,2019-08-01,Production Technician I,SVG,Terminated,Part-Time,Zone C,Full-Time,Production       ,Billable Consultants,13-03-1965,MA,Male,Other,Divorced,Fully Meets,3,2023-03-27,3,5,1,2022-10-31,Project Management,Internal,Passed,2,255.6,54,4
3607,2019-06-18,Production Technician I,EW,Active,Full-Time,Zone A,Full-Time,Production       ,Project Management - Con,03-08-1976,MA,Male,Other,Married,Fully Meets,5,2023-07-18,2,4,1,2023-05-04,Customer Service,External,Passed,4,321.91,43,4
3608,2019-02-13,Production Technician I,MSC,Active,Full-Time,Zone C,Part-Time,Production       ,Field Operations,06-07-1979,MA,Male,Other,Married,Fully Meets,3,2023-01-12,1,3,1,2023-03-14,Project Management,External,Completed,3,834.12,40,4
3609,2021-06-02,Production Technician I,TNS,Active,Contract,Zone B,Full-Time,Production       ,Shop (Fleet),09-06-1993,MA,Female,Other,Widowed,Fully Meets,3,2022-11-05,2,2,4,2022-09-23,Customer Service,Internal,Passed,4,273.88,28,4
3610,2018-10-11,Production Technician I,PYZ,Active,Part-Time,Zone C,Full-Time,Production       ,Field Operations,07-04-1973,MA,Female,Other,Single,Fully Meets,3,2022-12-14,4,5,5,2023-02-15,Customer Service,Internal,Incomplete,4,217.57,45,4
3611,2021-03-09,Production Technician I,WBL,Active,Contract,Zone C,Full-Time,Production       ,Project Management - Con,20-01-1952,MA,Female,Hispanic,Married,Fully Meets,2,2022-09-16,2,3,4,2023-01-07,Customer Service,Internal,Completed,1,482.09,69,4
3612,2022-01-23,Production Technician I,NEL,Active,Contract,Zone A,Part-Time,Production       ,Field Operations,25-12-1984,MA,Male,Black,Single,PIP,4,2023-07-07,5,3,3,2023-07-03,Leadership Development,External,Failed,2,614.11,38,1
3613,2019-02-24,Production Technician I,PL,Active,Contract,Zone B,Part-Time,Production       ,Field Operations,14-06-1973,MA,Male,Asian,Married,Exceeds,1,2022-10-13,1,5,2,2022-10-08,Customer Service,Internal,Incomplete,1,354.22,46,5
3614,2020-01-08,Production Technician I,BPC,Active,Contract,Zone B,Temporary,Production       ,Project Management - Con,31-08-1973,MA,Male,White,Married,Fully Meets,2,2023-07-04,4,5,1,2023-06-04,Leadership Development,External,Passed,3,868.85,47,4
3616,2022-02-12,Production Technician I,SVG,Active,Contract,Zone C,Full-Time,Production       ,General - Con,24-03-1981,MA,Female,Hispanic,Married,Fully Meets,4,2023-08-04,1,1,1,2023-01-30,Customer Service,Internal,Incomplete,4,134.93,41,4
3617,2023-02-01,Production Technician I,EW,Active,Full-Time,Zone C,Full-Time,Production       ,Wireline Construction,18-02-1961,MA,Female,Hispanic,Married,Fully Meets,1,2023-02-26,2,3,3,2023-04-09,Customer Service,Internal,Completed,5,531.1,62,4
3618,2023-02-04,Production Technician I,MSC,Active,Part-Time,Zone B,Temporary,Production       ,Splicing,05-05-1944,MA,Male,Black,Married,Fully Meets,3,2022-12-06,3,4,5,2022-12-26,Leadership Development,External,Passed,3,609.3,79,4
3619,2023-03-23,Production Technician I,TNS,Active,Full-Time,Zone A,Full-Time,Production       ,General - Con,17-03-1984,MA,Male,Asian,Married,Fully Meets,3,2023-04-30,1,5,2,2022-11-10,Project Management,Internal,Passed,2,656.68,39,4
3620,2023-03-22,Production Technician I,PYZ,Active,Part-Time,Zone A,Temporary,Production       ,General - Eng,12-10-1994,MA,Male,Hispanic,Married,Fully Meets,2,2022-08-29,1,2,2,2022-12-20,Technical Skills,Internal,Completed,3,654.22,29,4
3621,2018-11-28,Production Technician I,WBL,Active,Contract,Zone A,Full-Time,Production       ,Wireless,09-09-1997,MA,Male,White,Married,Fully Meets,2,2023-06-23,2,3,2,2023-07-15,Leadership Development,External,Passed,3,879.89,21,4
3622,2020-07-09,Production Technician II,SVG,Active,Part-Time,Zone A,Temporary,Production       ,Field Operations,16-10-1995,MA,Female,Hispanic,Divorced,Fully Meets,3,2023-07-26,3,1,5,2023-05-11,Project Management,External,Completed,1,977.23,25,4
3623,2019-02-11,Production Technician II,EW,Active,Part-Time,Zone A,Full-Time,Production       ,Engineers,25-04-1958,MA,Female,Asian,Divorced,Fully Meets,3,2022-12-04,2,2,5,2023-08-03,Project Management,External,Completed,2,763.37,61,4
3624,2020-01-09,Production Technician II,MSC,Active,Part-Time,Zone B,Part-Time,Production       ,Technology / It,04-02-1996,MA,Female,Asian,Married,Fully Meets,4,2023-01-09,2,2,2,2023-04-05,Communication Skills,External,Passed,5,962.13,24,4
3625,2021-11-11,Production Technician II,TNS,Terminated,Contract,Zone B,Part-Time,Production       ,Engineers,14-12-1975,MA,Female,Asian,Single,Fully Meets,5,2022-08-28,5,2,4,2023-03-26,Technical Skills,External,Incomplete,2,617.27,46,4
3626,2021-05-15,Production Technician II,PYZ,Active,Full-Time,Zone B,Temporary,Production       ,Field Operations,28-10-1993,MA,Female,Asian,Single,Fully Meets,2,2023-02-24,2,5,1,2022-09-25,Communication Skills,Internal,Failed,2,559.78,28,4
3627,2019-08-21,Production Technician II,WBL,Terminated,Contract,Zone C,Full-Time,Production       ,Field Operations,23-02-1967,MA,Female,Black,Married,Fully Meets,3,2023-01-29,1,1,4,2022-08-30,Leadership Development,Internal,Incomplete,5,113.89,52,4
3628,2020-09-18,Production Technician II,NEL,Active,Contract,Zone B,Part-Time,Production       ,Engineers,27-01-1946,MA,Female,Hispanic,Married,Fully Meets,3,2023-05-27,4,3,1,2022-09-25,Leadership Development,Internal,Incomplete,4,858.62,74,4
3629,2022-08-27,Production Technician I,NEL,Terminated,Contract,Zone B,Full-Time,Production       ,Field Operations,26-11-1983,MA,Male,Black,Divorced,Fully Meets,5,2022-11-18,2,4,4,2023-07-30,Technical Skills,Internal,Incomplete,1,343.76,39,4
3630,2019-02-23,Production Technician I,MSC,Active,Contract,Zone B,Full-Time,Production       ,Field Operations,07-05-1965,MA,Male,Other,Widowed,Fully Meets,5,2022-10-19,5,3,2,2022-09-24,Technical Skills,Internal,Failed,5,507.58,54,4
3631,2022-08-08,Production Technician I,EW,Active,Contract,Zone C,Full-Time,Production       ,Wireline Construction,28-04-1947,MA,Male,Other,Divorced,Fully Meets,3,2023-02-10,4,1,5,2023-04-10,Customer Service,Internal,Completed,1,691.12,75,4
3632,2022-09-24,Production Technician I,CCDR,Active,Contract,Zone C,Full-Time,Production       ,Field Operations,03-10-1945,MA,Male,Asian,Married,Fully Meets,3,2023-02-27,3,4,5,2023-06-23,Technical Skills,Internal,Completed,2,174.85,77,4
3633,2022-03-21,Production Technician I,BPC,Active,Contract,Zone B,Temporary,Production       ,Aerial,24-03-1987,MA,Female,Hispanic,Single,Fully Meets,5,2022-11-04,4,4,4,2022-12-01,Communication Skills,Internal,Incomplete,3,699.39,35,4
3634,2023-06-23,Production Technician I,PYZ,Active,Part-Time,Zone B,Full-Time,Production       ,General - Sga,26-04-1962,MA,Female,Other,Married,Fully Meets,5,2023-06-25,2,5,2,2022-09-15,Technical Skills,External,Incomplete,3,254.68,61,4
3635,2020-10-26,Production Technician I,WBL,Active,Part-Time,Zone C,Part-Time,Production       ,Yard (Material Handling),12-03-1978,MA,Female,Hispanic,Single,Fully Meets,4,2022-10-07,1,5,4,2023-06-13,Technical Skills,External,Failed,2,534.55,42,4
3636,2020-01-29,Production Technician I,NEL,Active,Contract,Zone B,Temporary,Production       ,Catv,13-03-1982,MA,Male,Asian,Divorced,Fully Meets,3,2022-12-08,3,5,3,2022-08-26,Communication Skills,External,Passed,3,795.72,38,4
3637,2022-04-23,Production Technician I,PL,Active,Full-Time,Zone C,Full-Time,Production       ,Aerial,17-04-1995,MA,Male,Asian,Divorced,Fully Meets,3,2023-05-07,2,1,3,2023-03-21,Project Management,External,Completed,4,977.23,27,4
3638,2023-06-15,Production Technician I,BPC,Active,Full-Time,Zone C,Part-Time,Production       ,Field Operations,10-12-1978,MA,Male,Hispanic,Single,Fully Meets,3,2023-05-15,4,5,1,2023-01-01,Customer Service,Internal,Completed,3,370.79,45,4
3640,2023-01-07,Production Technician I,SVG,Active,Contract,Zone A,Temporary,Production       ,Field Operations,21-09-2000,MA,Female,Asian,Divorced,Fully Meets,3,2023-07-25,2,1,2,2023-01-31,Communication Skills,External,Passed,1,699.48,23,4
3643,2020-04-16,Production Technician I,TNS,Active,Full-Time,Zone A,Full-Time,Production       ,Catv,22-03-1961,MA,Male,Asian,Single,Fully Meets,3,2023-06-18,1,5,3,2023-03-27,Leadership Development,Internal,Completed,4,712.43,59,4
3644,2022-06-16,Production Technician I,PYZ,Active,Part-Time,Zone B,Full-Time,Production       ,Field Operations,24-06-1986,MA,Male,Black,Married,Fully Meets,3,2022-11-11,4,4,4,2023-02-06,Technical Skills,Internal,Incomplete,1,504.66,36,4
3645,2019-07-22,Production Technician I,WBL,Active,Part-Time,Zone C,Full-Time,Production       ,General - Con,16-09-1977,MA,Male,Asian,Single,Fully Meets,3,2023-06-08,1,3,3,2023-05-06,Leadership Development,External,Incomplete,5,398.36,42,4
3646,2023-04-22,Production Technician II,SVG,Active,Part-Time,Zone A,Full-Time,Production       ,Splicing,01-01-1968,MA,Female,Hispanic,Widowed,Fully Meets,3,2023-07-30,5,4,4,2023-07-22,Communication Skills,External,Failed,4,533.61,55,4
3647,2020-12-28,Production Technician II,EW,Terminated,Part-Time,Zone A,Part-Time,Production       ,Engineers,24-07-1966,MA,Female,Black,Single,Fully Meets,3,2022-12-28,2,4,4,2022-08-10,Technical Skills,Internal,Completed,4,199.55,54,4
3648,2022-02-23,Production Technician II,MSC,Active,Contract,Zone A,Full-Time,Production       ,Aerial,27-06-1948,MA,Female,Other,Divorced,Exceeds,4,2022-09-28,3,3,5,2023-02-26,Leadership Development,Internal,Completed,2,325.78,74,5
3649,2022-08-13,Production Technician II,TNS,Active,Contract,Zone A,Part-Time,Production       ,Field Operations,06-06-1968,MA,Female,White,Married,Exceeds,4,2022-09-08,1,2,2,2022-12-18,Leadership Development,External,Completed,4,336.33,54,5
3650,2019-10-03,Production Technician II,PYZ,Terminated,Full-Time,Zone B,Part-Time,Production       ,Field Operations,25-12-1991,MA,Female,White,Divorced,Fully Meets,3,2023-06-30,3,2,4,2023-01-09,Communication Skills,External,Passed,4,242.71,28,4
3651,2019-10-14,Production Technician II,WBL,Active,Full-Time,Zone C,Full-Time,Production       ,General - Con,19-01-1991,MA,Female,White,Single,Fully Meets,3,2022-10-25,1,4,1,2023-05-14,Leadership Development,Internal,Failed,4,651.28,28,4
3652,2019-08-30,Production Technician I,NEL,Terminated,Part-Time,Zone C,Part-Time,Production       ,Field Operations,16-08-1946,MA,Male,Other,Married,Fully Meets,3,2022-09-01,1,5,2,2023-01-31,Communication Skills,External,Incomplete,3,962.45,73,4
3653,2021-02-04,Production Technician I,PL,Terminated,Contract,Zone B,Part-Time,Production       ,General - Con,29-06-1995,MA,Male,Asian,Widowed,Exceeds,3,2023-05-31,4,4,3,2023-01-20,Customer Service,External,Failed,1,791.72,26,5
3654,2022-11-23,Production Technician I,PYZ,Active,Part-Time,Zone A,Part-Time,Production       ,Aerial,30-03-1995,MA,Male,Asian,Divorced,Exceeds,4,2023-01-02,2,4,1,2023-04-11,Project Management,Internal,Incomplete,4,553.86,27,5
3655,2023-02-25,Production Technician I,SVG,Active,Part-Time,Zone C,Full-Time,Production       ,Engineers,20-10-1998,MA,Male,Asian,Married,Fully Meets,3,2023-04-05,1,5,1,2023-01-04,Technical Skills,External,Passed,1,735.72,25,4
3656,2019-12-15,Production Technician I,TNS,Active,Part-Time,Zone B,Part-Time,Production       ,Underground,14-04-2001,MA,Male,Hispanic,Divorced,Exceeds,5,2022-11-14,5,3,2,2023-06-14,Project Management,Internal,Failed,4,867.03,18,5
3657,2021-08-29,Production Technician I,WBL,Active,Part-Time,Zone C,Full-Time,Production       ,General - Con,04-03-1992,MA,Female,Black,Single,Fully Meets,4,2023-03-26,4,2,4,2023-05-26,Project Management,External,Incomplete,1,710.14,29,4
3658,2022-11-04,Production Technician I,BPC,Active,Part-Time,Zone C,Temporary,Production       ,Project Management - Con,25-11-1966,MA,Female,Black,Divorced,Fully Meets,3,2023-08-02,5,4,2,2022-08-18,Leadership Development,External,Incomplete,2,799.88,56,4
3659,2019-10-02,Production Technician I,CCDR,Active,Full-Time,Zone A,Part-Time,Production       ,Field Operations,30-10-1989,MA,Male,Other,Divorced,Exceeds,1,2022-08-26,3,1,5,2023-01-27,Leadership Development,External,Passed,5,242.87,30,5
3660,2019-05-24,Production Technician I,EW,Active,Full-Time,Zone A,Full-Time,Production       ,Field Operations,21-06-1974,MA,Male,Hispanic,Single,Exceeds,3,2022-08-30,3,2,4,2023-05-19,Leadership Development,Internal,Passed,4,849.77,45,5
3661,2022-02-28,Production Technician I,MSC,Active,Contract,Zone C,Temporary,Production       ,Executive,22-05-1952,MA,Male,Asian,Married,Fully Meets,3,2023-07-06,3,2,5,2023-05-06,Customer Service,External,Passed,2,471.5,70,4
3662,2023-06-13,Production Technician I,NEL,Active,Full-Time,Zone B,Temporary,Production       ,Wireline Construction,18-04-1973,MA,Male,Other,Married,Exceeds,2,2023-07-14,3,5,3,2023-05-20,Customer Service,Internal,Passed,1,535.93,50,5
3665,2019-11-22,Production Technician I,SVG,Active,Full-Time,Zone B,Temporary,Production       ,Field Operations,30-03-1985,MA,Male,Asian,Married,Fully Meets,3,2023-03-02,5,2,1,2023-01-09,Project Management,Internal,Passed,3,752.33,34,4
3666,2022-04-29,Production Technician I,TNS,Active,Full-Time,Zone A,Full-Time,Production       ,Field Operations,19-05-1956,MA,Male,Hispanic,Single,Fully Meets,3,2023-04-26,5,2,1,2023-08-02,Project Management,Internal,Completed,3,343.52,66,4
3667,2022-12-11,Production Technician I,WBL,Active,Part-Time,Zone B,Temporary,Production       ,Billable Consultants,23-08-1998,MA,Male,Black,Single,Fully Meets,3,2022-11-18,1,1,2,2023-02-03,Leadership Development,Internal,Completed,3,860.31,24,4
3668,2023-08-06,Production Technician I,BPC,Active,Full-Time,Zone C,Full-Time,Production       ,Underground,24-05-1996,MA,Male,Asian,Widowed,Needs Improvement,3,2023-06-29,1,5,1,2022-11-28,Customer Service,External,Completed,4,265.55,27,2
3669,2020-03-28,Production Technician I,CCDR,Terminated,Contract,Zone A,Temporary,Production       ,Finance & Accounting,16-01-1967,MA,Male,Black,Widowed,Fully Meets,3,2023-04-11,4,2,4,2023-08-03,Project Management,Internal,Completed,1,183.85,53,4
3670,2022-08-11,Production Technician II,SVG,Active,Full-Time,Zone A,Full-Time,Production       ,Billable Consultants,17-01-1969,MA,Female,Hispanic,Widowed,Needs Improvement,3,2022-08-16,2,2,3,2022-09-25,Project Management,External,Completed,5,942.09,53,2
3671,2023-01-26,Production Technician II,EW,Terminated,Part-Time,Zone A,Temporary,Production       ,Splicing,29-12-1989,MA,Female,Asian,Divorced,Needs Improvement,3,2023-01-10,3,4,5,2023-01-20,Communication Skills,External,Passed,4,381.94,34,2
3672,2019-01-14,Production Technician II,MSC,Active,Part-Time,Zone A,Full-Time,Production       ,General - Con,24-02-1991,MA,Female,Asian,Divorced,Fully Meets,3,2022-11-30,3,2,4,2022-08-29,Project Management,External,Failed,1,358.73,28,4
3673,2022-06-11,Production Technician II,TNS,Terminated,Full-Time,Zone B,Temporary,Production       ,People Services,19-02-1973,MA,Female,Other,Widowed,Fully Meets,3,2023-06-08,3,3,1,2023-03-21,Customer Service,External,Passed,3,578.02,49,4
3674,2020-06-25,Production Technician II,BPC,Terminated,Part-Time,Zone C,Part-Time,Production       ,Engineers,01-05-1996,MA,Female,Other,Single,Fully Meets,3,2023-04-02,4,4,3,2022-11-08,Project Management,Internal,Completed,2,223.29,24,4
3675,2020-06-08,Production Technician II,CCDR,Active,Full-Time,Zone C,Full-Time,Production       ,Engineers,28-08-1952,MA,Female,Hispanic,Divorced,Fully Meets,3,2023-05-05,5,3,2,2022-09-07,Customer Service,Internal,Passed,5,992.37,68,4
3676,2018-08-29,Production Technician I,BPC,Active,Contract,Zone B,Part-Time,Production       ,Yard (Material Handling),29-11-1993,MA,Male,Black,Divorced,Fully Meets,3,2022-09-07,3,4,1,2023-02-10,Customer Service,Internal,Failed,5,113.48,25,4
3677,2022-10-01,Production Technician I,CCDR,Active,Full-Time,Zone A,Full-Time,Production       ,Field Operations,04-02-1960,MA,Male,Hispanic,Single,Fully Meets,3,2023-07-25,3,5,5,2022-10-05,Leadership Development,External,Incomplete,4,882.2,62,4
3678,2021-07-22,Production Technician I,SVG,Active,Full-Time,Zone A,Full-Time,Production       ,General - Eng,24-05-1999,MA,Male,Asian,Single,Fully Meets,3,2022-11-20,3,4,4,2022-09-06,Customer Service,Internal,Incomplete,2,288.16,22,4
3679,2019-12-14,Production Technician I,EW,Active,Full-Time,Zone A,Full-Time,Production       ,Engineers,16-07-1989,MA,Male,Asian,Divorced,Fully Meets,3,2022-10-26,4,2,5,2023-01-16,Leadership Development,External,Completed,1,815.52,30,4
3680,2020-03-27,Production Technician I,MSC,Active,Part-Time,Zone B,Full-Time,Production       ,Underground,14-09-1985,MA,Female,Other,Divorced,Fully Meets,3,2023-04-23,3,2,3,2023-05-15,Leadership Development,Internal,Completed,4,461.06,35,4
3681,2021-11-25,Production Technician I,TNS,Active,Part-Time,Zone B,Temporary,Production       ,Engineers,17-03-1976,MA,Female,Black,Widowed,Fully Meets,3,2022-08-13,5,2,5,2023-03-22,Customer Service,External,Incomplete,2,580.16,45,4
3682,2023-07-08,Production Technician I,PYZ,Active,Full-Time,Zone C,Temporary,Production       ,Field Operations,28-04-1943,MA,Female,Black,Single,Fully Meets,4,2023-07-30,3,3,3,2022-10-17,Communication Skills,External,Incomplete,3,336.69,80,4
3683,2021-11-02,Production Technician I,WBL,Active,Part-Time,Zone C,Temporary,Production       ,Finance & Accounting,06-01-1956,MA,Male,Other,Divorced,Fully Meets,3,2022-10-25,2,1,5,2022-12-28,Project Management,Internal,Completed,1,990.69,65,4
3684,2019-12-01,Production Technician I,NEL,Active,Contract,Zone C,Part-Time,Production       ,Field Operations,03-08-1954,MA,Male,Hispanic,Widowed,Fully Meets,3,2023-04-16,5,5,3,2022-10-29,Communication Skills,Internal,Completed,2,939.39,65,4
3685,2022-08-16,Production Technician I,PL,Active,Full-Time,Zone C,Full-Time,Production       ,Project Management - Con,22-06-1986,MA,Male,Asian,Widowed,Fully Meets,3,2023-01-03,4,3,4,2023-01-06,Leadership Development,External,Passed,1,941.12,36,4
3687,2019-05-17,Production Technician I,CCDR,Active,Part-Time,Zone B,Temporary,Production       ,Field Operations,20-08-1944,MA,Female,White,Divorced,Exceeds,1,2022-09-02,2,4,5,2022-12-26,Customer Service,External,Incomplete,3,614.53,75,5
3689,2021-07-16,Production Technician I,EW,Active,Contract,Zone A,Temporary,Production       ,Field Operations,29-12-1960,MA,Male,Asian,Married,Exceeds,3,2022-08-17,4,4,3,2023-02-25,Communication Skills,External,Passed,1,734.94,61,5
3690,2020-08-04,Production Technician I,MSC,Active,Part-Time,Zone A,Temporary,Production       ,Yard (Material Handling),14-11-1950,MA,Male,White,Single,Needs Improvement,3,2023-05-31,4,3,5,2023-04-03,Technical Skills,Internal,Completed,5,589.5,70,2
3691,2020-11-23,Production Technician I,TNS,Active,Part-Time,Zone C,Full-Time,Production       ,Finance & Accounting,03-01-1993,MA,Male,Asian,Single,Needs Improvement,1,2022-12-07,1,1,5,2023-03-06,Leadership Development,Internal,Completed,3,311.28,27,2
3692,2019-11-11,Production Technician I,PYZ,Active,Full-Time,Zone B,Part-Time,Production       ,Aerial,15-12-1979,MA,Male,Black,Widowed,Needs Improvement,3,2023-02-17,4,5,3,2023-03-29,Technical Skills,Internal,Passed,5,671.88,40,2
3693,2019-05-20,Production Technician II,SVG,Active,Part-Time,Zone B,Temporary,Production       ,Project Management - Con,01-08-1977,MA,Female,White,Married,Exceeds,2,2023-04-09,3,1,1,2023-01-24,Project Management,External,Completed,1,861.5,42,5
3694,2019-11-05,Production Technician II,EW,Terminated,Full-Time,Zone A,Part-Time,Production       ,Field Operations,11-03-1961,MA,Female,Hispanic,Married,PIP,4,2023-03-20,3,3,5,2023-05-19,Leadership Development,External,Completed,2,649.18,58,1
3695,2018-09-20,Production Technician II,MSC,Terminated,Contract,Zone C,Temporary,Production       ,Catv,28-11-1989,MA,Female,Hispanic,Divorced,PIP,4,2022-08-28,1,1,4,2023-01-08,Project Management,External,Failed,4,492.2,29,1
3696,2020-09-02,Production Technician II,TNS,Terminated,Contract,Zone B,Part-Time,Production       ,Wireless,07-10-1989,MA,Female,Hispanic,Widowed,PIP,3,2022-12-01,2,1,2,2023-01-13,Technical Skills,Internal,Passed,2,299.59,31,1
3697,2020-06-28,Production Technician II,PYZ,Active,Full-Time,Zone A,Part-Time,Production       ,Field Operations,26-12-1992,MA,Female,Other,Single,PIP,4,2023-07-20,3,4,1,2023-04-24,Technical Skills,Internal,Failed,2,982.33,28,1
3698,2023-03-22,Production Technician II,WBL,Active,Full-Time,Zone A,Full-Time,Production       ,Catv,12-06-1984,MA,Female,Hispanic,Married,PIP,3,2023-01-19,2,5,4,2022-12-24,Leadership Development,External,Passed,2,830.36,39,1
3699,2022-08-30,Production Technician I,PYZ,Terminated,Part-Time,Zone B,Temporary,Production       ,Engineers,31-01-1977,MA,Male,Asian,Divorced,PIP,2,2023-06-21,2,4,3,2022-08-19,Customer Service,External,Passed,1,973.34,45,1
3700,2019-10-24,Production Technician I,PL,Active,Part-Time,Zone A,Temporary,Production       ,Wireline Construction,12-04-1988,MA,Male,Hispanic,Divorced,PIP,1,2023-01-18,4,1,1,2023-02-25,Project Management,Internal,Failed,4,667.34,31,1
3701,2019-11-09,Production Technician I,NEL,Active,Part-Time,Zone B,Temporary,Production       ,Shop (Fleet),20-06-1948,MA,Male,Other,Single,PIP,2,2023-06-10,4,1,4,2022-08-21,Communication Skills,Internal,Failed,4,480.17,71,1
3702,2019-07-13,Production Technician I,MSC,Active,Part-Time,Zone C,Part-Time,Production       ,Aerial,22-04-1976,MA,Male,Asian,Single,Exceeds,3,2023-02-24,2,4,1,2023-02-15,Leadership Development,External,Failed,3,346.28,43,5
3703,2020-08-31,Production Technician I,EW,Active,Part-Time,Zone A,Part-Time,Production       ,Engineers,15-02-1951,MA,Female,White,Widowed,Exceeds,4,2023-06-02,5,5,5,2022-12-27,Communication Skills,External,Completed,3,121.45,69,5
3704,2019-01-25,Production Technician I,CCDR,Active,Full-Time,Zone C,Part-Time,Production       ,Field Operations,05-02-1976,MA,Female,Asian,Married,Exceeds,5,2023-07-07,2,4,5,2022-10-07,Technical Skills,External,Incomplete,2,669.3,43,5
3705,2020-11-21,Production Technician I,BPC,Active,Full-Time,Zone A,Part-Time,Production       ,General - Sga,27-05-1967,MA,Female,White,Single,Exceeds,3,2023-05-25,3,1,4,2023-04-17,Technical Skills,Internal,Completed,5,983.59,53,5
3706,2019-09-23,Production Technician I,WBL,Active,Full-Time,Zone B,Part-Time,Production       ,Field Operations,08-11-1974,MA,Male,White,Divorced,Exceeds,3,2023-07-17,2,1,4,2023-06-07,Customer Service,Internal,Completed,1,304.9,45,5
3707,2022-12-11,Production Technician I,TNS,Active,Contract,Zone B,Temporary,Production       ,Engineers,01-12-1995,MA,Male,Asian,Divorced,Exceeds,3,2023-03-24,3,2,4,2022-12-24,Leadership Development,External,Passed,3,778.72,27,5
3708,2020-08-21,Production Technician I,SVG,Active,Full-Time,Zone C,Part-Time,Production       ,Fielders,19-02-1974,MA,Male,Black,Married,Exceeds,4,2022-08-21,5,5,2,2023-01-03,Customer Service,External,Passed,4,136.15,46,5
3709,2019-02-04,Production Technician I,PYZ,Active,Full-Time,Zone C,Part-Time,Production       ,Splicing,18-09-1969,MA,Male,Black,Divorced,Exceeds,5,2023-05-08,3,5,3,2023-04-07,Leadership Development,Internal,Incomplete,4,339.84,50,5
3710,2021-10-29,Production Technician I,PL,Active,Full-Time,Zone C,Part-Time,Production       ,Aerial,16-10-1960,MA,Female,Hispanic,Single,Exceeds,1,2023-02-28,5,5,3,2023-06-02,Leadership Development,External,Completed,1,791.78,61,5
3711,2021-07-17,Production Technician I,NEL,Active,Part-Time,Zone A,Temporary,Production       ,Finance & Accounting,03-01-1981,MA,Female,Black,Single,Needs Improvement,1,2022-12-14,4,3,3,2022-10-19,Leadership Development,External,Incomplete,5,853.26,40,2
3713,2020-07-21,Production Technician I,EW,Active,Full-Time,Zone B,Temporary,Production       ,General - Sga,10-04-1985,MA,Male,Hispanic,Widowed,Fully Meets,3,2022-10-30,3,4,1,2023-05-17,Customer Service,External,Incomplete,5,235.82,35,4
3714,2020-01-19,Production Technician I,CCDR,Active,Full-Time,Zone B,Part-Time,Production       ,Field Operations,19-04-1965,MA,Male,White,Married,Fully Meets,4,2023-07-21,3,5,2,2023-05-18,Leadership Development,Internal,Passed,5,448.57,55,4
3715,2021-09-12,Production Technician I,BPC,Active,Contract,Zone A,Full-Time,Production       ,Project Management - Con,05-03-1976,MA,Male,Black,Widowed,Fully Meets,4,2023-05-20,1,1,4,2023-01-11,Leadership Development,External,Incomplete,3,572.56,45,4
3716,2022-07-31,Production Technician II,SVG,Terminated,Full-Time,Zone A,Full-Time,Production       ,General - Con,27-06-1993,MA,Female,Black,Married,Fully Meets,1,2022-11-19,5,3,3,2023-03-07,Project Management,Internal,Incomplete,4,959.78,29,4
3717,2023-05-18,Production Technician II,EW,Active,Contract,Zone B,Full-Time,Production       ,Field Operations,07-11-1992,MA,Female,Asian,Married,Fully Meets,2,2023-01-01,4,1,3,2022-08-22,Communication Skills,External,Passed,3,363.02,31,4
3718,2021-05-25,Production Technician II,MSC,Terminated,Contract,Zone C,Temporary,Production       ,Field Operations,15-09-1946,MA,Female,Other,Married,Fully Meets,4,2022-10-05,1,1,3,2023-05-02,Communication Skills,Internal,Completed,2,325.7,75,4
3719,2022-07-22,Production Technician II,TNS,Active,Contract,Zone B,Full-Time,Production       ,Underground,08-07-1947,MA,Female,Hispanic,Divorced,Fully Meets,3,2022-11-27,1,2,1,2022-10-08,Project Management,Internal,Incomplete,3,727.75,75,4
3720,2019-05-23,Production Technician II,PYZ,Active,Part-Time,Zone B,Full-Time,Production       ,Field Operations,18-12-1958,MA,Female,White,Single,Fully Meets,3,2023-05-15,2,1,5,2022-09-23,Project Management,Internal,Passed,2,845.21,61,4
3721,2020-02-12,Production Technician I,NEL,Active,Full-Time,Zone B,Full-Time,Production       ,Fielders,24-03-1960,MA,Male,Black,Widowed,Fully Meets,2,2023-02-07,5,4,5,2022-12-22,Technical Skills,External,Incomplete,4,327.82,60,4
3722,2020-02-16,Production Technician I,PL,Terminated,Part-Time,Zone B,Full-Time,Production       ,Field Operations,31-08-1947,MA,Male,White,Married,Fully Meets,2,2023-06-01,1,5,5,2023-01-15,Communication Skills,Internal,Passed,1,512.55,73,4
3723,2022-04-29,Production Technician I,BPC,Terminated,Full-Time,Zone A,Temporary,Production       ,Wireline Construction,30-08-1972,MA,Male,Asian,Married,Fully Meets,3,2023-06-18,2,1,4,2022-09-06,Communication Skills,Internal,Completed,1,457.17,50,4
3724,2019-10-10,Production Technician I,CCDR,Terminated,Part-Time,Zone C,Temporary,Production       ,Field Operations,25-11-1969,MA,Male,Asian,Divorced,Fully Meets,4,2023-02-04,1,2,5,2023-06-28,Communication Skills,Internal,Incomplete,4,573.33,50,4
3725,2019-04-07,Production Technician I,SVG,Active,Contract,Zone B,Part-Time,Production       ,Aerial,21-08-1955,MA,Male,Asian,Widowed,Fully Meets,1,2023-05-17,4,3,3,2023-05-23,Customer Service,External,Failed,3,135.18,64,4
3726,2020-07-13,Production Technician I,EW,Active,Contract,Zone A,Full-Time,Production       ,General - Con,25-07-1995,MA,Female,Other,Married,Fully Meets,4,2022-10-01,1,4,1,2023-01-13,Communication Skills,External,Failed,3,911.12,25,4
3727,2021-08-26,Production Technician I,MSC,Active,Part-Time,Zone C,Temporary,Production       ,Field Operations,15-01-1945,MA,Female,Other,Divorced,Fully Meets,3,2022-10-11,1,2,5,2023-05-02,Project Management,Internal,Incomplete,5,693.8,76,4
3728,2021-12-23,Production Technician I,TNS,Active,Contract,Zone A,Part-Time,Production       ,Splicing,07-02-1967,MA,Male,Hispanic,Divorced,Fully Meets,5,2023-04-18,5,1,2,2023-07-10,Customer Service,Internal,Completed,5,419.79,54,4
3729,2022-12-08,Production Technician I,BPC,Active,Contract,Zone B,Part-Time,Production       ,Wireline Construction,01-01-1943,MA,Male,Other,Divorced,Fully Meets,3,2023-03-19,4,5,3,2022-12-12,Customer Service,External,Failed,1,693.56,79,4
3730,2022-01-18,Production Technician I,CCDR,Active,Contract,Zone B,Temporary,Production       ,Fielders,08-12-1965,MA,Male,Black,Widowed,Fully Meets,4,2023-02-20,4,5,5,2022-08-29,Leadership Development,External,Incomplete,1,161.47,57,4
3731,2020-02-28,Production Technician I,EW,Active,Part-Time,Zone B,Part-Time,Production       ,Field Operations,04-07-1998,MA,Male,Hispanic,Single,Fully Meets,3,2023-04-11,2,4,1,2023-05-02,Project Management,External,Passed,5,773.63,22,4
3732,2020-05-31,Production Technician I,MSC,Active,Part-Time,Zone B,Part-Time,Production       ,Field Operations,03-07-1954,MA,Male,Black,Widowed,Fully Meets,5,2022-12-12,3,4,4,2022-12-09,Technical Skills,Internal,Incomplete,5,695.42,66,4
3734,2019-03-07,Production Technician I,PL,Active,Full-Time,Zone C,Temporary,Production       ,Technology / It,21-07-1964,MA,Male,White,Divorced,Fully Meets,3,2023-07-31,4,5,2,2023-03-05,Communication Skills,Internal,Failed,2,702.69,55,4
3735,2019-05-29,Production Technician I,PYZ,Active,Contract,Zone C,Temporary,Production       ,Wireless,11-07-1963,MA,Male,White,Married,Fully Meets,1,2023-02-03,4,4,4,2022-10-25,Technical Skills,External,Failed,1,473.1,56,4
3736,2020-10-18,Production Technician I,SVG,Active,Full-Time,Zone A,Part-Time,Production       ,Wireline Construction,02-07-1976,MA,Male,Other,Married,Fully Meets,2,2022-09-14,3,1,3,2022-10-25,Project Management,Internal,Incomplete,2,119.82,44,4
3737,2018-11-19,Production Technician I,TNS,Active,Part-Time,Zone B,Part-Time,Production       ,People Services,11-12-1946,MA,Male,Hispanic,Divorced,Fully Meets,5,2022-09-09,2,5,1,2022-11-17,Customer Service,External,Failed,1,157.8,72,4
3738,2022-04-15,Production Technician II,SVG,Terminated,Full-Time,Zone A,Temporary,Production       ,General - Con,03-09-2000,MA,Female,Hispanic,Widowed,Fully Meets,3,2022-09-19,3,3,5,2022-09-01,Technical Skills,Internal,Completed,3,791.98,22,4
3739,2018-08-24,Production Technician II,EW,Terminated,Full-Time,Zone B,Temporary,Production       ,Field Operations,09-03-1951,MA,Female,Asian,Divorced,Fully Meets,3,2023-05-23,1,3,4,2022-08-19,Customer Service,External,Incomplete,5,752.97,67,4
3740,2022-10-15,Production Technician II,MSC,Terminated,Full-Time,Zone C,Part-Time,Production       ,People Services,24-05-2001,MA,Female,Other,Single,Fully Meets,4,2023-06-23,2,2,4,2022-09-11,Leadership Development,External,Completed,5,916.21,21,4
3741,2023-02-27,Production Technician II,TNS,Terminated,Full-Time,Zone A,Temporary,Production       ,Field Operations,14-09-1948,MA,Female,Hispanic,Widowed,Fully Meets,1,2022-09-01,2,5,4,2022-10-05,Project Management,External,Completed,2,751.04,75,4
3742,2021-09-22,Production Technician II,PYZ,Active,Contract,Zone A,Temporary,Production       ,Field Operations,12-09-1981,MA,Female,Asian,Married,Fully Meets,2,2023-01-07,2,1,1,2023-04-22,Communication Skills,Internal,Passed,3,620.63,40,4
3743,2020-05-30,Production Technician I,WBL,Active,Contract,Zone A,Part-Time,Production       ,General - Con,13-09-1950,MA,Male,Black,Married,Fully Meets,2,2022-08-11,2,1,3,2022-11-17,Leadership Development,Internal,Passed,3,439.3,70,4
3744,2020-09-11,Production Technician I,NEL,Active,Part-Time,Zone B,Full-Time,Production       ,Aerial,22-12-1964,MA,Female,Asian,Widowed,Fully Meets,5,2022-09-05,4,3,2,2023-05-23,Communication Skills,Internal,Completed,1,716.39,56,4
3745,2019-05-31,Production Technician I,PL,Terminated,Full-Time,Zone C,Full-Time,Production       ,General - Con,20-07-1978,MA,Male,Asian,Single,Fully Meets,4,2023-01-13,5,4,4,2022-10-11,Technical Skills,External,Failed,5,300.33,41,4
3746,2020-07-13,Production Technician I,BPC,Active,Part-Time,Zone B,Full-Time,Production       ,Shop (Fleet),21-08-1969,MA,Male,Black,Widowed,Fully Meets,3,2022-11-06,2,1,5,2023-02-22,Project Management,Internal,Passed,3,337.15,51,4
3747,2021-09-09,Production Technician I,CCDR,Terminated,Part-Time,Zone C,Temporary,Production       ,Technology / It,17-02-1944,MA,Male,Black,Widowed,Fully Meets,2,2023-04-26,2,5,5,2022-10-18,Leadership Development,External,Failed,5,725.6,77,4
3748,2019-04-06,Production Technician I,SVG,Active,Full-Time,Zone C,Part-Time,Production       ,General - Con,20-08-1969,MA,Male,Other,Married,Fully Meets,1,2022-11-18,4,1,3,2022-12-23,Customer Service,Internal,Failed,5,588.88,50,4
3749,2021-02-16,Production Technician I,EW,Active,Full-Time,Zone A,Full-Time,Production       ,Project Management - Eng,02-05-1985,MA,Female,Other,Married,Fully Meets,4,2023-04-01,1,3,3,2022-09-28,Technical Skills,External,Passed,4,742.98,36,4
3750,2020-02-17,Production Technician I,MSC,Active,Full-Time,Zone C,Part-Time,Production       ,Engineers,16-02-1955,MA,Male,Black,Single,Fully Meets,1,2022-12-07,4,1,5,2022-09-27,Project Management,External,Passed,5,283.05,65,4
3751,2021-10-15,Production Technician I,TNS,Active,Contract,Zone A,Full-Time,Production       ,Aerial,24-12-1972,MA,Male,Other,Single,Fully Meets,3,2023-04-05,1,1,4,2022-11-10,Customer Service,Internal,Incomplete,4,511.13,49,4
3752,2022-07-06,Production Technician I,PYZ,Active,Full-Time,Zone A,Temporary,Production       ,Engineers,12-10-1954,MA,Male,White,Divorced,Fully Meets,2,2023-08-04,3,1,5,2023-05-31,Communication Skills,Internal,Completed,1,158.86,68,4
3753,2019-03-05,Production Technician I,WBL,Active,Part-Time,Zone B,Part-Time,Production       ,Project Management - Eng,29-09-1959,MA,Male,White,Single,Fully Meets,4,2023-02-23,1,3,2,2022-09-19,Project Management,External,Failed,1,741.95,60,4
3754,2020-06-02,Production Technician I,NEL,Active,Full-Time,Zone C,Full-Time,Production       ,Project Management - Con,31-05-1978,MA,Male,Black,Married,Fully Meets,1,2023-04-23,3,3,5,2023-03-08,Technical Skills,External,Incomplete,4,132.52,42,4
3756,2021-05-24,Production Technician I,BPC,Active,Full-Time,Zone A,Temporary,Production       ,Field Operations,01-06-1944,MA,Female,Hispanic,Married,Fully Meets,3,2022-11-23,1,5,3,2023-03-27,Technical Skills,External,Failed,4,521.51,77,4
3758,2022-11-16,Production Technician I,SVG,Terminated,Contract,Zone A,Temporary,Production       ,Engineers,20-12-1946,MA,Male,Other,Divorced,Fully Meets,3,2022-10-04,2,1,1,2023-01-16,Leadership Development,Internal,Failed,4,917.17,76,4
3759,2022-05-01,Production Technician I,EW,Active,Contract,Zone B,Full-Time,Production       ,Yard (Material Handling),21-10-1958,MA,Male,Black,Married,Fully Meets,1,2022-11-28,3,4,1,2022-08-11,Project Management,Internal,Completed,2,790.71,64,4
3760,2021-08-24,Production Technician I,MSC,Active,Full-Time,Zone A,Part-Time,Production       ,General - Con,12-02-1960,MA,Male,Other,Widowed,Fully Meets,3,2022-10-28,4,3,1,2022-11-28,Technical Skills,External,Passed,1,680.48,61,4
3761,2023-06-22,Production Technician II,CCDR,Active,Contract,Zone A,Full-Time,Production       ,General - Sga,23-11-1987,MA,Female,Black,Married,Fully Meets,1,2023-05-30,2,4,1,2022-08-18,Customer Service,External,Failed,1,947.57,36,4
3762,2020-07-18,Production Technician II,SVG,Active,Part-Time,Zone B,Temporary,Production       ,Engineers,11-05-1949,MA,Female,Black,Divorced,Fully Meets,2,2022-08-06,2,1,1,2023-06-15,Project Management,Internal,Failed,2,594.61,71,4
3763,2023-01-12,Production Technician II,EW,Terminated,Full-Time,Zone B,Full-Time,Production       ,Finance & Accounting,25-06-1950,MA,Female,White,Widowed,Fully Meets,3,2023-07-09,3,2,5,2022-11-13,Technical Skills,External,Incomplete,1,775.59,73,4
3764,2022-02-16,Production Technician II,MSC,Active,Full-Time,Zone B,Temporary,Production       ,General - Sga,13-12-1995,MA,Female,Black,Single,Fully Meets,3,2023-07-11,2,1,5,2022-08-30,Communication Skills,External,Incomplete,2,239.16,27,4
3765,2022-09-02,Production Technician II,TNS,Active,Part-Time,Zone A,Temporary,Production       ,Yard (Material Handling),30-06-1969,MA,Female,Hispanic,Widowed,Fully Meets,3,2023-01-02,1,1,2,2022-11-25,Customer Service,Internal,Completed,5,275.94,53,4
3766,2019-02-02,Production Technician II,PYZ,Active,Part-Time,Zone A,Part-Time,Production       ,Yard (Material Handling),10-03-1943,MA,Female,Black,Widowed,Fully Meets,3,2023-05-12,4,4,5,2023-03-27,Technical Skills,Internal,Incomplete,4,466.32,76,4
3767,2021-08-26,Production Technician I,TNS,Terminated,Full-Time,Zone B,Part-Time,Production       ,General - Con,07-03-1993,MA,Female,Black,Divorced,Fully Meets,2,2023-07-09,2,5,3,2022-10-12,Leadership Development,Internal,Completed,4,840.46,28,4
3768,2020-12-31,Production Technician I,SVG,Active,Contract,Zone B,Full-Time,Production       ,Catv,30-05-1991,MA,Female,Black,Divorced,Fully Meets,4,2023-01-27,2,4,1,2023-01-04,Leadership Development,Internal,Completed,3,145.76,29,4
3769,2020-12-12,Production Technician I,PYZ,Active,Full-Time,Zone A,Full-Time,Production       ,Fielders,21-11-1952,MA,Male,Asian,Married,Fully Meets,3,2022-09-25,3,5,3,2022-10-12,Project Management,Internal,Incomplete,2,647.7,68,4
3770,2022-01-13,Production Technician I,PL,Terminated,Contract,Zone B,Temporary,Production       ,Aerial,26-01-1995,MA,Male,Asian,Married,Fully Meets,3,2023-05-06,1,3,3,2023-07-05,Project Management,Internal,Incomplete,2,536.2,27,4
3771,2021-01-24,Production Technician I,NEL,Terminated,Part-Time,Zone B,Temporary,Production       ,General - Con,20-09-1981,MA,Male,Asian,Married,Fully Meets,3,2022-09-25,2,2,4,2023-03-26,Communication Skills,Internal,Incomplete,5,769.97,40,4
3772,2022-02-08,Production Technician I,MSC,Active,Full-Time,Zone A,Temporary,Production       ,Engineers,05-02-1966,MA,Female,Asian,Divorced,Fully Meets,3,2022-09-10,2,5,1,2023-01-01,Communication Skills,External,Completed,1,894.66,56,4
3773,2020-10-11,Production Technician I,EW,Terminated,Part-Time,Zone A,Temporary,Production       ,Engineers,16-05-1972,MA,Female,Hispanic,Divorced,Fully Meets,3,2022-10-16,1,5,2,2022-11-15,Project Management,External,Failed,2,374.02,48,4
3774,2019-06-20,Production Technician I,CCDR,Active,Part-Time,Zone B,Full-Time,Production       ,Engineers,06-04-1998,MA,Male,Black,Single,Fully Meets,3,2023-04-11,5,3,1,2023-02-04,Leadership Development,Internal,Passed,5,569.42,21,4
3775,2021-07-13,Production Technician I,BPC,Active,Contract,Zone B,Part-Time,Production       ,Field Operations,15-10-1980,MA,Male,Other,Widowed,Fully Meets,3,2023-04-15,2,1,3,2022-11-14,Customer Service,Internal,Completed,1,172.82,41,4
3776,2021-10-14,Production Technician I,WBL,Active,Contract,Zone A,Full-Time,Production       ,General - Eng,28-04-1980,MA,Male,Black,Married,Fully Meets,3,2022-12-13,4,1,5,2023-02-05,Project Management,Internal,Completed,4,585.84,41,4
3777,2021-11-09,Production Technician I,TNS,Active,Contract,Zone C,Temporary,Production       ,Aerial,21-03-1966,MA,Male,Black,Single,Fully Meets,3,2022-10-28,4,3,2,2022-10-13,Project Management,External,Completed,1,759.38,55,4
3778,2023-04-02,Production Technician I,SVG,Active,Full-Time,Zone A,Full-Time,Production       ,Wireline Construction,09-02-1992,MA,Male,Other,Married,Fully Meets,3,2023-02-06,1,5,3,2022-09-13,Customer Service,Internal,Completed,5,341.74,31,4
3782,2019-03-09,Production Technician I,MSC,Terminated,Full-Time,Zone B,Temporary,Production       ,Field Operations,25-09-1984,MA,Male,Asian,Widowed,Fully Meets,3,2023-07-19,1,5,1,2022-12-11,Technical Skills,Internal,Passed,5,506.4,35,4
3783,2020-05-09,Production Technician I,EW,Active,Contract,Zone A,Full-Time,Production       ,Fielders,11-04-1962,MA,Male,Asian,Divorced,Fully Meets,3,2023-03-07,3,4,3,2023-01-25,Technical Skills,External,Completed,5,851.24,58,4
3784,2022-08-14,Production Technician I,CCDR,Active,Contract,Zone A,Temporary,Production       ,Splicing,14-03-1998,MA,Female,White,Single,Fully Meets,3,2023-03-04,3,3,2,2022-10-12,Communication Skills,Internal,Completed,2,671.12,24,4
3785,2022-01-18,Production Technician II,PL,Active,Contract,Zone C,Temporary,Production       ,Project Management - Con,20-10-1977,MA,Female,Black,Divorced,Fully Meets,3,2023-05-05,3,2,2,2022-10-01,Project Management,External,Passed,1,257.8,45,4
3786,2021-06-22,Production Technician II,PYZ,Terminated,Full-Time,Zone A,Part-Time,Production       ,Field Operations,10-06-1962,MA,Female,Black,Divorced,Fully Meets,3,2022-12-29,3,4,2,2023-04-17,Leadership Development,External,Failed,4,280.06,59,4
3787,2023-01-19,Production Technician II,SVG,Terminated,Full-Time,Zone C,Part-Time,Production       ,General - Sga,29-08-1972,MA,Female,White,Widowed,Fully Meets,3,2023-03-06,1,2,1,2023-04-26,Project Management,External,Passed,4,140.03,51,4
3788,2023-05-17,Production Technician II,TNS,Terminated,Part-Time,Zone A,Full-Time,Production       ,Field Operations,06-09-1976,MA,Female,Black,Married,Fully Meets,3,2023-05-05,3,4,2,2023-03-21,Customer Service,External,Completed,2,796.95,47,4
3789,2020-06-07,Production Technician II,WBL,Active,Contract,Zone A,Part-Time,Production       ,Wireline Construction,25-05-1977,MA,Female,Other,Widowed,Fully Meets,3,2022-09-25,3,1,4,2022-10-26,Technical Skills,External,Incomplete,1,997.38,43,4
3790,2023-07-07,Production Technician II,PYZ,Active,Full-Time,Zone A,Temporary,Production       ,Yard (Material Handling),11-12-1962,MA,Female,Hispanic,Single,Fully Meets,3,2023-07-31,3,2,1,2023-03-18,Communication Skills,External,Completed,2,676.95,61,4
3791,2020-03-28,Production Technician I,WBL,Active,Full-Time,Zone B,Full-Time,Production       ,Finance & Accounting,02-02-1978,MA,Female,Asian,Divorced,Fully Meets,3,2022-09-07,4,1,1,2023-02-12,Leadership Development,External,Failed,2,348.89,42,4
3792,2019-05-23,Production Technician I,NEL,Active,Part-Time,Zone C,Full-Time,Production       ,Engineers,08-06-1998,MA,Male,White,Married,Fully Meets,3,2022-09-25,2,2,2,2022-09-09,Project Management,External,Passed,1,385.62,21,4
3793,2019-04-20,Production Technician I,PL,Active,Full-Time,Zone B,Full-Time,Production       ,General - Con,15-01-1952,MA,Male,Asian,Married,Fully Meets,3,2023-05-15,2,3,3,2022-11-24,Project Management,Internal,Completed,2,552.67,67,4
3794,2018-09-09,Production Technician I,BPC,Active,Contract,Zone A,Full-Time,Production       ,General - Con,20-01-1996,MA,Male,Asian,Widowed,Fully Meets,5,2022-12-05,1,1,3,2023-04-17,Communication Skills,External,Failed,2,645.11,22,4
3795,2022-07-14,Production Technician I,CCDR,Active,Part-Time,Zone A,Part-Time,Production       ,General - Sga,01-08-1989,MA,Male,White,Divorced,Exceeds,3,2022-09-29,4,3,2,2023-01-25,Project Management,External,Passed,1,954.02,33,5
3796,2019-04-17,Production Technician I,SVG,Active,Contract,Zone A,Part-Time,Production       ,General - Con,27-08-1964,MA,Female,Hispanic,Married,Exceeds,3,2023-06-28,1,5,2,2023-07-03,Technical Skills,External,Incomplete,5,255.74,55,5
3797,2020-05-15,Production Technician I,EW,Active,Contract,Zone A,Full-Time,Production       ,Catv,26-06-1975,MA,Female,Black,Married,Fully Meets,3,2022-09-03,3,4,2,2023-03-09,Technical Skills,External,Completed,2,279.38,45,4
3798,2020-04-04,Production Technician I,MSC,Active,Full-Time,Zone C,Full-Time,Production       ,General - Con,21-12-1961,MA,Male,Other,Widowed,Fully Meets,3,2022-11-08,1,1,1,2022-08-22,Project Management,External,Passed,5,303.44,59,4
3799,2022-10-15,Production Technician I,TNS,Active,Full-Time,Zone A,Temporary,Production       ,Executive,24-11-1964,MA,Male,Hispanic,Single,Exceeds,3,2022-12-24,3,1,3,2022-08-07,Communication Skills,Internal,Incomplete,4,809.38,58,5
3800,2019-07-11,Production Technician I,PYZ,Active,Contract,Zone C,Part-Time,Production       ,General - Sga,09-12-1950,MA,Male,Other,Married,Fully Meets,3,2022-12-08,5,3,5,2022-10-14,Customer Service,Internal,Completed,4,886.12,69,4
3801,2019-10-02,Production Technician I,WBL,Active,Contract,Zone C,Temporary,Production       ,Field Operations,18-01-1948,MA,Female,Hispanic,Single,Fully Meets,3,2022-11-27,2,1,4,2023-04-01,Leadership Development,External,Incomplete,2,125.88,71,4
3802,2021-03-04,Production Technician I,NEL,Active,Full-Time,Zone A,Full-Time,Production       ,Field Operations,28-03-1947,MA,Male,White,Divorced,Fully Meets,3,2023-01-09,3,3,5,2023-01-24,Leadership Development,Internal,Passed,1,493.72,74,4
3804,2019-05-15,Production Technician I,BPC,Active,Full-Time,Zone C,Part-Time,Production       ,General - Con,26-09-1978,MA,Female,Hispanic,Single,Fully Meets,3,2023-03-07,3,2,2,2023-02-15,Customer Service,External,Incomplete,4,414.55,41,4
3805,2022-04-28,Production Technician I,CCDR,Active,Full-Time,Zone B,Part-Time,Production       ,General - Con,23-04-1982,MA,Male,Other,Divorced,Fully Meets,3,2022-12-31,2,5,2,2022-08-31,Communication Skills,External,Incomplete,1,391.88,40,4
3806,2021-09-23,Production Technician I,SVG,Active,Contract,Zone C,Temporary,Production       ,Field Operations,01-09-1974,MA,Male,Other,Married,Fully Meets,3,2023-03-13,4,1,5,2022-09-09,Customer Service,External,Passed,4,600.64,47,4
3807,2021-09-15,Production Technician I,EW,Active,Contract,Zone C,Temporary,Production       ,Project Management - Con,16-05-1964,MA,Male,Asian,Single,Fully Meets,3,2022-08-17,4,5,4,2023-03-26,Communication Skills,External,Passed,1,997.74,57,4
3808,2019-04-27,IT Support,PYZ,Active,Contract,Zone B,Full-Time,IT/IS,General - Sga,16-01-1948,MA,Female,White,Widowed,Fully Meets,3,2023-01-27,5,4,4,2023-01-25,Technical Skills,External,Passed,4,254.26,71,4
3809,2019-10-06,Network Engineer,TNS,Active,Part-Time,Zone B,Part-Time,IT/IS,Field Operations,20-01-2001,MA,Male,Hispanic,Single,Fully Meets,3,2022-09-04,3,1,5,2022-10-21,Technical Skills,External,Incomplete,3,786.62,18,4
3810,2020-02-16,Sr. Network Engineer,PL,Active,Full-Time,Zone A,Temporary,IT/IS,General - Sga,10-10-1959,CT,Female,Black,Single,Fully Meets,3,2022-12-22,3,3,1,2022-12-21,Communication Skills,External,Completed,3,189.7,61,4
3811,2022-05-14,Sr. Network Engineer,PL,Active,Part-Time,Zone B,Temporary,IT/IS,Fielders,11-03-1958,CT,Male,Hispanic,Widowed,Fully Meets,3,2023-05-18,1,1,1,2023-05-15,Technical Skills,External,Completed,2,484.02,64,4
3812,2019-02-13,Sr. Network Engineer,BPC,Active,Contract,Zone B,Full-Time,IT/IS,General - Eng,24-05-1985,MA,Female,Hispanic,Single,Fully Meets,3,2023-01-11,3,3,1,2023-06-02,Communication Skills,Internal,Failed,5,299.74,34,4
3813,2022-08-24,IT Support,SVG,Active,Part-Time,Zone A,Part-Time,IT/IS,Engineers,25-02-1955,MA,Male,Hispanic,Widowed,Fully Meets,3,2023-06-06,2,3,4,2023-07-21,Technical Skills,Internal,Failed,1,169.79,67,4
3815,2021-03-26,Network Engineer,SVG,Active,Contract,Zone C,Part-Time,IT/IS,Project Management - Con,26-05-1984,MA,Male,White,Divorced,Fully Meets,3,2023-02-23,1,5,3,2023-02-05,Project Management,Internal,Failed,1,910.09,37,4
3816,2021-05-01,IT Support,WBL,Active,Full-Time,Zone A,Temporary,IT/IS,Field Operations,10-08-1956,MA,Male,Hispanic,Single,Fully Meets,3,2022-12-26,1,1,5,2022-12-20,Communication Skills,External,Passed,5,912.1,65,4
3817,2021-10-10,IT Support,CCDR,Active,Part-Time,Zone A,Full-Time,IT/IS,General - Con,01-01-1978,MA,Female,Black,Single,Needs Improvement,3,2023-06-24,3,3,1,2023-03-07,Customer Service,Internal,Incomplete,4,456.65,43,2
3818,2020-01-02,Network Engineer,CCDR,Active,Part-Time,Zone A,Part-Time,IT/IS,Wireless,15-06-1950,MA,Male,Asian,Single,Fully Meets,3,2023-01-28,1,1,3,2022-11-07,Leadership Development,External,Incomplete,4,313.5,70,4
3819,2020-01-20,Network Engineer,MSC,Active,Full-Time,Zone B,Part-Time,IT/IS,Aerial,26-11-1957,MA,Female,Asian,Single,Fully Meets,3,2023-07-01,4,1,1,2022-12-29,Leadership Development,Internal,Incomplete,3,906.45,63,4
3820,2018-08-11,Network Engineer,EW,Active,Contract,Zone C,Full-Time,IT/IS,General - Con,29-09-1976,MA,Female,Other,Divorced,Fully Meets,3,2023-07-26,1,3,4,2022-08-19,Project Management,External,Incomplete,2,333.8,42,4
3821,2021-12-18,Sr. Network Engineer,TNS,Active,Contract,Zone A,Temporary,IT/IS,Field Operations,03-04-1981,MA,Male,White,Single,Fully Meets,3,2022-12-05,5,4,4,2022-11-30,Project Management,External,Passed,2,866.63,40,4
3822,2019-09-24,Network Engineer,WBL,Active,Full-Time,Zone B,Part-Time,Executive Office,General - Con,18-09-1975,MA,Male,Hispanic,Divorced,Fully Meets,3,2023-03-23,4,4,5,2022-12-08,Technical Skills,Internal,Incomplete,5,357.58,44,4
3823,2022-10-17,Network Engineer,TNS,Active,Full-Time,Zone A,Temporary,Executive Office,Shop (Fleet),24-08-1987,MA,Male,White,Single,Needs Improvement,3,2022-11-16,5,4,1,2022-09-21,Communication Skills,External,Completed,4,516.9,35,2
3824,2020-01-07,IT Support,SVG,Active,Contract,Zone C,Full-Time,IT/IS,General - Sga,21-11-1948,MA,Male,Black,Single,Fully Meets,3,2023-02-13,4,4,5,2022-10-18,Leadership Development,Internal,Completed,5,200.23,72,4
3825,2022-11-05,IT Support,PYZ,Active,Full-Time,Zone A,Part-Time,IT/IS,Field Operations,23-05-1998,MA,Male,Black,Married,Fully Meets,3,2022-12-22,4,4,2,2022-09-24,Leadership Development,Internal,Completed,1,728.77,24,4
3826,2023-04-26,IT Support,PL,Active,Part-Time,Zone B,Full-Time,IT/IS,Field Operations,11-04-2001,MA,Male,Asian,Divorced,Fully Meets,3,2022-11-17,2,1,3,2022-11-21,Communication Skills,Internal,Completed,4,286.12,22,4
3827,2019-05-29,IT Support,NEL,Active,Part-Time,Zone B,Part-Time,IT/IS,General - Eng,24-09-1992,MA,Male,Asian,Widowed,Fully Meets,3,2022-12-25,3,3,4,2023-02-01,Communication Skills,Internal,Failed,5,997.15,27,4
3828,2019-09-12,Sr. Network Engineer,PL,Active,Part-Time,Zone A,Full-Time,IT/IS,Aerial,28-10-1990,MA,Male,Black,Divorced,Fully Meets,3,2023-02-21,2,5,1,2023-06-13,Leadership Development,External,Failed,2,984.63,29,4
3829,2019-01-27,Sr. Network Engineer,BPC,Active,Part-Time,Zone C,Full-Time,IT/IS,Project Management - Con,12-03-1956,MA,Male,Other,Married,Exceeds,3,2022-10-30,3,2,1,2022-10-24,Project Management,External,Incomplete,5,233.67,63,5
3830,2019-08-20,Principal Data Architect,CCDR,Active,Part-Time,Zone C,Temporary,IT/IS,Field Operations,30-05-1947,CT,Male,White,Widowed,PIP,3,2022-12-28,1,1,3,2023-03-15,Technical Skills,Internal,Completed,3,142.42,72,1
3831,2018-09-14,Enterprise Architect,SVG,Active,Part-Time,Zone C,Part-Time,IT/IS,Field Operations,07-03-1950,CT,Female,Hispanic,Divorced,Needs Improvement,3,2023-05-19,3,2,5,2023-03-22,Project Management,Internal,Failed,2,784.73,68,2
3833,2022-01-26,Network Engineer,PYZ,Active,Full-Time,Zone A,Part-Time,Executive Office,Field Operations,12-05-1953,MA,Male,Asian,Single,PIP,3,2023-02-04,3,5,2,2023-06-23,Leadership Development,External,Completed,2,409.16,69,1
3834,2019-05-10,Network Engineer,WBL,Active,Contract,Zone C,Part-Time,Executive Office,Field Operations,11-07-1961,MA,Male,Hispanic,Married,Fully Meets,3,2023-01-25,3,5,5,2023-01-04,Technical Skills,External,Passed,1,700.53,58,4
3835,2019-01-02,IT Support,NEL,Active,Part-Time,Zone B,Part-Time,IT/IS,Yard (Material Handling),11-10-1993,MA,Male,Hispanic,Divorced,Fully Meets,3,2022-10-01,5,3,1,2022-11-05,Customer Service,External,Failed,3,439.63,26,4
3836,2021-08-13,IT Support,PL,Active,Contract,Zone A,Temporary,IT/IS,General - Con,12-01-1946,MA,Male,Black,Single,Fully Meets,3,2023-03-04,2,3,5,2023-04-29,Technical Skills,External,Incomplete,3,830.78,75,4
3837,2022-10-02,IT Support,BPC,Active,Part-Time,Zone A,Part-Time,IT/IS,Finance & Accounting,27-08-1956,MA,Male,Other,Single,PIP,3,2022-10-15,5,3,1,2023-02-22,Communication Skills,Internal,Failed,3,320.34,66,1
3838,2018-12-17,IT Support,CCDR,Active,Part-Time,Zone A,Full-Time,IT/IS,Field Operations,14-08-1979,MA,Female,Asian,Single,PIP,3,2022-12-05,1,1,2,2023-04-19,Communication Skills,Internal,Failed,2,510.23,39,1
3839,2021-10-11,Sr. Network Engineer,PL,Active,Contract,Zone B,Part-Time,IT/IS,General - Con,27-09-2000,MA,Male,Hispanic,Divorced,PIP,3,2023-04-04,3,3,4,2023-06-12,Communication Skills,External,Failed,4,403.0,21,1
3840,2023-04-01,Sr. Network Engineer,BPC,Active,Part-Time,Zone B,Full-Time,IT/IS,Field Operations,25-10-1969,MA,Male,Hispanic,Single,Fully Meets,3,2023-02-03,1,5,4,2022-11-06,Technical Skills,External,Failed,4,170.61,54,4
3841,2021-03-20,Principal Data Architect,CCDR,Active,Full-Time,Zone C,Full-Time,IT/IS,Wireline Construction,17-06-1970,CT,Male,Asian,Single,Fully Meets,3,2023-05-18,5,4,4,2023-01-24,Customer Service,External,Passed,4,872.91,51,4
3844,2021-06-10,Network Engineer,PYZ,Active,Part-Time,Zone C,Temporary,Executive Office,General - Con,02-06-1961,MA,Male,White,Single,PIP,3,2023-02-01,3,2,5,2023-07-09,Project Management,External,Failed,5,603.67,60,1
3845,2019-08-25,Network Engineer,WBL,Active,Contract,Zone A,Full-Time,Executive Office,Field Operations,10-08-1969,MA,Male,Hispanic,Single,PIP,3,2023-08-05,4,5,3,2022-08-17,Project Management,Internal,Passed,5,546.24,50,1
3846,2020-05-04,IT Support,NEL,Active,Contract,Zone C,Full-Time,IT/IS,Wireline Construction,10-08-1975,MA,Male,Asian,Single,Fully Meets,3,2023-01-27,4,5,1,2023-04-11,Leadership Development,Internal,Incomplete,4,607.97,45,4
3847,2019-02-24,IT Support,PL,Active,Part-Time,Zone B,Temporary,IT/IS,Field Operations,06-09-1998,MA,Male,Hispanic,Single,Fully Meets,3,2022-10-04,5,3,1,2023-03-28,Technical Skills,Internal,Completed,4,130.59,21,4
3848,2019-09-24,IT Support,BPC,Active,Full-Time,Zone C,Temporary,IT/IS,Field Operations,18-08-1996,MA,Male,Asian,Married,Fully Meets,3,2022-10-02,5,1,4,2022-11-18,Communication Skills,Internal,Incomplete,2,443.56,23,4
3849,2021-02-13,IT Support,CCDR,Active,Contract,Zone A,Part-Time,IT/IS,General - Con,21-01-1979,MA,Female,White,Widowed,Fully Meets,3,2022-09-07,3,3,1,2023-03-15,Leadership Development,External,Passed,3,436.47,42,4
3850,2020-01-05,Sr. Network Engineer,MSC,Active,Part-Time,Zone B,Temporary,IT/IS,Yard (Material Handling),17-08-1953,MA,Male,Hispanic,Single,Fully Meets,3,2022-10-15,1,3,5,2022-11-01,Communication Skills,Internal,Completed,1,355.75,67,4
3854,2019-06-06,Network Engineer,WBL,Active,Part-Time,Zone B,Temporary,Executive Office,Technology / It,24-01-1942,MA,Male,Black,Single,Fully Meets,3,2023-07-18,5,2,5,2022-10-17,Communication Skills,External,Incomplete,5,913.62,77,4
3855,2021-05-25,Network Engineer,WBL,Active,Part-Time,Zone B,Part-Time,Executive Office,People Services,01-10-1999,MA,Male,Other,Widowed,Fully Meets,3,2023-04-24,5,3,4,2022-10-02,Communication Skills,External,Passed,1,157.94,22,4
3856,2023-03-17,Network Engineer,TNS,Active,Part-Time,Zone C,Part-Time,Executive Office,Wireline Construction,17-05-1994,MA,Male,Other,Divorced,PIP,3,2023-01-17,5,1,4,2023-07-12,Technical Skills,External,Completed,4,527.6,29,1
3857,2022-10-02,IT Support,SVG,Active,Contract,Zone B,Temporary,IT/IS,Fielders,24-05-1963,MA,Male,Black,Widowed,PIP,3,2022-09-18,1,1,2,2023-07-24,Leadership Development,External,Completed,1,601.2,59,1
3858,2022-01-22,IT Support,PYZ,Active,Full-Time,Zone B,Full-Time,IT/IS,Engineers,02-07-1951,MA,Male,Other,Married,Fully Meets,3,2023-05-07,3,3,1,2023-06-13,Project Management,External,Failed,4,478.88,71,4
3859,2019-11-29,IT Support,PL,Active,Full-Time,Zone B,Part-Time,IT/IS,Fielders,20-04-1992,MA,Female,Hispanic,Married,PIP,3,2023-08-02,1,2,5,2023-06-05,Communication Skills,External,Completed,1,838.69,27,1
3860,2020-07-01,IT Support,NEL,Active,Contract,Zone B,Temporary,IT/IS,Catv,04-01-1996,MA,Female,Asian,Single,Fully Meets,3,2023-06-26,2,4,3,2022-10-10,Technical Skills,Internal,Completed,4,389.63,24,4
3861,2022-03-24,Sr. Network Engineer,PL,Active,Full-Time,Zone C,Part-Time,IT/IS,General - Con,25-02-1965,MA,Male,Other,Widowed,PIP,3,2023-07-19,3,1,5,2023-04-29,Project Management,Internal,Passed,1,911.36,57,1
3863,2019-06-07,Principal Data Architect,CCDR,Active,Contract,Zone A,Temporary,IT/IS,Aerial,19-03-1972,MA,Female,Other,Single,PIP,3,2022-11-23,4,2,1,2022-09-16,Leadership Development,Internal,Incomplete,5,274.98,47,1
3865,2020-09-29,Network Engineer,MSC,Active,Part-Time,Zone C,Temporary,Production       ,Sales & Marketing,03-10-1963,MA,Male,Asian,Single,Needs Improvement,3,2023-05-26,1,4,3,2022-11-03,Project Management,External,Completed,2,399.26,57,2
3866,2020-09-04,Network Engineer,TNS,Active,Contract,Zone A,Full-Time,Executive Office,Field Operations,09-11-1959,MA,Male,Other,Divorced,Fully Meets,3,2022-09-16,2,1,5,2022-12-04,Customer Service,Internal,Incomplete,4,993.08,61,4
3867,2018-08-26,Network Engineer,PYZ,Active,Part-Time,Zone B,Full-Time,Executive Office,Catv,21-10-1986,MA,Male,Other,Widowed,Fully Meets,3,2022-10-31,5,3,3,2022-09-07,Communication Skills,External,Failed,4,540.57,32,4
3868,2019-08-17,Network Engineer,WBL,Active,Contract,Zone A,Part-Time,IT/IS,Finance & Accounting,23-03-2000,MA,Male,Hispanic,Widowed,Fully Meets,3,2022-09-16,3,1,2,2022-09-27,Project Management,Internal,Completed,3,272.58,19,4
3869,2019-09-25,IT Support,NEL,Active,Full-Time,Zone A,Temporary,IT/IS,Field Operations,10-06-1977,MA,Male,Hispanic,Divorced,Fully Meets,3,2023-01-07,1,4,2,2023-03-19,Project Management,External,Completed,2,905.51,42,4
3870,2023-03-11,IT Support,PL,Active,Contract,Zone B,Temporary,IT/IS,Project Management - Con,23-11-1966,MA,Male,Asian,Single,Fully Meets,3,2023-02-13,1,5,1,2023-03-10,Technical Skills,External,Completed,1,919.25,57,4
3871,2022-12-15,IT Support,BPC,Active,Full-Time,Zone B,Full-Time,IT/IS,General - Con,05-06-1971,MA,Female,White,Widowed,Fully Meets,3,2023-07-15,4,5,2,2023-04-15,Technical Skills,External,Completed,5,979.98,51,4
3872,2018-08-10,IT Support,CCDR,Active,Contract,Zone B,Part-Time,IT/IS,Engineers,08-01-1966,MA,Female,Asian,Single,Fully Meets,3,2022-08-15,5,5,3,2023-02-26,Communication Skills,Internal,Completed,3,499.86,52,4
3873,2022-03-04,Sr. Network Engineer,NEL,Active,Full-Time,Zone B,Part-Time,IT/IS,Executive,27-10-1972,MA,Male,Hispanic,Widowed,Fully Meets,3,2023-03-25,3,4,5,2023-03-10,Project Management,Internal,Completed,3,598.22,50,4
3874,2020-06-02,Sr. Network Engineer,PL,Active,Part-Time,Zone C,Part-Time,IT/IS,General - Con,22-10-1997,CT,Male,Hispanic,Married,Fully Meets,3,2022-10-01,4,4,5,2022-10-03,Project Management,External,Passed,2,421.93,23,4
3875,2021-06-29,Sr. Network Engineer,BPC,Active,Contract,Zone A,Temporary,IT/IS,Underground,23-08-1969,CT,Male,Asian,Divorced,Fully Meets,3,2023-02-02,5,5,1,2023-06-10,Leadership Development,External,Incomplete,2,860.22,52,4
3876,2021-10-24,Principal Data Architect,CCDR,Active,Contract,Zone C,Temporary,IT/IS,General - Con,30-05-1954,MA,Female,Hispanic,Single,PIP,3,2022-11-07,3,2,5,2022-11-10,Leadership Development,External,Failed,1,946.23,67,1
3877,2018-10-22,Network Engineer,MSC,Active,Part-Time,Zone A,Full-Time,Executive Office,General - Con,21-01-1976,MA,Male,Asian,Single,PIP,3,2023-06-30,3,3,4,2023-06-04,Communication Skills,External,Passed,1,888.55,42,1
3878,2018-09-08,Network Engineer,TNS,Active,Contract,Zone B,Part-Time,Executive Office,Engineers,18-02-1967,MA,Male,Other,Divorced,Fully Meets,3,2023-02-23,4,4,1,2022-12-28,Customer Service,Internal,Passed,5,749.69,51,4
3879,2019-02-08,Network Engineer,PYZ,Active,Full-Time,Zone C,Part-Time,IT/IS,Field Operations,13-01-1996,MA,Male,Hispanic,Married,Fully Meets,3,2022-12-22,1,5,2,2023-04-11,Project Management,Internal,Incomplete,2,613.95,23,4
3880,2021-03-29,Network Engineer,WBL,Active,Part-Time,Zone B,Temporary,IT/IS,General - Con,15-05-1973,MA,Male,Black,Single,Fully Meets,3,2022-09-18,4,3,1,2022-09-25,Communication Skills,Internal,Completed,3,934.92,48,4
3881,2019-06-19,IT Support,NEL,Active,Part-Time,Zone B,Part-Time,IT/IS,Field Operations,12-11-1992,MA,Male,Other,Divorced,Fully Meets,3,2022-10-20,5,3,5,2022-10-25,Project Management,External,Failed,3,170.61,27,4
3882,2019-01-30,IT Support,PL,Active,Contract,Zone C,Part-Time,IT/IS,Wireless,15-02-1946,MA,Female,Asian,Married,Fully Meets,3,2022-09-19,5,3,3,2023-06-02,Customer Service,Internal,Completed,2,654.09,73,4
3883,2022-05-06,IT Support,BPC,Active,Contract,Zone B,Full-Time,IT/IS,Field Operations,16-06-1991,MA,Female,White,Widowed,Fully Meets,3,2023-03-13,2,2,1,2023-07-05,Communication Skills,Internal,Incomplete,2,842.6,31,4
3884,2019-02-02,IT Support,CCDR,Active,Full-Time,Zone B,Temporary,IT/IS,Engineers,27-04-1987,MA,Female,Black,Widowed,Fully Meets,3,2023-07-30,4,2,3,2022-09-17,Customer Service,External,Passed,1,789.88,32,4
3885,2021-12-08,Sr. Network Engineer,EW,Active,Full-Time,Zone B,Part-Time,IT/IS,Engineers,21-10-1948,CT,Female,Black,Single,Fully Meets,3,2023-07-30,5,5,5,2022-08-19,Communication Skills,External,Failed,2,324.81,73,4
3886,2018-10-12,Sr. Network Engineer,MSC,Active,Part-Time,Zone B,Temporary,IT/IS,Wireless,06-12-1977,CT,Male,Other,Single,Fully Meets,3,2022-08-30,5,2,5,2022-11-28,Technical Skills,External,Passed,4,298.1,41,4
3889,2022-09-05,Network Engineer,TNS,Active,Contract,Zone B,Part-Time,Executive Office,General - Con,15-10-1982,MA,Male,Black,Single,Fully Meets,3,2023-01-26,2,1,1,2023-08-02,Technical Skills,External,Incomplete,1,292.8,40,4
3890,2022-07-19,Network Engineer,WBL,Active,Full-Time,Zone B,Temporary,IT/IS,General - Con,20-08-1999,MA,Male,Asian,Divorced,Fully Meets,3,2022-10-24,2,3,3,2023-01-08,Project Management,External,Completed,4,596.62,23,4
3891,2022-05-26,Network Engineer,BPC,Active,Full-Time,Zone C,Temporary,IT/IS,Engineers,04-07-1960,MA,Male,Other,Single,Fully Meets,3,2023-07-06,3,2,2,2023-04-08,Leadership Development,External,Passed,5,774.74,62,4
3892,2022-10-31,Network Engineer,CCDR,Active,Full-Time,Zone A,Full-Time,IT/IS,Engineers,01-04-1978,MA,Male,Hispanic,Divorced,Fully Meets,3,2023-07-11,5,4,2,2022-10-10,Technical Skills,External,Completed,5,894.59,44,4
3893,2023-03-22,IT Support,EW,Active,Full-Time,Zone B,Part-Time,IT/IS,General - Con,15-04-1953,MA,Female,Asian,Married,Fully Meets,3,2023-01-26,3,1,2,2022-09-16,Leadership Development,External,Failed,1,242.36,70,4
3894,2023-05-29,IT Support,MSC,Active,Full-Time,Zone A,Full-Time,IT/IS,Aerial,02-03-1959,MA,Female,Black,Married,Fully Meets,3,2022-08-14,4,3,5,2022-12-02,Leadership Development,External,Failed,4,533.27,64,4
3895,2020-02-23,IT Support,NEL,Active,Full-Time,Zone C,Full-Time,IT/IS,Splicing,16-05-1943,MA,Female,Other,Single,Fully Meets,3,2023-07-16,2,1,2,2023-04-22,Technical Skills,External,Completed,1,983.77,77,4
3896,2019-08-13,IT Support,PL,Active,Part-Time,Zone B,Temporary,IT/IS,Engineers,20-11-1980,MA,Female,Other,Widowed,Fully Meets,3,2023-02-14,5,3,1,2023-04-06,Technical Skills,Internal,Passed,4,293.64,39,4
3897,2019-03-25,Sr. Network Engineer,NEL,Active,Part-Time,Zone A,Part-Time,IT/IS,Aerial,31-03-1956,CT,Female,Black,Married,Fully Meets,3,2023-02-28,5,4,3,2023-08-04,Technical Skills,Internal,Incomplete,3,380.61,63,4
3900,2023-06-16,Principal Data Architect,CCDR,Active,Contract,Zone C,Full-Time,IT/IS,Field Operations,26-09-1995,MA,Female,Asian,Single,Fully Meets,3,2023-03-09,5,2,1,2023-05-02,Technical Skills,Internal,Passed,5,143.21,28,4
3901,2021-06-18,Network Engineer,EW,Active,Part-Time,Zone A,Temporary,Executive Office,Project Management - Eng,05-02-1988,MA,Male,Hispanic,Single,Fully Meets,3,2023-07-10,1,2,5,2023-05-11,Customer Service,External,Failed,1,876.73,33,4
3902,2023-05-22,Network Engineer,MSC,Active,Contract,Zone B,Temporary,Executive Office,Wireline Construction,02-06-1964,MA,Male,Black,Single,Fully Meets,3,2023-02-02,3,1,1,2023-01-11,Leadership Development,External,Failed,4,768.05,59,4
3903,2019-05-14,Network Engineer,TNS,Active,Full-Time,Zone A,Full-Time,IT/IS,Field Operations,21-07-1993,MA,Male,Hispanic,Single,Fully Meets,3,2023-02-04,1,4,3,2023-06-01,Communication Skills,External,Incomplete,4,153.15,26,4
3904,2020-12-27,Network Engineer,PYZ,Active,Contract,Zone A,Part-Time,IT/IS,Engineers,03-03-1970,MA,Male,Asian,Widowed,Fully Meets,3,2022-09-13,4,4,1,2023-06-17,Project Management,External,Passed,5,339.73,50,4
3905,2020-08-04,Network Engineer,WBL,Active,Full-Time,Zone A,Full-Time,IT/IS,Billable Consultants,08-06-1958,MA,Female,Black,Widowed,Fully Meets,3,2023-06-12,5,5,5,2022-12-18,Project Management,Internal,Failed,3,233.22,62,4
3906,2020-08-25,IT Support,NEL,Active,Contract,Zone C,Temporary,IT/IS,Wireline Construction,05-09-1975,MA,Female,Other,Married,Fully Meets,3,2023-01-18,3,2,4,2023-02-19,Project Management,Internal,Completed,2,735.44,45,4
3907,2022-02-24,IT Support,PL,Active,Full-Time,Zone A,Temporary,IT/IS,Engineers,11-07-1964,MA,Female,White,Married,Fully Meets,3,2023-03-07,3,2,5,2022-12-06,Technical Skills,External,Incomplete,3,281.7,58,4
3908,2019-08-06,IT Support,BPC,Active,Part-Time,Zone C,Temporary,IT/IS,Splicing,11-07-1986,MA,Female,Black,Married,Needs Improvement,3,2022-12-25,2,5,3,2022-09-20,Project Management,External,Failed,1,489.69,33,2
3909,2021-08-01,IT Support,CCDR,Active,Part-Time,Zone C,Part-Time,IT/IS,General - Eng,26-05-1944,MA,Female,Other,Married,Needs Improvement,3,2023-05-18,1,1,2,2023-01-04,Project Management,Internal,Failed,4,436.23,77,2
3910,2022-07-13,Sr. Network Engineer,WBL,Active,Part-Time,Zone A,Part-Time,IT/IS,Wireless,22-02-1997,MA,Female,White,Widowed,Needs Improvement,3,2022-11-29,5,3,4,2023-05-07,Leadership Development,External,Incomplete,5,248.85,25,2
3911,2021-05-28,Sr. Network Engineer,NEL,Active,Full-Time,Zone A,Part-Time,IT/IS,Splicing,29-07-1950,CT,Male,White,Widowed,Fully Meets,3,2023-06-06,2,5,4,2022-09-09,Customer Service,External,Failed,5,395.22,71,4
3914,2020-02-04,Network Engineer,SVG,Active,Contract,Zone C,Temporary,Executive Office,Engineers,22-07-1958,MA,Male,Other,Single,Exceeds,3,2023-03-15,3,5,3,2023-02-24,Leadership Development,Internal,Failed,1,559.86,62,5
3915,2022-08-28,Network Engineer,TNS,Active,Contract,Zone B,Part-Time,IT/IS,Field Operations,03-05-1991,MA,Male,Other,Widowed,Fully Meets,3,2023-02-01,5,3,1,2023-04-01,Leadership Development,External,Completed,2,602.21,31,4
3916,2022-06-27,Network Engineer,WBL,Active,Part-Time,Zone C,Temporary,IT/IS,Project Management - Con,25-05-1964,MA,Male,Other,Widowed,Fully Meets,3,2023-03-22,1,3,1,2023-03-16,Communication Skills,External,Passed,4,343.6,58,4
3917,2019-12-19,Network Engineer,PYZ,Active,Part-Time,Zone C,Full-Time,IT/IS,General - Con,11-04-1993,MA,Female,Black,Widowed,Exceeds,3,2022-09-24,3,1,4,2023-03-28,Project Management,Internal,Failed,3,328.89,26,5
3918,2020-09-24,Network Engineer,WBL,Active,Contract,Zone A,Full-Time,IT/IS,Field Operations,17-06-1960,MA,Female,Asian,Widowed,Fully Meets,3,2023-05-30,3,3,5,2022-10-10,Communication Skills,External,Completed,3,701.83,60,4
3919,2023-07-06,IT Support,NEL,Active,Contract,Zone C,Full-Time,IT/IS,Field Operations,07-10-1944,MA,Female,Asian,Divorced,Fully Meets,3,2023-05-02,3,3,2,2023-07-28,Customer Service,External,Completed,5,229.03,79,4
3920,2021-04-11,IT Support,PL,Active,Full-Time,Zone A,Part-Time,IT/IS,Field Operations,04-11-1961,MA,Female,Other,Divorced,Fully Meets,3,2022-11-14,2,1,4,2023-06-04,Customer Service,Internal,Failed,3,809.39,60,4
3921,2020-02-12,IT Support,BPC,Active,Contract,Zone A,Part-Time,IT/IS,Splicing,30-11-1943,MA,Female,Other,Married,Fully Meets,3,2023-06-30,4,3,2,2023-06-04,Customer Service,External,Completed,5,393.54,77,4
3922,2018-12-25,IT Support,CCDR,Active,Part-Time,Zone A,Full-Time,IT/IS,General - Con,04-10-1996,MA,Female,White,Widowed,Fully Meets,3,2023-02-15,5,3,1,2023-03-18,Communication Skills,External,Incomplete,1,629.74,22,4
3923,2021-12-25,Sr. Network Engineer,WBL,Active,Full-Time,Zone C,Part-Time,IT/IS,Aerial,16-03-1955,MA,Female,Hispanic,Single,Exceeds,3,2022-10-27,2,4,3,2022-12-27,Project Management,External,Failed,2,378.39,66,5
3924,2021-05-22,Sr. Network Engineer,NEL,Active,Full-Time,Zone B,Full-Time,IT/IS,General - Con,27-04-1993,CT,Male,Other,Widowed,Fully Meets,3,2022-11-07,2,4,5,2022-09-08,Customer Service,External,Passed,2,715.98,28,4
3926,2019-02-27,Sr. Network Engineer,BPC,Active,Full-Time,Zone C,Full-Time,IT/IS,Wireless,16-12-1941,MA,Female,Hispanic,Single,Needs Improvement,3,2023-07-15,4,1,4,2023-07-25,Customer Service,Internal,Incomplete,2,449.35,78,2
3927,2020-03-01,Network Engineer,SVG,Active,Contract,Zone C,Temporary,Executive Office,Aerial,12-10-1982,MA,Male,Other,Single,Fully Meets,3,2023-05-04,5,4,1,2023-03-05,Customer Service,External,Completed,2,878.67,38,4
3928,2021-01-27,Network Engineer,TNS,Active,Full-Time,Zone A,Temporary,IT/IS,General - Con,11-07-1956,MA,Male,White,Widowed,Fully Meets,3,2023-01-04,4,2,1,2022-09-11,Leadership Development,Internal,Failed,1,799.99,65,4
3929,2023-06-18,Network Engineer,WBL,Active,Contract,Zone C,Part-Time,IT/IS,Wireline Construction,20-04-1977,MA,Female,Asian,Married,Fully Meets,3,2022-10-28,2,5,2,2023-07-11,Technical Skills,Internal,Failed,3,617.52,46,4
3930,2019-11-24,Network Engineer,BPC,Active,Contract,Zone A,Part-Time,IT/IS,General - Con,09-04-1984,MA,Female,Asian,Married,Fully Meets,3,2023-05-06,4,4,4,2023-05-30,Leadership Development,External,Failed,5,522.86,35,4
3931,2021-09-24,Network Engineer,CCDR,Active,Part-Time,Zone A,Temporary,IT/IS,Engineers,26-06-1960,MA,Male,Black,Widowed,Fully Meets,3,2022-09-30,2,1,5,2022-11-12,Customer Service,External,Failed,5,685.82,61,4
3932,2022-08-17,IT Support,EW,Active,Contract,Zone B,Full-Time,IT/IS,General - Eng,21-04-1965,MA,Female,Black,Single,Fully Meets,3,2023-06-23,5,5,4,2023-02-27,Technical Skills,Internal,Completed,5,898.93,57,4
3933,2023-04-18,IT Support,MSC,Active,Contract,Zone A,Part-Time,IT/IS,Engineers,21-08-1967,MA,Female,White,Married,Fully Meets,3,2023-03-27,3,4,5,2022-08-23,Communication Skills,Internal,Incomplete,1,559.55,56,4
3934,2020-04-15,IT Support,NEL,Active,Full-Time,Zone C,Temporary,IT/IS,Executive,03-01-1979,MA,Female,Asian,Widowed,Fully Meets,3,2023-04-07,3,3,2,2023-02-16,Project Management,Internal,Completed,5,219.78,41,4
3935,2020-12-25,IT Support,PL,Active,Full-Time,Zone C,Full-Time,IT/IS,Aerial,16-11-1993,MA,Male,White,Widowed,Fully Meets,3,2023-04-05,5,1,4,2023-07-16,Customer Service,Internal,Passed,5,223.6,27,4
3936,2022-07-21,Enterprise Architect,MSC,Terminated,Full-Time,Zone B,Temporary,IT/IS,General - Sga,27-06-1998,CT,Male,Other,Widowed,Fully Meets,3,2023-03-25,5,3,4,2023-05-14,Communication Skills,Internal,Completed,4,283.29,24,4
3937,2022-11-04,Database Administrator,EW,Active,Contract,Zone C,Part-Time,IT/IS,Field Operations,13-09-1944,MA,Male,White,Widowed,Fully Meets,3,2022-11-21,1,3,1,2023-04-02,Communication Skills,Internal,Completed,2,935.28,78,4
3938,2020-04-20,Data Analyst,BPC,Active,Part-Time,Zone B,Temporary,IT/IS,Field Operations,28-05-1955,MA,Female,Hispanic,Married,Fully Meets,3,2022-12-16,1,1,1,2023-07-30,Technical Skills,External,Completed,2,892.83,65,4
3939,2019-09-05,Data Analyst,CCDR,Active,Part-Time,Zone A,Part-Time,IT/IS,General - Con,04-09-1992,TX,Male,Black,Married,Fully Meets,3,2023-01-09,5,2,4,2023-05-18,Technical Skills,Internal,Passed,4,318.19,27,4
3940,2019-08-11,Sr. DBA,EW,Active,Contract,Zone B,Full-Time,IT/IS,General - Con,09-08-1958,MA,Male,Other,Divorced,Fully Meets,3,2022-12-25,5,4,3,2022-08-11,Project Management,External,Failed,5,305.31,61,4
3941,2018-11-04,Data Analyst,BPC,Active,Full-Time,Zone B,Temporary,IT/IS,Field Operations,30-08-1985,MA,Male,White,Married,Fully Meets,3,2023-01-26,2,3,3,2022-09-13,Project Management,External,Incomplete,5,756.43,33,4
3942,2018-11-04,Principal Data Architect,PYZ,Terminated,Contract,Zone B,Temporary,IT/IS,Catv,04-09-1951,MA,Female,Asian,Married,PIP,3,2023-02-02,3,4,1,2023-01-28,Customer Service,External,Completed,5,940.22,67,1
3943,2019-07-27,Data Analyst ,NEL,Terminated,Part-Time,Zone A,Part-Time,IT/IS,General - Eng,04-08-1971,MA,Male,Black,Single,Fully Meets,3,2022-08-06,5,2,2,2023-05-15,Communication Skills,External,Failed,3,282.37,48,4
3944,2020-12-21,Data Analyst,SVG,Active,Full-Time,Zone A,Full-Time,IT/IS,General - Sga,05-07-1997,MA,Female,White,Single,Fully Meets,3,2023-02-26,5,3,4,2022-08-19,Technical Skills,External,Completed,1,627.14,23,4
3945,2022-07-25,Data Analyst,MSC,Active,Full-Time,Zone C,Temporary,IT/IS,Engineers,23-03-1998,MA,Female,Black,Single,PIP,3,2023-01-03,4,4,2,2022-08-29,Communication Skills,External,Incomplete,2,864.5,24,1
3946,2019-06-15,Database Administrator,NEL,Active,Contract,Zone A,Temporary,IT/IS,Shop (Fleet),20-07-1957,MA,Female,White,Married,Fully Meets,3,2023-07-23,1,3,4,2023-07-15,Leadership Development,External,Passed,4,981.64,62,4
3947,2020-04-04,Database Administrator,EW,Terminated,Full-Time,Zone B,Full-Time,IT/IS,Field Operations,03-12-1996,MA,Female,Hispanic,Married,Fully Meets,3,2023-07-28,4,3,1,2023-01-14,Project Management,Internal,Failed,3,456.02,24,4
3948,2023-02-03,Data Analyst,MSC,Terminated,Contract,Zone C,Full-Time,IT/IS,Aerial,29-10-1943,MA,Male,Hispanic,Married,Fully Meets,3,2023-03-10,4,4,2,2023-04-02,Leadership Development,External,Passed,5,350.68,80,4
3950,2023-07-12,Database Administrator,CCDR,Active,Full-Time,Zone A,Part-Time,IT/IS,Fielders,29-01-1989,MA,Female,Hispanic,Widowed,Fully Meets,3,2022-10-18,2,3,5,2023-04-22,Technical Skills,Internal,Completed,2,119.24,34,4
3951,2021-04-25,Database Administrator,MSC,Terminated,Contract,Zone A,Temporary,IT/IS,Wireline Construction,07-09-1961,MA,Female,Asian,Divorced,Fully Meets,3,2023-04-01,4,1,3,2023-04-08,Project Management,Internal,Completed,5,532.41,60,4
3952,2021-03-13,Data Analyst,EW,Active,Full-Time,Zone A,Full-Time,IT/IS,Finance & Accounting,01-11-1950,MA,Male,Black,Single,Fully Meets,3,2022-12-13,1,4,1,2023-07-16,Project Management,External,Incomplete,5,625.95,71,4
3953,2021-08-16,Data Analyst,BPC,Active,Full-Time,Zone B,Full-Time,IT/IS,General - Eng,22-02-1965,MA,Female,White,Married,Fully Meets,3,2023-03-16,3,4,4,2023-05-31,Customer Service,Internal,Passed,2,779.08,56,4
3954,2021-10-18,Database Administrator,CCDR,Active,Full-Time,Zone B,Temporary,IT/IS,General - Con,11-11-1946,MA,Female,Hispanic,Married,Fully Meets,3,2023-06-18,5,1,5,2023-05-11,Leadership Development,External,Completed,1,497.09,75,4
3955,2020-02-16,Database Administrator,SVG,Active,Contract,Zone C,Full-Time,IT/IS,Project Management - Con,28-10-1998,MA,Female,Hispanic,Married,Fully Meets,3,2023-06-10,2,1,1,2023-03-14,Technical Skills,External,Failed,1,762.36,22,4
3956,2019-08-07,Database Administrator,EW,Active,Contract,Zone A,Temporary,IT/IS,General - Sga,02-01-1997,TX,Female,Black,Widowed,Fully Meets,3,2022-09-26,4,5,2,2022-10-21,Customer Service,External,Failed,4,611.15,22,4
3957,2022-01-03,Database Administrator,MSC,Active,Contract,Zone C,Temporary,IT/IS,Field Operations,02-01-1991,TX,Female,Other,Divorced,Fully Meets,3,2023-06-07,3,2,4,2023-06-22,Communication Skills,Internal,Passed,3,724.95,31,4
3958,2020-09-22,Database Administrator,TNS,Active,Part-Time,Zone C,Full-Time,IT/IS,Field Operations,18-09-1974,TX,Female,Hispanic,Married,PIP,3,2023-04-10,5,3,1,2022-12-21,Technical Skills,Internal,Completed,5,332.9,46,1
3959,2022-11-11,Data Architect,PYZ,Terminated,Part-Time,Zone A,Full-Time,IT/IS,General - Con,20-08-1988,TX,Male,Hispanic,Single,Fully Meets,3,2023-06-30,5,4,5,2023-01-30,Communication Skills,Internal,Incomplete,5,116.9,34,4
3960,2018-08-11,CIO,WBL,Active,Part-Time,Zone A,Full-Time,IT/IS,Field Operations,05-04-1947,TX,Male,White,Married,Fully Meets,3,2023-07-14,3,4,1,2023-03-19,Communication Skills,External,Completed,1,430.46,71,4
3961,2023-03-31,BI Director,NEL,Active,Full-Time,Zone A,Full-Time,IT/IS,Aerial,19-06-1978,MA,Male,Black,Divorced,Fully Meets,3,2022-11-20,2,5,2,2023-02-05,Leadership Development,Internal,Passed,5,881.61,45,4
3962,2021-03-10,Sr. DBA,MSC,Active,Contract,Zone B,Part-Time,IT/IS,Aerial,18-11-1990,MA,Female,Hispanic,Divorced,Fully Meets,3,2023-05-30,4,3,3,2022-11-04,Customer Service,Internal,Failed,3,454.92,31,4
3963,2019-08-30,Sr. Accountant,TNS,Active,Part-Time,Zone B,Temporary,IT/IS,Field Operations,19-05-1998,MA,Female,Black,Widowed,Fully Meets,3,2023-07-28,4,1,5,2023-04-15,Customer Service,External,Completed,2,381.88,21,4
3965,2020-04-22,Software Engineering Manager,WBL,Active,Contract,Zone B,Part-Time,IT/IS,General - Con,01-11-1998,MA,Female,Other,Married,Fully Meets,3,2023-06-08,4,1,2,2023-06-20,Technical Skills,Internal,Completed,4,198.58,22,4
3967,2018-12-03,Data Analyst,MSC,Active,Full-Time,Zone A,Temporary,IT/IS,Finance & Accounting,19-07-1955,MA,Female,Black,Married,Fully Meets,3,2023-01-05,5,3,4,2023-05-16,Customer Service,External,Failed,4,683.96,63,4
3968,2021-02-20,Data Analyst,NEL,Active,Contract,Zone B,Temporary,IT/IS,Engineers,14-07-1967,MA,Female,Other,Married,Fully Meets,3,2022-12-14,5,5,1,2022-12-02,Technical Skills,External,Completed,3,891.63,54,4
3969,2021-01-17,Database Administrator,PL,Active,Contract,Zone A,Full-Time,IT/IS,Aerial,18-06-1966,MA,Female,Asian,Divorced,Exceeds,3,2022-08-09,4,5,2,2023-03-01,Technical Skills,Internal,Failed,4,701.87,55,5
3970,2020-10-04,Database Administrator,PYZ,Active,Part-Time,Zone B,Full-Time,IT/IS,Field Operations,08-11-1950,MA,Female,Other,Married,Exceeds,3,2023-01-14,5,1,5,2023-02-25,Technical Skills,Internal,Incomplete,4,216.73,70,5
3971,2021-01-29,Database Administrator,SVG,Active,Part-Time,Zone A,Temporary,IT/IS,General - Con,31-10-1958,TX,Female,Other,Widowed,Fully Meets,3,2023-03-23,3,3,2,2022-08-16,Project Management,External,Passed,5,482.47,63,4
3972,2022-07-26,Database Administrator,TNS,Active,Part-Time,Zone B,Part-Time,IT/IS,General - Con,07-06-1955,TX,Female,Black,Divorced,Fully Meets,3,2022-10-29,5,4,1,2023-04-25,Leadership Development,External,Incomplete,5,853.57,67,4
3973,2018-09-21,Database Administrator,WBL,Terminated,Part-Time,Zone C,Temporary,IT/IS,Field Operations,22-05-1973,TX,Female,Hispanic,Single,Exceeds,3,2022-08-17,3,2,1,2022-11-14,Leadership Development,Internal,Passed,1,202.97,45,5
3974,2018-12-25,Data Architect,BPC,Terminated,Part-Time,Zone C,Full-Time,IT/IS,General - Eng,07-01-1986,TX,Male,Other,Married,Exceeds,3,2023-04-04,4,5,1,2023-04-27,Communication Skills,Internal,Passed,1,487.4,32,5
3975,2020-11-03,CIO,CCDR,Terminated,Part-Time,Zone B,Temporary,IT/IS,Field Operations,25-01-1999,TX,Male,Asian,Single,Fully Meets,3,2022-11-27,1,4,3,2023-05-08,Leadership Development,External,Completed,2,669.81,21,4
3976,2021-10-22,Sr. DBA,MSC,Active,Full-Time,Zone C,Temporary,IT/IS,Field Operations,17-11-1991,MA,Female,White,Divorced,Fully Meets,3,2023-04-25,4,5,1,2023-04-22,Leadership Development,Internal,Completed,1,645.02,30,4
3977,2018-08-27,Sr. Accountant,TNS,Active,Full-Time,Zone A,Full-Time,IT/IS,Wireline Construction,19-08-1943,MA,Female,Black,Divorced,Fully Meets,3,2023-01-06,1,5,4,2022-10-13,Technical Skills,External,Completed,2,157.4,75,4
3978,2020-07-12,Sr. Accountant,PYZ,Active,Part-Time,Zone B,Part-Time,IT/IS,General - Con,26-04-1980,MA,Male,Asian,Widowed,Fully Meets,3,2022-09-04,4,3,5,2023-05-15,Project Management,External,Failed,1,131.98,40,4
3980,2020-05-11,Data Analyst,PL,Active,Full-Time,Zone C,Full-Time,IT/IS,Project Management - Con,02-12-1975,MA,Female,White,Married,Exceeds,3,2022-10-03,4,2,5,2023-07-27,Communication Skills,External,Incomplete,1,695.56,45,5
3981,2020-07-24,Data Analyst,BPC,Active,Full-Time,Zone A,Temporary,IT/IS,Field Operations,07-02-1960,MA,Female,Black,Divorced,Fully Meets,3,2022-10-31,1,2,4,2022-12-22,Communication Skills,External,Passed,2,869.96,60,4
3982,2022-08-09,Database Administrator,CCDR,Active,Part-Time,Zone B,Part-Time,IT/IS,Aerial,12-06-1957,MA,Female,Other,Married,Needs Improvement,3,2022-10-09,1,1,1,2022-12-09,Technical Skills,Internal,Completed,1,189.91,65,2
3983,2022-06-12,Database Administrator,SVG,Active,Full-Time,Zone A,Full-Time,IT/IS,Field Operations,12-04-1964,MA,Female,Hispanic,Married,Exceeds,3,2022-12-03,4,3,1,2023-07-24,Project Management,External,Failed,5,407.96,58,5
3984,2022-02-10,Database Administrator,EW,Active,Contract,Zone B,Full-Time,IT/IS,Wireline Construction,23-07-1963,TX,Female,Hispanic,Single,Fully Meets,3,2023-02-24,5,5,4,2022-08-07,Communication Skills,Internal,Incomplete,1,202.91,59,4
3985,2023-01-13,Database Administrator,MSC,Terminated,Part-Time,Zone A,Part-Time,IT/IS,People Services,18-01-1992,TX,Male,White,Widowed,Fully Meets,3,2022-09-28,5,4,2,2022-10-16,Communication Skills,Internal,Passed,4,956.95,31,4
3986,2020-03-10,Database Administrator,TNS,Active,Part-Time,Zone A,Temporary,IT/IS,Catv,27-11-1972,TX,Female,Hispanic,Married,Fully Meets,3,2022-10-08,4,3,2,2022-10-15,Technical Skills,External,Passed,5,813.03,48,4
3987,2022-02-25,Data Architect,PYZ,Terminated,Full-Time,Zone A,Full-Time,IT/IS,Catv,03-05-1982,TX,Male,Other,Widowed,Exceeds,3,2022-12-22,5,4,1,2022-08-24,Project Management,External,Passed,1,962.54,40,5
3989,2022-07-11,Sr. DBA,TNS,Active,Full-Time,Zone C,Part-Time,IT/IS,General - Con,18-06-1952,MA,Female,Asian,Widowed,Fully Meets,3,2023-04-26,2,1,1,2023-01-22,Communication Skills,Internal,Passed,5,866.51,70,4
3991,2023-04-10,Sr. Accountant,BPC,Active,Contract,Zone B,Full-Time,IT/IS,Project Management - Con,09-03-1974,MA,Male,Black,Single,Fully Meets,3,2022-10-11,2,3,2,2022-09-19,Customer Service,Internal,Completed,4,716.52,49,4
3992,2022-12-08,Data Analyst,SVG,Active,Part-Time,Zone A,Full-Time,IT/IS,General - Eng,28-12-1961,MA,Male,Black,Married,Fully Meets,3,2023-07-14,4,3,1,2022-09-13,Project Management,External,Completed,3,323.25,61,4
3993,2022-06-22,Data Analyst,PYZ,Active,Contract,Zone C,Full-Time,IT/IS,Field Operations,24-05-1996,MA,Female,Asian,Married,Fully Meets,3,2022-10-16,3,4,4,2023-01-27,Communication Skills,Internal,Failed,2,229.0,26,4
3994,2022-09-22,Data Analyst,PL,Active,Full-Time,Zone A,Full-Time,IT/IS,Field Operations,08-02-1987,MA,Female,Asian,Single,Fully Meets,3,2023-02-14,3,5,2,2023-02-11,Customer Service,Internal,Failed,1,861.91,35,4
3995,2019-07-15,Database Administrator,NEL,Active,Full-Time,Zone A,Temporary,IT/IS,Wireline Construction,08-12-1946,MA,Female,Black,Widowed,Exceeds,3,2023-01-05,4,5,2,2022-12-23,Project Management,External,Incomplete,3,803.73,73,5
3996,2021-09-01,Database Administrator,MSC,Active,Part-Time,Zone C,Full-Time,IT/IS,Catv,29-11-1999,MA,Female,White,Widowed,Fully Meets,3,2023-04-14,3,5,1,2023-01-09,Customer Service,Internal,Failed,2,808.51,22,4
3997,2019-07-16,Database Administrator,EW,Active,Contract,Zone A,Temporary,IT/IS,Engineers,02-12-1946,TX,Male,Black,Single,Needs Improvement,3,2022-09-10,2,4,1,2022-09-19,Project Management,External,Failed,4,629.16,73,2
3998,2021-12-24,Database Administrator,CCDR,Terminated,Full-Time,Zone B,Full-Time,IT/IS,Yard (Material Handling),22-01-1971,TX,Female,Other,Married,Fully Meets,3,2023-02-22,5,5,2,2022-09-26,Customer Service,External,Completed,1,994.09,50,4
3999,2019-04-17,Database Administrator,BPC,Terminated,Full-Time,Zone B,Full-Time,IT/IS,Engineers,01-02-1943,TX,Male,Asian,Single,Exceeds,3,2022-10-02,5,4,2,2023-07-02,Leadership Development,Internal,Incomplete,5,477.78,76,5
4000,2019-10-26,Data Architect,PYZ,Terminated,Contract,Zone C,Full-Time,IT/IS,Field Operations,31-03-1960,TX,Male,Black,Divorced,Fully Meets,3,2023-04-21,3,2,1,2022-10-06,Leadership Development,Internal,Completed,4,951.27,59,4
1001,2019-08-29,Software Engineer,BPC,Active,Part-Time,Zone A,Part-Time,Software Engineering,Engineers,21-09-1957,MA,Female,Black,Married,Fully Meets,3,2022-10-10,2,5,5,2022-09-21,Customer Service,Internal,Failed,4,510.83,62,4
1002,2022-12-12,Software Engineer,NEL,Active,Part-Time,Zone A,Temporary,Software Engineering,Catv,08-07-1950,MA,Female,Asian,Widowed,Fully Meets,3,2023-08-03,4,5,3,2023-07-19,Leadership Development,Internal,Failed,2,582.37,72,4
1003,2023-03-08,Software Engineer,WBL,Active,Contract,Zone A,Part-Time,Software Engineering,Field Operations,23-11-1973,MA,Female,White,Married,Fully Meets,3,2023-01-03,2,5,2,2023-02-24,Technical Skills,Internal,Incomplete,4,777.06,50,4
1004,2020-05-29,Software Engineer,PYZ,Active,Part-Time,Zone C,Part-Time,Software Engineering,Project Management - Con,27-01-1957,MA,Male,Black,Single,Fully Meets,3,2023-07-30,3,5,3,2023-01-12,Customer Service,Internal,Completed,2,824.3,63,4
1005,2022-09-16,Software Engineer,SVG,Active,Full-Time,Zone B,Temporary,Software Engineering,Field Operations,28-07-1970,MA,Male,Black,Divorced,Fully Meets,3,2023-06-19,2,4,5,2023-05-12,Communication Skills,External,Passed,4,145.99,52,4
1006,2021-08-15,Software Engineer,MSC,Active,Full-Time,Zone C,Part-Time,Software Engineering,Engineers,19-02-1959,MA,Female,White,Widowed,Fully Meets,3,2023-05-03,5,2,1,2023-05-08,Project Management,Internal,Failed,2,838.07,62,4
1007,2020-10-25,Software Engineer,SVG,Terminated,Part-Time,Zone A,Part-Time,Software Engineering,General - Con,18-03-2000,MA,Male,Black,Widowed,Fully Meets,3,2023-07-18,2,1,5,2023-05-14,Leadership Development,External,Failed,2,667.32,20,4
1008,2019-08-28,Software Engineer,BPC,Active,Contract,Zone B,Temporary,Software Engineering,General - Con,21-12-1981,MA,Female,Hispanic,Married,Fully Meets,3,2023-06-21,5,2,2,2023-08-02,Technical Skills,External,Incomplete,2,758.18,38,4
1009,2019-06-13,Software Engineer,NEL,Active,Part-Time,Zone C,Temporary,Software Engineering,General - Con,01-03-1987,MA,Female,Other,Single,Fully Meets,3,2023-06-06,2,5,1,2022-08-21,Customer Service,Internal,Incomplete,2,101.21,32,4
1010,2021-01-12,Software Engineer,EW,Terminated,Part-Time,Zone C,Temporary,Software Engineering,Field Operations,21-10-1992,MA,Male,Hispanic,Divorced,Fully Meets,3,2022-09-15,2,4,2,2022-08-19,Communication Skills,External,Incomplete,5,332.25,29,4
1011,2022-02-07,Software Engineer,MSC,Terminated,Contract,Zone A,Temporary,Software Engineering,General - Con,22-02-1948,MA,Male,Hispanic,Married,Fully Meets,3,2022-12-08,1,2,3,2022-11-06,Communication Skills,Internal,Completed,1,803.98,74,4
1012,2020-11-09,Software Engineer,TNS,Terminated,Contract,Zone A,Temporary,Software Engineering,General - Eng,03-10-1978,MA,Male,White,Single,Fully Meets,3,2023-01-13,3,5,4,2023-03-28,Technical Skills,External,Failed,3,887.08,42,4
1013,2020-05-13,Software Engineer,PYZ,Active,Part-Time,Zone B,Full-Time,Software Engineering,Engineers,19-11-1974,MA,Male,Asian,Single,Fully Meets,3,2022-12-13,5,4,3,2023-04-08,Project Management,External,Incomplete,2,657.85,46,4
1014,2022-12-31,Shared Services Manager,WBL,Active,Part-Time,Zone A,Full-Time,Software Engineering,Catv,13-07-1953,MA,Male,Other,Single,Fully Meets,3,2023-06-28,4,4,1,2023-02-21,Customer Service,External,Incomplete,2,895.49,69,4
1015,2018-12-03,Shared Services Manager,NEL,Active,Contract,Zone A,Part-Time,Software Engineering,People Services,04-12-1961,MA,Female,White,Married,Fully Meets,3,2023-07-11,1,1,3,2023-05-13,Leadership Development,External,Passed,1,539.0,57,4
1016,2020-02-21,Senior BI Developer,PL,Active,Part-Time,Zone B,Part-Time,Admin Offices,Shop (Fleet),08-03-1956,MA,Female,White,Single,Fully Meets,3,2022-12-09,2,3,2,2023-04-30,Communication Skills,External,Completed,2,606.68,64,4
1017,2020-09-07,Senior BI Developer,BPC,Active,Full-Time,Zone B,Full-Time,Admin Offices,Field Operations,05-07-1947,MA,Female,Black,Single,Fully Meets,3,2023-07-16,4,1,3,2022-11-14,Technical Skills,External,Passed,3,265.73,73,4
1018,2020-06-19,Senior BI Developer,CCDR,Active,Part-Time,Zone A,Part-Time,Admin Offices,General - Con,24-02-1942,MA,Female,White,Married,Fully Meets,3,2023-06-21,4,1,4,2023-03-25,Project Management,Internal,Incomplete,2,673.29,78,4
1019,2022-10-14,Software Engineer,EW,Terminated,Full-Time,Zone A,Temporary,Software Engineering,Fielders,28-11-1978,MA,Male,Hispanic,Widowed,Fully Meets,3,2023-06-21,1,3,5,2022-10-26,Project Management,External,Passed,5,436.98,44,4
1020,2023-06-20,Software Engineer,MSC,Terminated,Contract,Zone C,Full-Time,Software Engineering,Field Operations,20-12-1990,MA,Female,Black,Widowed,Fully Meets,3,2023-08-01,2,1,2,2022-12-30,Technical Skills,External,Passed,4,578.58,33,4
1021,2020-11-09,Software Engineer,TNS,Terminated,Full-Time,Zone C,Full-Time,Software Engineering,General - Eng,25-01-1989,MA,Male,Hispanic,Single,Fully Meets,3,2023-03-09,5,1,4,2023-03-10,Technical Skills,Internal,Failed,1,647.16,31,4
1022,2022-09-19,Software Engineer,PYZ,Active,Part-Time,Zone A,Temporary,Software Engineering,Field Operations,11-06-1962,MA,Male,Black,Divorced,Fully Meets,3,2023-02-12,1,4,4,2023-01-12,Project Management,Internal,Failed,1,664.23,60,4
1023,2018-11-09,Shared Services Manager,WBL,Active,Contract,Zone C,Part-Time,Software Engineering,General - Con,05-04-1992,MA,Male,Hispanic,Divorced,Fully Meets,3,2023-01-17,4,4,3,2022-10-19,Project Management,Internal,Failed,4,893.07,26,4
1024,2018-12-30,Shared Services Manager,NEL,Active,Contract,Zone A,Part-Time,Software Engineering,Fielders,30-03-1987,MA,Female,Other,Divorced,Fully Meets,3,2022-10-12,5,3,1,2022-10-11,Project Management,External,Completed,5,868.98,31,4
1025,2023-05-11,Senior BI Developer,PL,Active,Full-Time,Zone A,Temporary,Admin Offices,Field Operations,13-11-1960,MA,Female,Other,Divorced,Fully Meets,3,2023-01-24,4,1,4,2023-01-13,Project Management,Internal,Incomplete,5,761.95,63,4
1026,2022-11-03,Senior BI Developer,BPC,Active,Contract,Zone A,Part-Time,Admin Offices,Engineers,07-11-1950,MA,Female,Other,Widowed,Fully Meets,3,2022-10-09,5,2,5,2023-04-17,Communication Skills,External,Incomplete,4,431.57,72,4
1027,2020-06-14,Senior BI Developer,CCDR,Active,Part-Time,Zone A,Full-Time,Admin Offices,General - Con,21-12-1962,MA,Male,Other,Single,Fully Meets,3,2023-04-05,2,3,5,2023-03-16,Communication Skills,External,Incomplete,4,357.57,58,4
1028,2019-10-15,Software Engineer,PYZ,Terminated,Full-Time,Zone C,Part-Time,Software Engineering,General - Con,22-10-2000,MA,Male,Asian,Single,Fully Meets,3,2023-03-26,5,5,4,2023-01-19,Technical Skills,Internal,Incomplete,3,804.06,19,4
1029,2020-04-28,Software Engineer,SVG,Active,Part-Time,Zone B,Part-Time,Software Engineering,Field Operations,01-06-1979,MA,Female,Asian,Divorced,Fully Meets,3,2022-11-07,3,5,4,2023-02-25,Project Management,Internal,Failed,5,729.41,41,4
1030,2019-10-29,Software Engineer,TNS,Active,Contract,Zone C,Temporary,Software Engineering,Field Operations,06-07-1955,MA,Male,Black,Single,Fully Meets,3,2023-01-03,4,4,1,2023-01-04,Communication Skills,Internal,Completed,1,169.46,64,4
1031,2021-04-28,Software Engineer,WBL,Active,Part-Time,Zone B,Temporary,Software Engineering,General - Con,29-10-1972,MA,Male,White,Widowed,Fully Meets,3,2023-02-27,5,3,2,2022-12-26,Communication Skills,Internal,Failed,1,833.28,49,4
1032,2022-04-19,Software Engineer,PYZ,Active,Full-Time,Zone C,Part-Time,Software Engineering,Aerial,01-07-1954,MA,Male,Asian,Widowed,Fully Meets,3,2023-05-22,5,4,4,2022-12-07,Technical Skills,External,Completed,3,482.23,68,4
1033,2023-03-28,Shared Services Manager,WBL,Active,Contract,Zone B,Full-Time,Software Engineering,Field Operations,28-03-1997,MA,Male,Other,Single,Fully Meets,3,2023-07-02,3,1,3,2023-06-20,Communication Skills,Internal,Incomplete,4,169.85,26,4
1034,2019-05-06,Shared Services Manager,NEL,Active,Full-Time,Zone C,Part-Time,Software Engineering,Project Management - Con,08-12-1977,MA,Female,Black,Single,Fully Meets,3,2023-07-09,2,5,1,2022-11-10,Leadership Development,Internal,Failed,1,570.62,42,4
1035,2020-10-13,Senior BI Developer,PL,Active,Full-Time,Zone A,Temporary,Admin Offices,Underground,16-02-1979,MA,Female,Asian,Divorced,Fully Meets,3,2023-07-19,1,5,5,2023-03-11,Communication Skills,Internal,Completed,2,724.14,41,4
1036,2021-07-06,Senior BI Developer,BPC,Active,Part-Time,Zone A,Part-Time,Admin Offices,Field Operations,08-08-1993,MA,Male,Asian,Single,Fully Meets,3,2022-08-09,5,2,1,2022-12-10,Customer Service,External,Failed,3,305.98,28,4
1037,2020-09-24,Software Engineer,CCDR,Terminated,Part-Time,Zone C,Full-Time,Software Engineering,Fielders,27-07-1993,MA,Male,Other,Widowed,Fully Meets,3,2022-11-25,5,1,4,2022-10-25,Leadership Development,Internal,Failed,2,646.76,27,4
1038,2023-01-18,Software Engineer,SVG,Active,Contract,Zone B,Part-Time,Software Engineering,Field Operations,04-05-1971,MA,Male,Hispanic,Married,Fully Meets,3,2023-03-10,5,1,2,2023-07-28,Customer Service,External,Failed,2,516.89,52,4
1039,2019-08-22,Software Engineer,EW,Terminated,Part-Time,Zone B,Part-Time,Software Engineering,Finance & Accounting,17-11-1982,MA,Female,Other,Widowed,Fully Meets,3,2022-12-03,2,4,5,2023-01-24,Customer Service,External,Passed,5,520.41,37,4
1040,2019-07-25,Software Engineer,MSC,Terminated,Contract,Zone A,Part-Time,Software Engineering,Field Operations,25-04-1972,MA,Male,White,Divorced,Fully Meets,3,2022-09-27,5,3,1,2022-12-01,Technical Skills,Internal,Completed,5,712.84,47,4
1041,2019-11-11,Software Engineer,TNS,Terminated,Full-Time,Zone A,Full-Time,Software Engineering,Engineers,04-11-1976,MA,Male,White,Single,Fully Meets,3,2023-01-19,3,1,4,2023-03-07,Customer Service,Internal,Completed,3,871.12,43,4
1042,2022-07-16,Software Engineer,PYZ,Active,Contract,Zone B,Temporary,Software Engineering,Field Operations,18-08-1942,MA,Male,Black,Widowed,Fully Meets,3,2023-02-17,1,3,4,2022-10-05,Project Management,Internal,Passed,1,228.11,80,4
1043,2022-12-19,Shared Services Manager,WBL,Active,Full-Time,Zone C,Part-Time,Software Engineering,Splicing,16-12-1955,MA,Female,White,Married,Fully Meets,3,2023-02-25,1,1,3,2022-08-10,Communication Skills,External,Completed,2,289.93,67,4
1044,2020-09-15,Shared Services Manager,NEL,Active,Contract,Zone A,Temporary,Software Engineering,Field Operations,16-09-1956,MA,Female,Hispanic,Divorced,Fully Meets,3,2022-11-26,2,4,5,2022-09-13,Technical Skills,External,Incomplete,4,920.78,64,4
1045,2020-10-04,Senior BI Developer,PL,Active,Full-Time,Zone C,Temporary,Admin Offices,Catv,10-06-1963,MA,Female,Black,Single,Fully Meets,3,2022-08-08,1,4,1,2023-06-11,Customer Service,External,Completed,2,690.41,57,4
1046,2022-04-23,Software Engineer,CCDR,Terminated,Full-Time,Zone A,Temporary,Software Engineering,Underground,17-11-1962,MA,Male,White,Single,Fully Meets,3,2023-02-18,3,5,4,2023-07-28,Leadership Development,Internal,Failed,2,211.39,60,4
1047,2021-11-27,Software Engineer,SVG,Active,Contract,Zone A,Part-Time,Software Engineering,Field Operations,24-11-1947,MA,Female,Hispanic,Single,Fully Meets,3,2023-05-12,4,2,3,2022-11-27,Project Management,Internal,Passed,2,606.63,74,4
1048,2019-11-29,Software Engineer,EW,Active,Part-Time,Zone A,Temporary,Software Engineering,General - Con,19-07-1956,MA,Male,Asian,Widowed,Fully Meets,3,2022-10-19,3,1,4,2022-12-02,Leadership Development,Internal,Completed,5,503.99,63,4
1049,2019-05-30,Software Engineer,MSC,Terminated,Part-Time,Zone B,Part-Time,Software Engineering,Field Operations,26-09-1954,MA,Male,White,Married,Fully Meets,3,2023-07-27,3,5,2,2022-11-20,Leadership Development,Internal,Completed,2,518.54,65,4
1050,2020-11-23,Software Engineer,TNS,Active,Contract,Zone B,Temporary,Software Engineering,Finance & Accounting,04-07-1993,MA,Male,Black,Widowed,Fully Meets,3,2023-07-03,4,5,1,2023-08-03,Customer Service,Internal,Completed,1,846.43,27,4
1051,2022-04-08,Software Engineer,PYZ,Active,Full-Time,Zone C,Part-Time,Software Engineering,Field Operations,29-04-1981,MA,Male,White,Divorced,Fully Meets,3,2023-01-01,2,4,5,2022-10-13,Leadership Development,Internal,Passed,3,572.94,41,4
1052,2021-02-25,Shared Services Manager,WBL,Active,Contract,Zone B,Part-Time,Software Engineering,General - Con,21-06-1980,MA,Female,Hispanic,Single,Fully Meets,3,2022-11-19,1,4,4,2022-10-25,Communication Skills,Internal,Incomplete,4,234.76,41,4
1053,2019-03-13,Shared Services Manager,NEL,Active,Contract,Zone C,Full-Time,Software Engineering,Project Management - Con,25-07-1947,MA,Female,Hispanic,Divorced,Fully Meets,3,2022-10-12,2,1,4,2022-12-19,Communication Skills,External,Passed,4,704.7,72,4
1054,2023-02-12,Software Engineer,PL,Active,Part-Time,Zone A,Full-Time,Software Engineering,Engineers,10-05-1993,MA,Male,White,Single,Fully Meets,3,2023-07-05,1,5,2,2022-11-04,Technical Skills,External,Failed,3,533.97,30,4
1055,2018-09-08,Software Engineer,PYZ,Active,Contract,Zone C,Full-Time,Software Engineering,Field Operations,24-11-1995,MA,Female,White,Widowed,Fully Meets,3,2022-09-23,3,4,1,2022-11-15,Customer Service,Internal,Passed,2,125.7,23,4
1056,2021-11-18,Software Engineer,SVG,Active,Contract,Zone C,Temporary,Software Engineering,Wireline Construction,01-09-1943,MA,Male,Hispanic,Widowed,Fully Meets,3,2023-01-17,4,2,2,2023-02-16,Leadership Development,Internal,Completed,2,442.06,78,4
1057,2023-07-01,Software Engineer,TNS,Active,Full-Time,Zone A,Full-Time,Software Engineering,Wireline Construction,27-10-1998,MA,Male,Asian,Widowed,Fully Meets,3,2023-03-12,3,2,5,2022-10-23,Project Management,Internal,Failed,4,649.23,25,4
1058,2022-04-18,Software Engineer,WBL,Active,Contract,Zone C,Temporary,Software Engineering,Billable Consultants,13-03-1942,MA,Male,Hispanic,Married,Fully Meets,3,2023-03-06,4,2,1,2023-04-01,Project Management,External,Incomplete,1,855.67,80,4
1059,2023-04-29,Software Engineer,BPC,Active,Part-Time,Zone C,Full-Time,Software Engineering,Engineers,23-05-1974,MA,Female,Asian,Widowed,Fully Meets,3,2023-03-29,4,3,3,2022-09-16,Technical Skills,Internal,Incomplete,3,256.82,49,4
1060,2018-10-10,Shared Services Manager,CCDR,Active,Part-Time,Zone B,Full-Time,Software Engineering,General - Con,05-02-1976,MA,Female,Black,Single,Fully Meets,3,2023-07-01,5,5,4,2022-09-06,Project Management,Internal,Completed,1,770.84,42,4
1061,2022-11-20,Shared Services Manager,EW,Active,Part-Time,Zone C,Part-Time,Software Engineering,General - Sga,21-05-1993,MA,Female,Other,Single,Fully Meets,3,2023-02-05,3,3,1,2023-08-01,Project Management,Internal,Incomplete,2,862.33,29,4
1062,2019-05-18,Software Engineer,BPC,Terminated,Part-Time,Zone A,Part-Time,Software Engineering,Engineers,03-11-1969,MA,Male,Hispanic,Married,Fully Meets,3,2023-01-03,3,2,1,2022-11-27,Technical Skills,Internal,Failed,5,702.84,50,4
1063,2021-06-22,Software Engineer,CCDR,Active,Full-Time,Zone B,Temporary,Software Engineering,Aerial,19-04-1945,MA,Female,Black,Single,Fully Meets,3,2023-07-25,5,2,4,2022-10-15,Technical Skills,Internal,Completed,1,523.82,76,4
1064,2022-03-30,Software Engineer,SVG,Terminated,Part-Time,Zone A,Part-Time,Software Engineering,Field Operations,24-02-1987,MA,Male,White,Divorced,Fully Meets,3,2022-12-14,5,4,4,2022-10-06,Leadership Development,External,Passed,1,819.86,35,4
1065,2018-08-28,Software Engineer,EW,Active,Contract,Zone C,Temporary,Software Engineering,Engineers,26-06-1995,MA,Male,Other,Widowed,Fully Meets,3,2023-01-20,5,3,4,2022-12-09,Technical Skills,External,Passed,4,486.01,23,4
1066,2021-12-27,Software Engineer,MSC,Active,Full-Time,Zone C,Temporary,Software Engineering,Catv,23-04-1981,MA,Male,Hispanic,Single,Fully Meets,3,2023-07-15,4,3,5,2023-06-14,Communication Skills,Internal,Completed,5,769.42,40,4
1067,2020-11-14,Software Engineer,TNS,Active,Part-Time,Zone A,Temporary,Software Engineering,Field Operations,07-12-1948,MA,Female,White,Married,Fully Meets,3,2023-06-10,3,2,5,2023-06-24,Project Management,External,Completed,5,857.65,72,4
1068,2021-10-01,Software Engineer,PYZ,Active,Full-Time,Zone B,Part-Time,Software Engineering,Wireline Construction,24-12-1998,MA,Female,Black,Widowed,Fully Meets,3,2022-10-09,3,2,2,2022-11-06,Communication Skills,External,Completed,1,238.27,23,4
1069,2018-10-13,Shared Services Manager,WBL,Active,Full-Time,Zone B,Part-Time,Software Engineering,General - Con,13-09-1975,MA,Female,Other,Widowed,Fully Meets,3,2023-02-04,3,1,2,2022-08-22,Communication Skills,Internal,Failed,5,886.06,43,4
1070,2018-12-15,Shared Services Manager,NEL,Active,Full-Time,Zone C,Temporary,Software Engineering,General - Sga,04-11-1998,MA,Male,Black,Married,Fully Meets,3,2023-03-05,3,1,2,2023-01-14,Technical Skills,Internal,Failed,1,943.8,20,4
1071,2019-03-28,Software Engineer,PL,Terminated,Contract,Zone A,Part-Time,Software Engineering,Field Operations,23-06-1968,MA,Male,Black,Married,Fully Meets,3,2023-05-15,1,2,2,2023-03-16,Communication Skills,Internal,Completed,5,234.26,51,4
1072,2018-12-27,Software Engineer,BPC,Active,Part-Time,Zone C,Part-Time,Software Engineering,Field Operations,20-01-1977,MA,Female,Asian,Widowed,Fully Meets,3,2023-02-18,2,2,3,2023-05-19,Technical Skills,Internal,Passed,5,179.91,41,4
1073,2019-05-11,Software Engineer,CCDR,Active,Full-Time,Zone A,Full-Time,Software Engineering,Field Operations,24-09-1998,MA,Male,White,Single,Fully Meets,3,2023-02-16,4,4,2,2022-10-03,Project Management,Internal,Failed,4,306.3,21,4
1074,2021-02-19,Software Engineer,SVG,Terminated,Full-Time,Zone A,Temporary,Software Engineering,General - Con,08-07-1983,MA,Male,Asian,Divorced,Fully Meets,3,2023-02-10,3,4,1,2023-07-07,Project Management,Internal,Passed,5,103.42,38,4
1075,2022-11-05,Software Engineer,EW,Active,Part-Time,Zone B,Full-Time,Software Engineering,Engineers,23-04-1968,MA,Male,Asian,Married,Fully Meets,3,2023-04-10,1,2,3,2023-05-16,Project Management,Internal,Passed,4,573.29,54,4
1076,2020-03-22,Software Engineer,MSC,Active,Contract,Zone C,Part-Time,Software Engineering,General - Eng,28-01-1943,MA,Female,White,Widowed,Fully Meets,3,2023-04-11,1,3,1,2022-11-07,Technical Skills,External,Incomplete,4,619.61,77,4
1077,2019-02-02,Software Engineer,TNS,Active,Contract,Zone B,Temporary,Software Engineering,Wireless,10-05-1992,MA,Female,Black,Single,Fully Meets,3,2022-10-12,5,2,4,2022-12-21,Project Management,Internal,Incomplete,1,947.17,27,4
1078,2020-02-24,Software Engineer,PYZ,Active,Contract,Zone C,Temporary,Software Engineering,Aerial,19-03-1997,MA,Female,Asian,Divorced,Fully Meets,3,2023-07-28,3,3,4,2023-03-24,Project Management,External,Passed,1,597.64,23,4
1079,2021-04-07,Shared Services Manager,WBL,Active,Part-Time,Zone B,Full-Time,Software Engineering,Project Management - Eng,11-04-2000,MA,Female,Hispanic,Divorced,Fully Meets,3,2022-10-08,2,2,1,2023-04-15,Communication Skills,External,Incomplete,5,861.1,21,4
1080,2020-11-14,Shared Services Manager,NEL,Active,Part-Time,Zone C,Full-Time,Software Engineering,Fielders,04-08-1988,MA,Male,Black,Widowed,Fully Meets,3,2023-03-04,3,1,3,2023-04-22,Customer Service,External,Passed,4,199.14,32,4
1081,2022-01-17,Software Engineer,EW,Terminated,Contract,Zone B,Part-Time,Software Engineering,General - Con,24-08-1965,MA,Male,Asian,Divorced,Fully Meets,3,2023-03-03,1,3,3,2023-06-05,Communication Skills,External,Failed,3,526.08,57,4
1082,2021-09-02,Software Engineer,MSC,Active,Part-Time,Zone B,Part-Time,Software Engineering,General - Con,03-03-1976,MA,Male,Other,Married,Fully Meets,3,2023-02-27,1,4,1,2023-04-22,Customer Service,External,Incomplete,5,662.15,45,4
1083,2023-07-30,Software Engineer,NEL,Active,Part-Time,Zone A,Full-Time,Software Engineering,Aerial,09-01-1963,MA,Female,Asian,Divorced,Fully Meets,3,2023-01-09,5,5,3,2022-11-18,Project Management,External,Completed,4,869.89,60,4
1084,2023-06-27,Software Engineer,PL,Active,Contract,Zone C,Part-Time,Software Engineering,Executive,12-08-1989,MA,Male,White,Single,Fully Meets,3,2023-02-19,1,2,4,2022-12-17,Leadership Development,External,Completed,3,295.4,34,4
1085,2022-03-27,Software Engineer,PYZ,Active,Contract,Zone B,Full-Time,Software Engineering,General - Con,10-03-1952,MA,Male,Other,Divorced,Fully Meets,3,2023-01-09,5,5,3,2022-11-01,Customer Service,External,Passed,5,993.13,70,4
1086,2022-08-12,Software Engineer,SVG,Active,Contract,Zone A,Temporary,Software Engineering,Field Operations,30-07-1973,MA,Female,Black,Single,Fully Meets,3,2023-03-14,1,1,5,2023-07-15,Leadership Development,External,Completed,2,641.69,49,4
1087,2022-07-08,Software Engineer,TNS,Active,Part-Time,Zone A,Part-Time,Software Engineering,Field Operations,05-08-1974,MA,Female,Other,Married,Fully Meets,3,2023-05-03,1,5,2,2023-05-10,Technical Skills,Internal,Incomplete,5,197.34,48,4
1088,2020-08-15,Software Engineer,WBL,Active,Contract,Zone B,Part-Time,Software Engineering,General - Con,08-04-1991,MA,Female,White,Widowed,Fully Meets,3,2023-04-20,4,3,1,2023-05-17,Leadership Development,External,Failed,2,235.15,29,4
1089,2023-05-27,Software Engineer,BPC,Active,Full-Time,Zone A,Temporary,Software Engineering,Wireline Construction,29-04-1953,MA,Female,Black,Married,Fully Meets,3,2023-04-19,3,1,5,2023-05-27,Technical Skills,Internal,Passed,2,697.28,70,4
1090,2023-01-02,Shared Services Manager,CCDR,Active,Part-Time,Zone C,Full-Time,Software Engineering,Field Operations,28-08-1965,MA,Female,Black,Divorced,Fully Meets,3,2023-05-16,4,3,4,2023-03-21,Communication Skills,External,Completed,1,910.33,58,4
1091,2018-11-16,Production Technician I,PYZ,Active,Contract,Zone B,Temporary,Production       ,General - Sga,26-08-1986,MA,Male,Asian,Single,Fully Meets,3,2023-04-22,2,4,3,2022-10-20,Customer Service,Internal,Incomplete,2,213.91,32,4
1092,2022-07-12,Production Technician I,PYZ,Active,Part-Time,Zone C,Full-Time,Production       ,Field Operations,27-01-1970,MA,Female,Hispanic,Divorced,Fully Meets,3,2023-03-08,1,4,1,2022-09-20,Communication Skills,Internal,Completed,5,971.46,52,4
1093,2022-12-16,Production Technician I,NEL,Active,Contract,Zone B,Part-Time,Production       ,Engineers,26-04-1979,MA,Female,Asian,Widowed,Fully Meets,3,2023-03-05,3,1,4,2023-07-07,Customer Service,External,Failed,5,995.52,43,4
1094,2023-05-08,Production Technician II,EW,Active,Part-Time,Zone A,Full-Time,Production       ,Field Operations,18-03-1994,MA,Female,Other,Single,Fully Meets,3,2023-01-22,5,4,5,2022-08-18,Communication Skills,Internal,Failed,4,161.4,29,4
1095,2023-04-07,Production Technician II,WBL,Active,Full-Time,Zone A,Temporary,Production       ,Engineers,28-11-1941,MA,Female,Hispanic,Divorced,Fully Meets,3,2023-03-17,1,2,1,2022-08-17,Customer Service,Internal,Passed,4,715.87,82,4
1096,2022-02-15,Production Technician I,PYZ,Active,Part-Time,Zone C,Part-Time,Production       ,Shop (Fleet),11-01-1973,MA,Female,Asian,Married,Fully Meets,3,2022-12-17,1,3,2,2022-09-25,Technical Skills,External,Incomplete,5,778.25,49,4
1097,2023-07-17,Production Technician I,SVG,Active,Contract,Zone B,Part-Time,Production       ,Field Operations,02-08-1999,MA,Male,Hispanic,Divorced,Fully Meets,3,2022-10-31,1,2,5,2022-08-11,Customer Service,Internal,Completed,1,609.5,24,4
1098,2019-05-03,Production Technician I,PL,Terminated,Part-Time,Zone A,Temporary,Production       ,General - Eng,10-01-1993,MA,Male,Asian,Widowed,Fully Meets,3,2022-12-28,2,2,2,2023-05-13,Leadership Development,External,Failed,5,666.67,26,4
1099,2022-03-25,Production Technician I,SVG,Active,Part-Time,Zone A,Part-Time,Production       ,Field Operations,24-12-1971,MA,Female,Other,Single,Fully Meets,3,2023-08-04,1,5,5,2022-10-30,Project Management,External,Incomplete,5,797.05,51,4
1100,2020-04-07,Production Technician I,EW,Active,Full-Time,Zone C,Temporary,Production       ,Field Operations,10-05-1964,MA,Male,White,Divorced,Fully Meets,3,2022-09-10,1,4,5,2023-02-25,Communication Skills,External,Completed,3,518.56,56,4
1101,2021-03-10,Production Technician I,TNS,Active,Full-Time,Zone A,Part-Time,Production       ,Engineers,19-03-1944,MA,Female,White,Widowed,Fully Meets,3,2023-03-21,1,1,3,2023-03-31,Communication Skills,Internal,Passed,5,426.82,77,4
1102,2019-08-04,Production Technician II,EW,Active,Part-Time,Zone A,Part-Time,Production       ,General - Con,19-09-1953,MA,Female,Black,Single,Fully Meets,3,2023-03-02,5,1,4,2022-12-31,Project Management,External,Failed,2,150.04,66,4
1103,2021-04-11,Production Technician I,BPC,Terminated,Full-Time,Zone C,Temporary,Production       ,Splicing,02-04-1957,MA,Male,Asian,Widowed,Fully Meets,3,2022-11-06,5,3,1,2023-07-05,Leadership Development,External,Passed,3,308.21,64,4
1104,2019-06-16,Production Technician I,PYZ,Active,Part-Time,Zone C,Temporary,Production       ,General - Eng,14-09-1995,MA,Male,Asian,Divorced,Fully Meets,3,2022-12-21,1,4,2,2022-08-11,Communication Skills,Internal,Completed,4,766.77,24,4
1105,2020-10-08,Production Technician I,PL,Terminated,Contract,Zone A,Full-Time,Production       ,General - Con,11-10-1948,MA,Female,Hispanic,Single,Fully Meets,3,2023-02-15,1,4,1,2023-01-17,Technical Skills,Internal,Incomplete,4,172.19,72,4
1106,2021-08-18,Production Technician II,BPC,Active,Full-Time,Zone B,Temporary,Production       ,Aerial,01-01-1995,MA,Male,Other,Single,Fully Meets,3,2023-01-31,2,3,3,2022-10-31,Project Management,Internal,Completed,1,742.55,26,4
1107,2020-03-16,Production Technician II,BPC,Active,Contract,Zone A,Part-Time,Production       ,Wireline Construction,09-02-1992,MA,Female,Other,Single,Fully Meets,3,2022-10-18,4,5,1,2023-01-26,Technical Skills,Internal,Failed,2,231.28,28,4
1108,2019-01-24,Production Technician I,TNS,Active,Full-Time,Zone A,Full-Time,Production       ,General - Con,18-04-1969,MA,Male,White,Married,Fully Meets,3,2023-07-24,4,5,3,2023-05-23,Customer Service,Internal,Completed,5,124.54,50,4
1109,2022-06-11,Production Technician I,EW,Terminated,Full-Time,Zone C,Part-Time,Production       ,Field Operations,01-10-1981,MA,Female,White,Divorced,Fully Meets,3,2022-10-16,4,5,4,2023-01-21,Leadership Development,External,Completed,5,898.37,41,4
1110,2022-07-02,Production Technician II,NEL,Active,Full-Time,Zone B,Temporary,Production       ,General - Con,05-05-1987,MA,Female,Asian,Single,Fully Meets,3,2023-02-23,1,1,4,2022-10-13,Customer Service,Internal,Passed,2,764.36,35,4
1111,2019-09-08,Production Technician I,BPC,Terminated,Full-Time,Zone A,Part-Time,Production       ,Splicing,31-05-1952,MA,Female,White,Widowed,Fully Meets,3,2023-05-11,4,1,1,2022-12-05,Project Management,Internal,Failed,5,786.57,67,4
1112,2022-07-10,Production Technician I,MSC,Active,Full-Time,Zone A,Part-Time,Production       ,Engineers,15-07-1975,MA,Female,White,Single,Fully Meets,3,2023-07-06,4,1,1,2022-09-30,Communication Skills,Internal,Failed,3,668.05,47,4
1113,2022-04-24,Production Technician I,NEL,Active,Contract,Zone B,Part-Time,Production       ,General - Con,03-09-1976,MA,Female,Asian,Divorced,Fully Meets,3,2023-04-09,3,3,5,2023-01-20,Technical Skills,External,Incomplete,2,956.92,46,4
1114,2020-03-31,Production Technician I,PL,Active,Full-Time,Zone C,Part-Time,Production       ,General - Con,31-12-1960,MA,Female,Hispanic,Widowed,Fully Meets,3,2023-03-03,1,3,3,2023-02-25,Communication Skills,Internal,Incomplete,1,912.27,60,4
1115,2019-03-23,Production Technician I,PYZ,Active,Contract,Zone A,Part-Time,Production       ,Field Operations,19-02-1997,MA,Male,Black,Widowed,Fully Meets,3,2023-03-11,4,1,3,2023-05-19,Customer Service,Internal,Incomplete,4,881.71,22,4
1116,2019-03-09,Production Technician I,SVG,Terminated,Full-Time,Zone A,Full-Time,Production       ,Field Operations,10-08-1984,MA,Male,White,Divorced,Fully Meets,3,2022-12-16,3,4,4,2023-05-16,Communication Skills,Internal,Incomplete,4,557.68,35,4
1117,2019-02-21,Production Technician I,TNS,Terminated,Full-Time,Zone C,Temporary,Production       ,General - Con,23-08-1997,MA,Male,Other,Divorced,Fully Meets,3,2023-07-29,4,5,1,2023-01-12,Communication Skills,Internal,Completed,4,271.68,22,4
1118,2019-10-04,Production Technician I,WBL,Active,Full-Time,Zone B,Temporary,Production       ,Engineers,29-02-1976,MA,Male,Asian,Divorced,Fully Meets,3,2023-02-22,1,5,3,2022-12-16,Communication Skills,External,Completed,2,299.68,43,4
1119,2019-11-24,Production Technician I,BPC,Active,Part-Time,Zone C,Part-Time,Production       ,Field Operations,31-12-1994,MA,Female,White,Single,Fully Meets,3,2023-04-16,4,4,5,2023-07-08,Communication Skills,Internal,Incomplete,5,440.28,25,4
1120,2020-08-17,Production Technician I,CCDR,Active,Part-Time,Zone B,Temporary,Production       ,People Services,20-09-1968,MA,Female,Black,Divorced,Fully Meets,3,2023-06-05,3,3,4,2023-03-10,Leadership Development,Internal,Incomplete,4,553.83,52,4
1121,2021-03-16,Production Manager,EW,Active,Part-Time,Zone C,Full-Time,Production       ,Aerial,29-05-1981,MA,Female,Hispanic,Widowed,Fully Meets,3,2023-01-21,1,1,4,2022-09-19,Leadership Development,Internal,Failed,1,428.9,40,4
1122,2021-11-16,Production Manager,MSC,Active,Contract,Zone C,Part-Time,Production       ,General - Con,13-11-1975,MA,Female,White,Married,Fully Meets,3,2022-12-04,2,1,2,2023-01-21,Communication Skills,Internal,Passed,3,444.4,46,4
1123,2022-05-03,Production Manager,NEL,Active,Full-Time,Zone B,Full-Time,Production       ,Field Operations,06-11-1965,MA,Female,Other,Married,Fully Meets,3,2023-06-10,2,3,1,2023-01-31,Project Management,Internal,Completed,4,254.38,57,4
1124,2019-12-24,Production Manager,PL,Active,Full-Time,Zone A,Full-Time,Production       ,Engineers,17-06-1986,MA,Female,Other,Married,Fully Meets,3,2023-02-27,3,2,3,2022-11-03,Communication Skills,Internal,Failed,1,256.21,33,4
1125,2021-10-21,Production Technician II,WBL,Active,Contract,Zone B,Part-Time,Production       ,Aerial,05-05-1991,MA,Male,Hispanic,Married,Fully Meets,3,2023-03-17,4,3,4,2022-12-14,Communication Skills,Internal,Incomplete,2,756.19,30,4
1126,2018-09-08,Production Technician II,NEL,Terminated,Part-Time,Zone C,Temporary,Production       ,Engineers,27-10-1959,MA,Male,White,Divorced,Fully Meets,3,2023-04-23,3,3,2,2023-07-29,Technical Skills,Internal,Failed,4,500.45,59,4
1127,2019-02-26,Production Technician II,PL,Active,Full-Time,Zone A,Full-Time,Production       ,General - Con,28-03-2001,MA,Male,White,Married,Fully Meets,3,2023-01-27,5,1,3,2022-09-04,Communication Skills,External,Incomplete,2,500.83,18,4
1128,2023-04-21,Production Technician II,BPC,Active,Part-Time,Zone B,Part-Time,Production       ,General - Con,20-06-1957,MA,Female,Hispanic,Married,Fully Meets,3,2023-02-18,4,2,4,2023-05-17,Communication Skills,Internal,Incomplete,1,773.8,66,4
1129,2019-09-19,Production Technician II,CCDR,Terminated,Full-Time,Zone B,Part-Time,Production       ,Field Operations,17-05-1956,MA,Female,Other,Married,Fully Meets,3,2022-10-31,1,1,1,2022-09-11,Technical Skills,Internal,Passed,2,768.06,63,4
1130,2020-12-23,Production Technician I,SVG,Active,Contract,Zone A,Part-Time,Production       ,Technology / It,17-02-1997,MA,Female,Hispanic,Divorced,Fully Meets,3,2023-05-07,1,5,4,2022-11-09,Leadership Development,External,Completed,3,777.7,23,4
1131,2019-03-29,Production Technician I,EW,Active,Part-Time,Zone B,Part-Time,Production       ,Splicing,22-03-1995,MA,Female,Black,Single,Fully Meets,3,2023-05-11,4,4,4,2023-03-31,Customer Service,Internal,Incomplete,2,943.05,24,4
1132,2021-05-15,Production Technician I,NEL,Terminated,Contract,Zone B,Full-Time,Production       ,Aerial,04-11-1963,MA,Female,Hispanic,Widowed,Fully Meets,3,2023-07-15,1,5,5,2022-09-27,Communication Skills,Internal,Passed,4,475.91,58,4
1133,2022-03-14,Production Technician I,PL,Terminated,Full-Time,Zone B,Part-Time,Production       ,Aerial,20-11-1949,MA,Female,Hispanic,Married,Fully Meets,3,2023-06-15,1,2,4,2022-08-19,Customer Service,External,Passed,3,107.14,73,4
1134,2021-12-06,Production Technician I,BPC,Terminated,Part-Time,Zone C,Temporary,Production       ,General - Con,07-09-1996,MA,Female,Asian,Single,Fully Meets,3,2022-12-29,4,1,2,2022-12-09,Communication Skills,External,Passed,1,271.49,25,4
1135,2021-10-27,Production Technician I,CCDR,Active,Full-Time,Zone A,Temporary,Production       ,Engineers,30-08-1964,MA,Male,Other,Widowed,Fully Meets,3,2023-02-23,5,4,4,2023-03-22,Project Management,Internal,Passed,2,524.23,57,4
1136,2023-04-01,Production Technician I,SVG,Active,Full-Time,Zone A,Temporary,Production       ,Field Operations,27-03-1946,MA,Male,Other,Divorced,Fully Meets,3,2023-04-09,2,5,2,2022-12-25,Customer Service,External,Completed,3,535.88,77,4
1137,2019-05-29,Production Technician I,EW,Active,Full-Time,Zone C,Part-Time,Production       ,Field Operations,28-02-1954,MA,Male,Black,Single,Fully Meets,3,2022-11-12,3,3,5,2022-09-09,Communication Skills,Internal,Passed,5,270.92,65,4
1138,2019-07-12,Production Technician I,MSC,Active,Full-Time,Zone B,Temporary,Production       ,General - Eng,02-08-1983,MA,Male,Black,Divorced,Fully Meets,3,2022-10-19,4,5,1,2022-09-10,Customer Service,Internal,Failed,4,155.14,36,4
1139,2018-08-10,Production Technician I,TNS,Active,Contract,Zone A,Temporary,Production       ,Splicing,11-04-1953,MA,Male,Hispanic,Married,Fully Meets,3,2022-08-27,2,4,2,2022-10-01,Customer Service,External,Completed,1,930.06,65,4
1140,2021-09-29,Production Technician I,PYZ,Active,Part-Time,Zone C,Full-Time,Production       ,Engineers,11-08-1988,MA,Female,Black,Single,Fully Meets,3,2023-05-04,5,3,2,2022-09-27,Customer Service,Internal,Passed,1,949.81,33,4
1141,2021-08-05,Production Technician I,WBL,Active,Contract,Zone A,Full-Time,Production       ,Field Operations,14-08-1941,MA,Female,Black,Divorced,Fully Meets,3,2022-12-26,5,5,2,2023-05-17,Technical Skills,Internal,Incomplete,1,635.31,80,4
1142,2023-08-02,Production Manager,NEL,Active,Full-Time,Zone B,Temporary,Production       ,Project Management - Con,10-11-1992,MA,Female,Asian,Married,Fully Meets,3,2023-06-21,4,4,4,2023-07-17,Leadership Development,External,Completed,3,675.04,31,4
1143,2018-09-02,Production Manager,PL,Active,Contract,Zone A,Full-Time,Production       ,Field Operations,20-06-1942,MA,Female,Hispanic,Widowed,Fully Meets,3,2022-12-13,2,4,2,2022-12-20,Customer Service,Internal,Failed,3,563.38,76,4
1144,2019-10-13,Production Manager,BPC,Active,Part-Time,Zone B,Part-Time,Production       ,Wireline Construction,16-04-1963,MA,Female,Asian,Single,Fully Meets,3,2022-11-03,5,3,2,2023-01-10,Communication Skills,External,Completed,4,750.25,56,4
1145,2020-09-24,Production Technician II,TNS,Active,Contract,Zone B,Full-Time,Production       ,Shop (Fleet),04-03-1948,MA,Male,Hispanic,Married,Fully Meets,3,2022-10-24,3,3,4,2022-11-15,Technical Skills,Internal,Incomplete,2,401.53,72,4
1146,2023-08-06,Production Technician II,SVG,Active,Contract,Zone C,Part-Time,Production       ,Field Operations,10-11-1963,MA,Male,Hispanic,Divorced,Fully Meets,3,2022-09-21,3,2,2,2023-06-28,Technical Skills,External,Failed,3,894.88,60,4
1147,2019-06-11,Production Technician II,PYZ,Terminated,Full-Time,Zone B,Full-Time,Production       ,General - Con,30-09-1943,MA,Female,Black,Single,Fully Meets,3,2023-03-19,1,3,5,2023-01-25,Leadership Development,Internal,Failed,2,247.58,76,4
1148,2019-02-14,Production Technician II,PL,Active,Part-Time,Zone A,Temporary,Production       ,Wireline Construction,22-06-1943,MA,Female,Black,Married,Fully Meets,3,2023-04-02,4,1,3,2022-09-01,Communication Skills,External,Passed,3,529.0,76,4
1149,2022-03-17,Production Technician II,NEL,Active,Part-Time,Zone C,Temporary,Production       ,Field Operations,17-09-1941,MA,Female,Asian,Married,Fully Meets,3,2022-11-03,3,2,5,2023-07-31,Leadership Development,External,Failed,5,483.99,81,4
1150,2020-08-05,Production Technician I,MSC,Active,Part-Time,Zone A,Full-Time,Production       ,Aerial,03-04-1981,MA,Female,White,Single,Fully Meets,3,2022-12-28,3,4,4,2023-06-03,Project Management,External,Incomplete,5,797.35,39,4
1151,2022-08-23,Production Technician I,EW,Active,Part-Time,Zone A,Part-Time,Production       ,Field Operations,29-06-1978,MA,Male,Asian,Widowed,Fully Meets,3,2022-12-12,5,3,1,2022-12-19,Project Management,External,Passed,4,707.59,44,4
1152,2023-01-12,Production Technician I,CCDR,Active,Full-Time,Zone A,Full-Time,Production       ,Engineers,02-10-1963,MA,Female,Other,Divorced,Fully Meets,3,2022-12-14,1,1,5,2023-03-29,Customer Service,External,Incomplete,2,564.48,60,4
1153,2020-04-14,Production Technician I,EW,Terminated,Part-Time,Zone A,Temporary,Production       ,Field Operations,20-10-1941,MA,Female,Asian,Divorced,Fully Meets,3,2023-02-28,3,4,2,2022-12-02,Communication Skills,Internal,Failed,4,555.35,79,4
1154,2021-09-27,Production Technician I,MSC,Terminated,Full-Time,Zone C,Part-Time,Production       ,Field Operations,01-11-1987,MA,Female,White,Married,Fully Meets,3,2023-06-09,1,3,2,2022-08-12,Customer Service,Internal,Incomplete,3,338.48,34,4
1155,2018-11-17,Production Technician I,NEL,Terminated,Contract,Zone A,Temporary,Production       ,Finance & Accounting,06-11-1951,MA,Female,Other,Married,Fully Meets,3,2022-08-25,2,3,1,2022-09-10,Technical Skills,Internal,Failed,1,339.01,67,4
1156,2019-07-22,Production Technician I,PL,Terminated,Contract,Zone A,Full-Time,Production       ,Billable Consultants,20-04-1980,MA,Male,Hispanic,Married,Fully Meets,3,2023-05-12,1,5,2,2022-09-04,Customer Service,Internal,Incomplete,5,939.49,39,4
1157,2019-02-10,Production Technician I,PYZ,Active,Part-Time,Zone A,Temporary,Production       ,Wireline Construction,18-03-1996,MA,Male,Hispanic,Married,Fully Meets,3,2023-06-06,1,4,2,2022-10-11,Technical Skills,External,Passed,1,276.47,23,4
1158,2018-11-22,Production Technician I,SVG,Terminated,Full-Time,Zone A,Full-Time,Production       ,Field Operations,04-07-1958,MA,Male,Asian,Widowed,Fully Meets,3,2023-03-17,2,4,4,2022-09-14,Customer Service,External,Completed,3,154.71,60,4
1159,2023-04-23,Production Technician I,TNS,Active,Part-Time,Zone A,Temporary,Production       ,Splicing,03-06-1979,MA,Male,Other,Divorced,Fully Meets,3,2023-02-18,1,2,4,2022-12-27,Leadership Development,External,Failed,3,674.24,44,4
1160,2022-12-26,Production Technician I,WBL,Active,Part-Time,Zone B,Full-Time,Production       ,General - Con,10-09-1976,MA,Female,Asian,Single,Fully Meets,3,2022-08-20,4,2,3,2022-11-07,Leadership Development,External,Failed,2,137.96,46,4
1161,2020-06-14,Production Technician I,PYZ,Active,Contract,Zone B,Part-Time,Production       ,Yard (Material Handling),30-08-1954,MA,Female,Other,Widowed,Fully Meets,3,2023-04-09,3,4,4,2022-11-13,Technical Skills,Internal,Passed,5,926.85,66,4
1162,2022-03-29,Production Technician I,WBL,Active,Full-Time,Zone C,Temporary,Production       ,General - Con,17-08-1983,MA,Female,Asian,Widowed,Fully Meets,3,2022-10-05,3,3,2,2022-09-02,Communication Skills,External,Incomplete,1,846.55,39,4
1163,2022-12-18,Production Manager,NEL,Active,Contract,Zone A,Part-Time,Production       ,Project Management - Con,07-02-1996,MA,Female,White,Divorced,Fully Meets,3,2022-12-14,1,2,3,2023-02-23,Communication Skills,External,Passed,3,734.77,26,4
1164,2019-03-21,Production Manager,PL,Active,Part-Time,Zone A,Part-Time,Production       ,General - Sga,25-10-1950,MA,Female,Other,Married,Fully Meets,3,2022-10-23,5,5,5,2023-03-01,Technical Skills,Internal,Incomplete,3,315.09,69,4
1165,2021-02-08,Production Manager,BPC,Active,Full-Time,Zone C,Full-Time,Production       ,Field Operations,09-09-1998,MA,Female,Other,Widowed,Fully Meets,3,2023-01-09,3,3,1,2022-09-27,Communication Skills,Internal,Passed,3,686.05,23,4
1166,2022-06-06,Production Technician II,WBL,Active,Full-Time,Zone A,Temporary,Production       ,Field Operations,13-01-1965,MA,Male,Other,Married,Fully Meets,3,2023-02-27,2,1,4,2022-08-10,Communication Skills,External,Passed,4,942.51,57,4
1167,2021-11-01,Production Technician II,NEL,Active,Contract,Zone B,Full-Time,Production       ,Field Operations,01-09-1955,MA,Female,Other,Single,Fully Meets,3,2023-05-22,2,3,4,2023-02-23,Project Management,Internal,Failed,4,782.82,66,4
1168,2023-01-19,Production Technician II,PL,Active,Contract,Zone A,Full-Time,Production       ,Field Operations,10-01-1951,MA,Female,White,Married,Fully Meets,3,2022-08-28,2,2,2,2022-09-02,Project Management,Internal,Failed,1,370.64,72,4
1169,2020-07-30,Production Technician II,BPC,Active,Contract,Zone B,Part-Time,Production       ,Field Operations,15-09-1960,MA,Female,Asian,Single,Fully Meets,3,2023-08-03,1,3,2,2023-06-30,Technical Skills,Internal,Incomplete,1,487.66,60,4
1170,2023-07-16,Production Technician II,CCDR,Active,Part-Time,Zone C,Full-Time,Production       ,Underground,18-07-1951,MA,Female,Black,Single,Fully Meets,3,2023-02-05,1,5,4,2023-08-04,Communication Skills,External,Incomplete,1,179.85,72,4
1171,2022-06-16,Production Technician I,SVG,Active,Part-Time,Zone A,Part-Time,Production       ,Field Operations,24-07-1953,MA,Female,Hispanic,Single,Fully Meets,3,2023-06-24,4,1,4,2022-09-07,Project Management,Internal,Completed,1,294.74,69,4
1172,2021-06-13,Production Technician I,EW,Terminated,Full-Time,Zone C,Full-Time,Production       ,Engineers,20-05-1952,MA,Male,Asian,Married,Fully Meets,3,2023-06-19,1,3,2,2023-03-30,Communication Skills,External,Passed,5,202.09,69,4
1173,2020-11-14,Production Technician I,BPC,Terminated,Full-Time,Zone C,Full-Time,Production       ,Isp,30-01-1968,MA,Female,White,Widowed,Fully Meets,3,2023-06-16,5,5,2,2023-02-09,Customer Service,Internal,Passed,4,901.42,52,4
1174,2020-06-16,Production Technician I,CCDR,Terminated,Full-Time,Zone C,Temporary,Production       ,Field Operations,10-12-1973,MA,Female,Other,Widowed,Fully Meets,3,2023-03-06,2,1,5,2023-05-12,Project Management,External,Incomplete,3,454.23,47,4
1175,2018-12-20,Production Technician I,EW,Terminated,Full-Time,Zone A,Part-Time,Production       ,Catv,04-08-1996,MA,Female,Asian,Divorced,Fully Meets,3,2023-04-22,2,1,2,2023-01-04,Project Management,Internal,Passed,3,460.39,22,4
1176,2022-10-29,Production Technician I,MSC,Active,Contract,Zone A,Part-Time,Production       ,Engineers,27-12-1960,MA,Female,White,Married,Fully Meets,3,2022-10-17,2,2,5,2023-02-14,Leadership Development,Internal,Completed,2,644.72,62,4
1177,2020-07-20,Production Technician I,NEL,Active,Contract,Zone A,Temporary,Production       ,Aerial,06-07-1968,MA,Female,Other,Married,Fully Meets,3,2022-08-12,2,2,5,2022-09-17,Customer Service,External,Passed,3,436.86,52,4
1178,2021-10-03,Production Technician I,PL,Terminated,Contract,Zone C,Part-Time,Production       ,Field Operations,07-05-1959,MA,Male,Other,Single,Fully Meets,3,2023-05-03,2,1,2,2022-12-21,Project Management,External,Failed,1,361.52,62,4
1179,2022-07-16,Production Technician I,PYZ,Active,Part-Time,Zone A,Full-Time,Production       ,Aerial,08-09-1990,MA,Male,Black,Divorced,Fully Meets,3,2023-07-10,3,5,1,2023-02-11,Technical Skills,Internal,Passed,2,229.05,32,4
1180,2020-06-30,Production Technician I,SVG,Active,Full-Time,Zone B,Full-Time,Production       ,Underground,30-11-1944,MA,Male,Hispanic,Single,Fully Meets,3,2023-05-15,4,3,1,2022-11-17,Technical Skills,Internal,Completed,3,787.85,76,4
1181,2021-06-13,Production Technician I,TNS,Active,Full-Time,Zone C,Part-Time,Production       ,Wireline Construction,16-06-1993,MA,Male,Other,Married,Fully Meets,3,2023-07-05,5,5,4,2022-12-31,Communication Skills,External,Incomplete,1,483.82,28,4
1182,2020-12-29,Production Technician I,WBL,Active,Full-Time,Zone C,Temporary,Production       ,Splicing,09-12-1973,MA,Female,Black,Divorced,Fully Meets,3,2022-08-25,2,4,5,2022-10-19,Communication Skills,External,Passed,5,623.64,47,4
1183,2022-02-03,Production Technician I,BPC,Active,Part-Time,Zone A,Full-Time,Production       ,Catv,18-12-1946,MA,Female,Black,Married,Fully Meets,3,2023-03-07,4,5,5,2023-07-16,Technical Skills,Internal,Incomplete,4,351.35,76,4
1184,2022-01-10,Production Technician I,CCDR,Active,Full-Time,Zone B,Temporary,Production       ,Wireline Construction,01-10-1951,MA,Female,Hispanic,Divorced,Fully Meets,3,2022-10-03,1,3,1,2023-01-31,Customer Service,Internal,Completed,3,512.51,71,4
1185,2018-12-13,Production Manager,EW,Active,Part-Time,Zone A,Full-Time,Production       ,Fielders,22-02-1973,MA,Female,Other,Widowed,Fully Meets,3,2022-08-13,1,2,4,2022-09-22,Project Management,Internal,Failed,5,957.9,45,4
1186,2021-03-03,Production Manager,MSC,Active,Full-Time,Zone A,Temporary,Production       ,Splicing,25-08-1983,MA,Female,Hispanic,Single,Fully Meets,3,2023-05-12,3,3,5,2023-06-12,Communication Skills,External,Failed,5,886.45,38,4
1187,2021-07-04,Production Manager,NEL,Active,Part-Time,Zone A,Full-Time,Production       ,Aerial,15-09-1997,MA,Female,Black,Single,Fully Meets,3,2022-11-19,4,1,1,2022-10-25,Communication Skills,Internal,Incomplete,4,443.55,24,4
1188,2020-02-06,Production Technician II,WBL,Terminated,Contract,Zone B,Part-Time,Production       ,General - Sga,28-05-1979,MA,Male,Black,Divorced,Fully Meets,3,2023-07-16,4,1,1,2023-01-07,Technical Skills,Internal,Passed,4,899.13,41,4
1189,2020-06-28,Production Technician II,NEL,Terminated,Contract,Zone C,Full-Time,Production       ,General - Eng,07-03-1988,MA,Female,Other,Married,Fully Meets,3,2023-07-19,5,5,3,2022-09-20,Communication Skills,External,Completed,1,202.74,32,4
1190,2020-12-22,Production Technician II,PL,Terminated,Contract,Zone B,Full-Time,Production       ,Project Management - Eng,20-04-1998,MA,Female,Hispanic,Married,Fully Meets,3,2023-04-07,2,5,3,2023-05-21,Project Management,External,Failed,4,727.81,22,4
1191,2019-11-24,Production Technician II,BPC,Active,Full-Time,Zone B,Full-Time,Production       ,Wireline Construction,25-04-1978,MA,Female,Black,Divorced,Fully Meets,3,2023-07-13,4,4,4,2022-09-23,Customer Service,Internal,Completed,2,820.39,41,4
1192,2022-09-23,Production Technician II,CCDR,Active,Full-Time,Zone C,Full-Time,Production       ,General - Con,07-12-1988,MA,Female,White,Single,Fully Meets,3,2022-12-24,3,1,1,2022-10-11,Leadership Development,External,Passed,4,111.94,34,4
1193,2020-02-06,Production Technician I,SVG,Terminated,Full-Time,Zone B,Temporary,Production       ,Aerial,18-09-1950,MA,Female,Black,Married,Fully Meets,3,2022-08-15,5,2,3,2023-05-05,Technical Skills,External,Failed,1,231.96,70,4
1194,2019-01-14,Production Technician I,EW,Terminated,Full-Time,Zone C,Temporary,Production       ,Field Operations,08-03-1953,MA,Male,Asian,Widowed,Fully Meets,3,2022-12-04,5,4,2,2023-05-07,Communication Skills,Internal,Completed,2,430.92,66,4
1196,2019-03-09,Production Technician I,PYZ,Active,Part-Time,Zone C,Temporary,Production       ,General - Eng,07-11-1978,MA,Female,Other,Married,Fully Meets,3,2023-06-02,4,5,4,2023-02-28,Communication Skills,Internal,Completed,5,355.3,41,4
1197,2020-06-13,Production Technician I,WBL,Active,Full-Time,Zone B,Part-Time,Production       ,Safety,12-06-1958,MA,Female,Hispanic,Divorced,Fully Meets,3,2022-11-09,3,5,4,2023-02-25,Technical Skills,Internal,Passed,5,575.1,62,4
1198,2019-01-22,Production Technician I,NEL,Active,Contract,Zone B,Part-Time,Production       ,Field Operations,28-09-1952,MA,Female,Asian,Married,Fully Meets,3,2022-12-12,3,2,2,2023-06-19,Project Management,Internal,Failed,1,140.82,67,4
1199,2020-12-12,Production Technician I,PL,Active,Full-Time,Zone B,Part-Time,Production       ,Field Operations,14-04-1950,MA,Female,White,Widowed,Fully Meets,3,2023-06-27,3,3,3,2022-11-28,Leadership Development,External,Passed,2,663.19,70,4
1200,2022-04-27,Production Technician I,BPC,Active,Part-Time,Zone A,Full-Time,Production       ,General - Con,08-10-1977,MA,Female,Other,Married,Fully Meets,3,2023-04-19,4,5,1,2023-07-29,Project Management,Internal,Incomplete,2,996.77,45,4
1201,2022-04-11,Production Technician I,CCDR,Terminated,Contract,Zone A,Part-Time,Production       ,General - Con,27-01-1954,MA,Male,Other,Divorced,Fully Meets,3,2023-02-23,2,4,4,2022-10-10,Communication Skills,External,Passed,2,145.39,68,4
1202,2022-09-01,Production Technician I,SVG,Terminated,Contract,Zone B,Temporary,Production       ,Wireline Construction,20-06-1983,MA,Male,White,Widowed,Fully Meets,3,2022-08-14,1,3,2,2022-12-08,Technical Skills,Internal,Incomplete,1,344.74,39,4
1203,2018-09-08,Production Technician I,EW,Active,Contract,Zone A,Part-Time,Production       ,Engineers,16-01-1987,MA,Male,White,Divorced,Fully Meets,3,2022-10-03,3,5,3,2022-10-12,Project Management,External,Incomplete,5,308.09,31,4
1204,2022-11-24,Production Technician I,MSC,Active,Full-Time,Zone B,Temporary,Production       ,General - Sga,26-08-1948,MA,Male,White,Married,Fully Meets,3,2023-06-22,1,4,3,2023-07-16,Project Management,External,Incomplete,1,610.96,74,4
1205,2020-07-23,Production Technician I,TNS,Active,Full-Time,Zone C,Part-Time,Production       ,Yard (Material Handling),04-05-1956,MA,Female,Hispanic,Single,Fully Meets,3,2023-04-07,2,1,2,2023-08-01,Communication Skills,External,Failed,3,201.83,64,4
1206,2018-12-28,Production Technician I,PYZ,Active,Part-Time,Zone C,Part-Time,Production       ,Engineers,15-02-1956,MA,Female,White,Divorced,Fully Meets,3,2022-10-17,3,4,2,2023-07-20,Technical Skills,Internal,Passed,5,391.85,62,4
1207,2019-10-01,Production Technician I,WBL,Active,Contract,Zone B,Full-Time,Production       ,Wireline Construction,08-07-1956,MA,Female,White,Divorced,Fully Meets,3,2022-08-06,2,1,2,2022-12-07,Communication Skills,Internal,Completed,5,682.36,63,4
1208,2019-08-17,Production Manager,NEL,Active,Contract,Zone A,Part-Time,Production       ,Wireline Construction,30-12-1979,MA,Female,Black,Single,Fully Meets,3,2022-08-18,5,1,5,2022-09-20,Leadership Development,Internal,Passed,3,492.39,40,4
1209,2023-05-31,Production Manager,PL,Active,Part-Time,Zone A,Part-Time,Production       ,Wireline Construction,04-06-1999,MA,Female,Other,Married,Fully Meets,3,2023-05-28,1,3,1,2023-06-18,Communication Skills,External,Failed,2,197.78,24,4
1210,2020-12-08,Production Manager,BPC,Active,Full-Time,Zone B,Part-Time,Production       ,Field Operations,24-12-1948,MA,Female,Asian,Divorced,Fully Meets,3,2022-10-24,4,5,1,2023-01-09,Leadership Development,External,Incomplete,4,485.44,72,4
1211,2018-11-05,Production Technician II,CCDR,Terminated,Part-Time,Zone B,Part-Time,Production       ,Field Operations,11-12-1981,MA,Male,Other,Widowed,Fully Meets,3,2023-03-16,3,3,1,2023-07-30,Leadership Development,External,Passed,3,557.34,37,4
1212,2020-08-26,Production Technician II,EW,Terminated,Contract,Zone C,Full-Time,Production       ,Engineers,27-08-1983,MA,Female,Hispanic,Single,Fully Meets,3,2023-01-31,4,5,4,2023-05-03,Project Management,Internal,Failed,5,817.92,37,4
1213,2020-02-23,Production Technician II,MSC,Active,Part-Time,Zone A,Part-Time,Production       ,Project Management - Con,22-03-1987,MA,Female,White,Married,Fully Meets,3,2022-09-28,1,2,4,2023-02-15,Project Management,External,Failed,4,485.39,33,4
1214,2022-02-12,Production Technician II,NEL,Active,Full-Time,Zone B,Full-Time,Production       ,Splicing,19-09-1967,MA,Female,Asian,Divorced,Fully Meets,3,2023-06-02,1,5,3,2023-04-02,Customer Service,Internal,Completed,3,145.13,55,4
1215,2020-02-13,Production Technician II,PL,Active,Contract,Zone C,Temporary,Production       ,Aerial,18-07-1983,MA,Female,Asian,Widowed,Fully Meets,3,2022-10-25,2,1,5,2022-09-13,Communication Skills,External,Passed,4,751.88,37,4
1216,2023-02-15,Production Technician I,PYZ,Terminated,Part-Time,Zone B,Part-Time,Production       ,General - Con,19-06-1986,MA,Female,Black,Single,Fully Meets,3,2022-09-09,4,1,1,2023-07-16,Leadership Development,External,Incomplete,1,136.48,37,4
1217,2019-12-03,Production Technician I,SVG,Terminated,Full-Time,Zone B,Part-Time,Production       ,Wireline Construction,17-07-1960,MA,Male,Asian,Single,Fully Meets,3,2022-08-23,5,5,1,2023-04-17,Customer Service,External,Completed,1,857.42,59,4
1218,2018-12-31,Production Technician I,WBL,Active,Full-Time,Zone B,Temporary,Production       ,General - Con,15-10-1974,MA,Female,Black,Married,Fully Meets,3,2023-02-27,2,3,1,2023-01-30,Leadership Development,Internal,Failed,3,733.16,44,4
1219,2020-01-16,Production Technician I,BPC,Terminated,Part-Time,Zone B,Part-Time,Production       ,Engineers,09-02-1974,MA,Female,Hispanic,Married,Fully Meets,3,2023-07-17,2,2,2,2022-09-15,Communication Skills,External,Failed,5,761.31,46,4
1220,2018-11-20,Production Technician I,CCDR,Terminated,Full-Time,Zone C,Temporary,Production       ,Executive,31-12-1949,MA,Female,Asian,Single,Fully Meets,3,2023-05-08,5,2,4,2023-06-29,Leadership Development,External,Passed,1,920.41,69,4
1221,2022-11-11,Production Technician I,EW,Terminated,Part-Time,Zone A,Part-Time,Production       ,Yard (Material Handling),09-04-1967,MA,Female,Asian,Single,Fully Meets,3,2022-08-17,5,5,3,2022-08-25,Customer Service,Internal,Passed,4,167.69,55,4
1222,2020-12-18,Production Technician I,MSC,Terminated,Contract,Zone A,Part-Time,Production       ,People Services,26-12-1949,MA,Female,Asian,Widowed,Fully Meets,3,2023-03-31,5,2,1,2023-03-10,Leadership Development,External,Passed,2,931.45,71,4
1223,2021-01-26,Production Technician I,NEL,Active,Full-Time,Zone C,Temporary,Production       ,Engineers,15-01-1996,MA,Female,Asian,Widowed,Fully Meets,3,2023-05-07,4,1,4,2022-08-30,Project Management,External,Completed,1,474.36,25,4
1224,2021-11-26,Production Technician I,PL,Terminated,Part-Time,Zone B,Part-Time,Production       ,Wireline Construction,27-09-1964,MA,Male,Hispanic,Married,Fully Meets,3,2023-05-20,4,2,3,2023-03-18,Project Management,Internal,Incomplete,5,598.72,57,4
1225,2023-05-15,Production Technician I,PYZ,Active,Contract,Zone C,Part-Time,Production       ,Finance & Accounting,14-01-1957,MA,Male,Asian,Married,Fully Meets,3,2022-11-05,1,2,4,2022-08-14,Customer Service,Internal,Completed,5,557.02,66,4
1226,2023-06-20,Production Technician I,SVG,Active,Full-Time,Zone A,Full-Time,Production       ,Field Operations,16-04-1967,MA,Male,Other,Divorced,Fully Meets,3,2023-04-04,4,5,4,2023-05-20,Customer Service,Internal,Completed,3,939.92,56,4
1227,2019-08-22,Production Technician I,TNS,Active,Part-Time,Zone C,Part-Time,Production       ,Billable Consultants,21-03-1987,MA,Female,Other,Divorced,Fully Meets,3,2022-12-12,1,2,2,2023-05-15,Communication Skills,External,Failed,3,669.19,32,4
1228,2021-08-30,Production Technician I,WBL,Active,Contract,Zone B,Full-Time,Production       ,Fielders,02-12-1994,MA,Female,Other,Widowed,Fully Meets,3,2023-01-21,2,5,3,2022-10-05,Technical Skills,Internal,Failed,5,525.69,27,4
1229,2020-01-27,Production Technician I,BPC,Active,Part-Time,Zone B,Part-Time,Production       ,Field Operations,31-12-1952,MA,Female,Black,Single,Fully Meets,3,2023-05-20,4,2,5,2023-01-11,Customer Service,External,Failed,1,173.66,68,4
1230,2022-03-04,Production Technician I,CCDR,Active,Contract,Zone C,Temporary,Production       ,Wireline Construction,18-09-1974,MA,Female,Hispanic,Widowed,Fully Meets,3,2022-11-30,5,4,4,2023-04-30,Communication Skills,External,Completed,1,635.71,48,4
1231,2020-03-07,Production Manager,EW,Active,Contract,Zone B,Temporary,Production       ,Wireless,03-10-1994,MA,Female,Black,Married,Fully Meets,3,2023-03-13,2,2,1,2022-08-06,Project Management,External,Passed,1,896.8,26,4
1232,2020-03-19,Production Manager,MSC,Active,Full-Time,Zone B,Full-Time,Production       ,People Services,17-03-1947,MA,Female,Other,Single,Fully Meets,3,2022-08-22,2,1,5,2022-11-30,Leadership Development,Internal,Incomplete,4,857.61,73,4
1233,2022-07-23,Production Technician II,WBL,Active,Full-Time,Zone A,Part-Time,Production       ,Wireline Construction,07-05-1992,MA,Male,Other,Divorced,Fully Meets,3,2023-05-01,5,5,3,2022-11-29,Customer Service,Internal,Failed,3,460.59,30,4
1234,2019-10-18,Production Technician II,NEL,Terminated,Full-Time,Zone A,Temporary,Production       ,Sales & Marketing,19-06-1947,MA,Female,Black,Divorced,Fully Meets,3,2022-12-11,4,1,5,2023-02-19,Leadership Development,Internal,Passed,1,504.82,72,4
1235,2020-04-14,Production Technician II,PL,Active,Full-Time,Zone B,Full-Time,Production       ,General - Con,17-05-1998,MA,Female,Other,Widowed,Fully Meets,3,2023-03-23,5,5,3,2023-04-10,Project Management,Internal,Failed,3,737.91,22,4
1236,2018-11-25,Production Technician II,BPC,Terminated,Part-Time,Zone B,Full-Time,Production       ,Field Operations,11-12-1946,MA,Female,White,Married,Fully Meets,3,2023-07-25,1,4,1,2023-04-17,Customer Service,External,Passed,2,244.25,72,4
1237,2021-03-23,Production Technician II,CCDR,Terminated,Part-Time,Zone A,Part-Time,Production       ,Yard (Material Handling),17-12-1975,MA,Female,Black,Divorced,Fully Meets,3,2023-07-11,4,3,1,2022-11-11,Leadership Development,External,Passed,2,762.82,46,4
1238,2020-10-27,Production Technician I,SVG,Terminated,Part-Time,Zone B,Part-Time,Production       ,Engineers,12-09-1968,MA,Female,Other,Single,Fully Meets,3,2022-12-29,1,3,3,2022-11-14,Leadership Development,Internal,Incomplete,2,640.14,52,4
1239,2022-06-11,Production Technician I,TNS,Terminated,Part-Time,Zone C,Temporary,Production       ,Splicing,09-07-2001,MA,Female,Hispanic,Single,Fully Meets,3,2022-10-07,4,5,5,2023-04-28,Project Management,Internal,Incomplete,3,726.03,21,4
1240,2020-03-19,Production Technician I,PYZ,Active,Contract,Zone B,Temporary,Production       ,Isp,11-04-1985,MA,Female,Asian,Single,Fully Meets,3,2023-08-02,1,4,3,2023-01-04,Communication Skills,External,Passed,5,758.75,35,4
1241,2019-11-07,Production Technician I,WBL,Terminated,Contract,Zone B,Full-Time,Production       ,Field Operations,13-03-1992,MA,Female,Black,Married,Fully Meets,3,2023-01-16,4,4,3,2023-02-01,Project Management,External,Failed,5,878.94,27,4
1242,2023-04-24,Production Technician I,NEL,Active,Full-Time,Zone C,Part-Time,Production       ,Wireline Construction,18-03-1959,MA,Female,White,Married,Fully Meets,3,2023-07-28,4,4,1,2023-03-14,Project Management,External,Passed,3,227.9,64,4
1243,2020-06-04,Production Technician I,PL,Active,Contract,Zone A,Temporary,Production       ,General - Con,07-03-1979,MA,Female,White,Widowed,Fully Meets,3,2023-05-04,5,2,3,2023-02-05,Communication Skills,Internal,Incomplete,3,855.27,41,4
1244,2022-05-23,Production Technician I,BPC,Active,Part-Time,Zone A,Full-Time,Production       ,Isp,11-02-1954,MA,Male,Asian,Married,Fully Meets,3,2022-08-17,2,3,5,2023-02-18,Technical Skills,External,Incomplete,5,170.62,68,4
1245,2019-05-17,Production Technician I,CCDR,Active,Full-Time,Zone B,Temporary,Production       ,Engineers,03-02-1961,MA,Male,White,Widowed,Fully Meets,3,2022-09-23,3,5,5,2023-06-29,Communication Skills,Internal,Incomplete,4,392.14,58,4
1246,2018-09-28,Production Technician I,SVG,Terminated,Part-Time,Zone B,Temporary,Production       ,Field Operations,14-11-1943,MA,Male,Black,Widowed,Fully Meets,3,2023-01-12,4,3,2,2022-12-25,Communication Skills,Internal,Completed,1,206.93,75,4
1247,2019-03-04,Production Technician I,EW,Active,Part-Time,Zone C,Part-Time,Production       ,Wireless,26-03-1972,MA,Female,Other,Single,Fully Meets,3,2022-11-13,2,4,5,2022-12-09,Customer Service,External,Completed,5,307.13,47,4
1248,2021-03-29,Production Technician I,MSC,Active,Part-Time,Zone B,Full-Time,Production       ,Underground,09-09-1988,MA,Female,White,Divorced,Fully Meets,3,2022-12-05,5,3,2,2022-08-24,Communication Skills,Internal,Passed,4,165.05,33,4
1249,2019-07-07,Production Technician I,TNS,Active,Full-Time,Zone A,Part-Time,Production       ,Field Operations,30-11-1996,MA,Female,Asian,Divorced,Fully Meets,3,2022-12-22,2,4,2,2022-08-15,Communication Skills,Internal,Completed,4,371.27,23,4
1250,2018-09-06,Production Technician I,BPC,Active,Contract,Zone B,Full-Time,Production       ,General - Sga,08-12-1990,MA,Female,Black,Widowed,Fully Meets,3,2023-04-26,4,5,1,2023-04-28,Communication Skills,External,Incomplete,3,366.78,28,4
1251,2018-09-25,Production Technician I,CCDR,Active,Part-Time,Zone A,Part-Time,Production       ,Splicing,05-03-1948,MA,Female,Asian,Married,Fully Meets,3,2022-12-03,5,5,3,2023-02-04,Communication Skills,External,Failed,5,205.92,70,4
1252,2022-03-11,Production Manager,EW,Active,Part-Time,Zone A,Temporary,Production       ,Project Management - Con,21-02-1982,MA,Female,Asian,Divorced,Fully Meets,3,2023-06-10,2,3,2,2022-11-20,Leadership Development,Internal,Completed,1,314.51,40,4
1253,2020-07-13,Production Manager,MSC,Active,Part-Time,Zone A,Part-Time,Production       ,Project Management - Con,15-05-1971,MA,Female,Asian,Divorced,Fully Meets,3,2023-01-10,2,4,2,2023-06-03,Customer Service,Internal,Completed,2,793.86,49,4
1254,2020-06-22,Production Technician II,WBL,Active,Contract,Zone B,Full-Time,Production       ,General - Con,07-06-1950,MA,Female,White,Married,Fully Meets,3,2023-06-18,3,1,5,2023-04-20,Project Management,Internal,Passed,3,252.53,70,4
1255,2019-09-30,Production Technician II,NEL,Terminated,Full-Time,Zone A,Temporary,Production       ,General - Con,24-11-1984,MA,Female,Black,Married,Fully Meets,3,2022-11-03,3,1,1,2022-10-23,Customer Service,External,Passed,2,693.25,35,4
1256,2020-01-08,Production Technician II,PL,Active,Contract,Zone A,Temporary,Production       ,Wireline Construction,14-08-1991,MA,Female,White,Widowed,Fully Meets,3,2022-10-24,4,4,2,2023-05-26,Project Management,Internal,Completed,4,926.76,29,4
1257,2021-10-16,Production Technician II,BPC,Active,Full-Time,Zone B,Temporary,Production       ,Engineers,07-11-1978,MA,Female,Asian,Divorced,Fully Meets,3,2023-07-19,2,1,1,2023-05-23,Technical Skills,Internal,Failed,1,694.61,43,4
1258,2022-06-29,Production Technician II,CCDR,Active,Full-Time,Zone C,Temporary,Production       ,Aerial,16-10-1977,MA,Female,Other,Widowed,Fully Meets,3,2023-04-16,3,5,4,2023-06-30,Project Management,Internal,Incomplete,1,732.02,45,4
1259,2022-05-01,Production Technician I,SVG,Terminated,Full-Time,Zone A,Temporary,Production       ,General - Con,14-07-1956,MA,Male,White,Single,Fully Meets,3,2022-10-17,1,3,4,2023-01-04,Leadership Development,Internal,Completed,1,897.62,66,4
1260,2018-08-16,Production Technician I,TNS,Active,Full-Time,Zone B,Part-Time,Production       ,Project Management - Con,18-06-1957,MA,Female,Asian,Married,Fully Meets,3,2023-02-21,5,2,5,2022-11-21,Leadership Development,Internal,Completed,2,786.57,61,4
1261,2019-12-27,Production Technician I,PYZ,Active,Part-Time,Zone C,Temporary,Production       ,Field Operations,27-09-1959,MA,Female,Hispanic,Married,Fully Meets,3,2023-07-13,2,5,4,2023-07-26,Project Management,External,Incomplete,3,613.93,60,4
1262,2021-07-01,Production Technician I,WBL,Terminated,Part-Time,Zone A,Full-Time,Production       ,Engineers,16-03-1977,MA,Female,Hispanic,Widowed,Fully Meets,3,2022-12-16,3,4,1,2023-01-17,Communication Skills,Internal,Passed,2,711.8,44,4
1263,2022-10-20,Production Technician I,NEL,Active,Full-Time,Zone B,Full-Time,Production       ,Shop (Fleet),14-11-1952,MA,Female,Hispanic,Divorced,Fully Meets,3,2023-01-24,4,5,3,2023-03-03,Communication Skills,Internal,Failed,5,784.1,70,4
1264,2019-02-15,Production Technician I,PL,Active,Full-Time,Zone C,Full-Time,Production       ,Field Operations,23-10-1998,MA,Female,Hispanic,Married,Fully Meets,3,2023-04-21,3,5,4,2023-05-16,Customer Service,Internal,Failed,5,509.67,21,4
1265,2022-01-17,Production Technician I,BPC,Terminated,Part-Time,Zone C,Full-Time,Production       ,Field Operations,28-05-1976,MA,Male,Black,Widowed,Fully Meets,3,2023-06-28,4,2,5,2023-06-15,Leadership Development,Internal,Incomplete,4,494.96,46,4
1266,2021-11-14,Production Technician I,CCDR,Terminated,Full-Time,Zone A,Full-Time,Production       ,Project Management - Con,04-04-1971,MA,Male,Hispanic,Divorced,Fully Meets,3,2023-03-29,1,3,1,2023-03-30,Project Management,Internal,Incomplete,5,465.72,50,4
1267,2020-11-14,Production Technician I,SVG,Active,Part-Time,Zone C,Full-Time,Production       ,General - Con,11-09-1971,MA,Female,White,Divorced,Fully Meets,3,2023-04-25,4,1,5,2023-02-27,Technical Skills,Internal,Failed,1,507.43,49,4
1268,2023-02-25,Production Technician I,EW,Active,Part-Time,Zone A,Part-Time,Production       ,General - Con,26-12-1961,MA,Female,Other,Single,Fully Meets,3,2023-04-18,2,1,2,2023-05-25,Project Management,External,Passed,5,401.97,62,4
1269,2022-08-23,Production Technician I,MSC,Active,Contract,Zone A,Full-Time,Production       ,Yard (Material Handling),28-04-1965,MA,Female,Black,Divorced,Fully Meets,3,2022-09-19,1,2,4,2022-12-23,Customer Service,External,Passed,4,813.9,57,4
1270,2019-05-01,Production Technician I,TNS,Active,Part-Time,Zone C,Full-Time,Production       ,Field Operations,17-10-1967,MA,Female,Hispanic,Married,Fully Meets,3,2023-03-16,5,5,1,2022-08-21,Leadership Development,External,Completed,2,360.02,52,4
1271,2020-04-26,Production Technician I,PYZ,Active,Full-Time,Zone A,Part-Time,Production       ,General - Sga,16-11-1951,MA,Female,Asian,Widowed,Fully Meets,3,2023-01-13,3,1,5,2023-02-15,Customer Service,Internal,Completed,3,692.71,69,4
1272,2021-02-08,Production Technician I,WBL,Active,Full-Time,Zone C,Temporary,Production       ,General - Eng,27-05-1971,MA,Female,Black,Single,Fully Meets,3,2022-10-31,4,2,3,2023-02-24,Technical Skills,Internal,Failed,3,233.12,50,4
1273,2020-10-29,Production Manager,NEL,Active,Contract,Zone A,Part-Time,Production       ,General - Sga,14-03-1957,MA,Female,Asian,Single,Fully Meets,3,2023-02-26,1,4,2,2023-05-24,Technical Skills,External,Incomplete,1,881.48,63,4
1274,2022-11-22,Production Manager,PL,Active,Contract,Zone A,Full-Time,Production       ,Engineers,06-11-1975,MA,Female,Black,Single,Fully Meets,3,2023-03-19,2,1,5,2023-05-22,Project Management,Internal,Passed,2,448.48,47,4
1275,2022-10-11,Production Technician II,CCDR,Active,Full-Time,Zone B,Part-Time,Production       ,Aerial,19-06-1982,MA,Female,Other,Single,Fully Meets,3,2022-08-19,2,5,3,2023-06-13,Communication Skills,External,Incomplete,3,288.88,40,4
1276,2019-12-28,Production Technician II,EW,Active,Full-Time,Zone A,Full-Time,Production       ,General - Sga,21-04-1978,MA,Female,White,Married,Fully Meets,3,2023-06-01,1,4,5,2023-07-15,Communication Skills,Internal,Failed,1,572.45,41,4
1277,2019-04-11,Production Technician II,MSC,Active,Full-Time,Zone C,Part-Time,Production       ,Splicing,10-05-1984,MA,Female,Other,Single,Fully Meets,3,2023-08-01,4,3,3,2023-03-27,Communication Skills,Internal,Passed,3,141.38,35,4
1278,2020-10-26,Production Technician II,NEL,Active,Full-Time,Zone A,Part-Time,Production       ,Field Operations,13-08-1955,MA,Female,White,Divorced,Fully Meets,3,2023-05-28,2,4,5,2023-02-04,Technical Skills,Internal,Incomplete,1,331.46,65,4
1279,2021-07-09,Production Technician II,PL,Terminated,Part-Time,Zone B,Full-Time,Production       ,Field Operations,16-07-1994,MA,Female,White,Married,Fully Meets,3,2022-10-11,3,3,5,2022-11-23,Technical Skills,Internal,Incomplete,4,704.93,27,4
1280,2022-01-12,Production Technician I,MSC,Active,Full-Time,Zone C,Temporary,Production       ,General - Sga,19-04-1944,MA,Male,Black,Single,Fully Meets,3,2022-11-12,3,2,2,2023-06-08,Leadership Development,External,Completed,4,450.65,78,4
1281,2020-08-07,Production Technician I,TNS,Terminated,Part-Time,Zone A,Part-Time,Production       ,Finance & Accounting,19-12-1968,MA,Female,White,Widowed,Fully Meets,3,2023-05-31,4,2,1,2023-01-31,Project Management,External,Completed,3,775.97,52,4
1282,2021-04-10,Production Technician I,BPC,Terminated,Part-Time,Zone A,Temporary,Production       ,Catv,28-12-1980,MA,Female,Black,Widowed,Fully Meets,3,2022-10-04,3,3,1,2023-02-20,Leadership Development,External,Passed,4,376.0,41,4
1283,2021-01-11,Production Technician I,CCDR,Active,Full-Time,Zone C,Full-Time,Production       ,General - Eng,18-02-2000,MA,Female,Asian,Married,Fully Meets,3,2022-11-19,2,1,2,2023-01-17,Customer Service,External,Failed,2,106.54,21,4
1284,2019-12-08,Production Technician I,EW,Active,Contract,Zone B,Full-Time,Production       ,General - Eng,28-01-1985,MA,Female,Other,Married,Fully Meets,3,2022-11-24,5,1,5,2022-11-10,Communication Skills,External,Completed,1,852.87,34,4
1285,2021-09-26,Production Technician I,MSC,Active,Part-Time,Zone C,Full-Time,Production       ,General - Eng,21-07-1994,MA,Male,Hispanic,Widowed,Fully Meets,3,2023-07-05,3,2,2,2022-11-08,Project Management,External,Completed,4,469.03,27,4
1286,2021-09-09,Production Technician I,NEL,Terminated,Full-Time,Zone B,Temporary,Production       ,Field Operations,25-05-1999,MA,Male,Asian,Divorced,Fully Meets,3,2023-04-13,1,5,1,2023-05-28,Customer Service,Internal,Incomplete,2,274.85,22,4
1287,2020-09-19,Production Technician I,PL,Terminated,Full-Time,Zone A,Full-Time,Production       ,General - Con,18-09-1943,MA,Female,Black,Widowed,Fully Meets,3,2023-07-30,3,5,2,2023-03-31,Technical Skills,External,Completed,1,342.57,77,4
1288,2022-01-11,Production Technician I,PYZ,Active,Full-Time,Zone C,Part-Time,Production       ,Aerial,29-05-1998,MA,Female,Hispanic,Single,Fully Meets,3,2023-07-15,2,4,5,2023-05-13,Technical Skills,External,Incomplete,5,948.31,24,4
1289,2019-07-18,Production Technician I,SVG,Active,Full-Time,Zone C,Full-Time,Production       ,General - Con,01-07-1942,MA,Female,Other,Single,Fully Meets,3,2023-05-09,5,3,1,2022-10-08,Leadership Development,Internal,Incomplete,3,900.52,77,4
1290,2021-04-13,Production Technician I,TNS,Active,Full-Time,Zone A,Full-Time,Production       ,General - Sga,14-05-1996,MA,Female,White,Married,Fully Meets,3,2023-04-12,5,4,2,2023-05-14,Leadership Development,External,Completed,4,140.72,25,4
1291,2023-06-17,Production Technician I,WBL,Active,Contract,Zone B,Temporary,Production       ,Engineers,12-03-1988,MA,Female,Black,Divorced,Fully Meets,3,2023-05-24,5,4,5,2022-09-12,Technical Skills,Internal,Passed,3,913.62,35,4
1292,2018-10-27,Production Technician I,BPC,Active,Full-Time,Zone A,Part-Time,Production       ,Engineers,27-06-1943,MA,Female,White,Divorced,Fully Meets,3,2023-03-21,1,4,3,2023-02-22,Customer Service,Internal,Completed,5,950.3,75,4
1293,2021-06-01,Production Technician I,CCDR,Active,Contract,Zone B,Full-Time,Production       ,Wireline Construction,21-10-1993,MA,Female,Asian,Single,Fully Meets,3,2023-03-15,2,3,2,2023-03-12,Project Management,Internal,Passed,2,668.77,28,4
1294,2023-04-07,Production Manager,EW,Active,Part-Time,Zone B,Part-Time,Production       ,Wireline Construction,28-09-1970,MA,Female,Hispanic,Single,Fully Meets,3,2023-08-03,5,4,2,2022-08-15,Technical Skills,Internal,Passed,3,906.05,53,4
1295,2021-06-13,Production Technician II,PYZ,Active,Full-Time,Zone A,Full-Time,Production       ,General - Con,24-10-1970,MA,Female,Other,Married,Fully Meets,3,2023-02-18,3,3,3,2023-01-03,Communication Skills,Internal,Incomplete,5,689.77,51,4
1296,2019-03-13,Production Technician II,WBL,Terminated,Full-Time,Zone B,Part-Time,Production       ,Field Operations,27-01-1985,MA,Female,Asian,Widowed,Fully Meets,3,2023-02-07,1,1,5,2023-03-05,Communication Skills,External,Passed,2,694.27,34,4
1297,2019-05-24,Production Technician II,NEL,Terminated,Part-Time,Zone A,Temporary,Production       ,Isp,08-08-1968,MA,Female,Other,Married,Fully Meets,3,2022-08-10,2,4,4,2023-06-14,Project Management,External,Passed,3,352.75,51,4
1298,2023-02-25,Production Technician II,PL,Active,Part-Time,Zone B,Temporary,Production       ,General - Con,10-03-1983,MA,Female,Black,Married,Fully Meets,3,2022-12-06,1,2,1,2023-05-16,Project Management,Internal,Passed,3,411.17,40,4
1299,2020-03-24,Production Technician II,BPC,Active,Contract,Zone B,Full-Time,Production       ,Aerial,10-10-1953,MA,Female,Asian,Widowed,Fully Meets,3,2023-07-02,1,2,2,2023-01-21,Project Management,External,Completed,3,358.81,67,4
1300,2021-06-12,Production Technician II,CCDR,Active,Contract,Zone B,Temporary,Production       ,Field Operations,05-09-1967,MA,Female,Black,Married,Fully Meets,3,2022-10-07,1,3,1,2023-04-29,Technical Skills,Internal,Passed,4,588.64,54,4
1301,2019-03-22,Production Technician I,MSC,Terminated,Part-Time,Zone B,Temporary,Production       ,Field Operations,28-03-1950,MA,Female,Asian,Widowed,Fully Meets,3,2023-01-21,1,4,2,2022-09-22,Communication Skills,Internal,Incomplete,1,472.18,69,4
1302,2021-03-08,Production Technician I,TNS,Terminated,Full-Time,Zone A,Full-Time,Production       ,Field Operations,02-07-2000,MA,Female,Other,Married,Fully Meets,3,2023-06-04,1,2,4,2022-08-20,Project Management,Internal,Passed,2,758.79,21,4
1303,2020-05-15,Production Technician I,PYZ,Active,Contract,Zone A,Full-Time,Production       ,Finance & Accounting,01-02-1957,MA,Female,Hispanic,Single,Fully Meets,3,2023-01-01,5,3,5,2023-06-02,Leadership Development,Internal,Failed,3,921.81,63,4
1304,2023-01-24,Production Technician I,WBL,Active,Full-Time,Zone B,Part-Time,Production       ,Safety,13-02-1996,MA,Female,Asian,Widowed,Fully Meets,3,2023-04-11,3,5,1,2023-01-16,Communication Skills,External,Completed,3,405.08,27,4
1305,2021-01-06,Production Technician I,NEL,Terminated,Full-Time,Zone B,Temporary,Production       ,Field Operations,14-11-1998,MA,Male,White,Married,Fully Meets,3,2023-02-22,2,5,2,2023-07-08,Technical Skills,Internal,Failed,3,784.22,23,4
1306,2021-04-16,Production Technician I,PL,Active,Part-Time,Zone B,Part-Time,Production       ,Project Management - Con,07-08-1997,MA,Male,Hispanic,Single,Fully Meets,3,2022-11-12,1,3,5,2023-07-13,Technical Skills,External,Failed,4,443.99,24,4
1307,2021-09-22,Production Technician I,BPC,Terminated,Contract,Zone A,Full-Time,Production       ,Engineers,24-02-1981,MA,Male,Black,Married,Fully Meets,3,2022-11-18,1,5,1,2022-11-16,Technical Skills,Internal,Incomplete,3,609.9,40,4
1308,2022-06-28,Production Technician I,CCDR,Active,Full-Time,Zone C,Full-Time,Production       ,Project Management - Con,03-10-1980,MA,Female,Asian,Divorced,Fully Meets,3,2022-08-28,4,5,2,2022-10-10,Leadership Development,External,Failed,5,742.16,42,4
1309,2020-08-17,Production Technician I,SVG,Active,Part-Time,Zone C,Part-Time,Production       ,Field Operations,15-05-1980,MA,Female,Other,Widowed,Fully Meets,3,2022-09-07,1,1,3,2022-09-09,Technical Skills,External,Failed,3,517.74,40,4
1310,2023-04-03,Production Technician I,EW,Active,Part-Time,Zone B,Full-Time,Production       ,General - Con,11-02-1988,MA,Female,Asian,Single,Fully Meets,3,2023-04-24,3,4,3,2022-10-16,Project Management,Internal,Incomplete,4,350.59,35,4
1311,2023-05-26,Production Technician I,MSC,Active,Full-Time,Zone C,Part-Time,Production       ,Engineers,22-02-1987,MA,Male,Asian,Single,Fully Meets,3,2023-03-09,5,2,3,2022-10-17,Leadership Development,Internal,Incomplete,1,546.94,36,4
1312,2021-04-10,Production Technician I,TNS,Active,Full-Time,Zone B,Full-Time,Production       ,General - Eng,09-08-1997,MA,Female,Black,Widowed,Fully Meets,3,2022-09-25,2,5,2,2023-04-29,Communication Skills,Internal,Completed,4,514.37,24,4
1313,2023-04-18,Production Technician I,PYZ,Active,Contract,Zone C,Part-Time,Production       ,Field Operations,04-12-1957,MA,Female,Hispanic,Single,Fully Meets,3,2023-07-18,5,4,1,2022-10-25,Leadership Development,Internal,Incomplete,5,786.98,66,4
1314,2021-10-13,Production Technician I,WBL,Active,Contract,Zone C,Full-Time,Production       ,General - Con,30-08-1996,MA,Female,White,Divorced,Fully Meets,3,2023-03-28,5,5,3,2023-03-18,Project Management,Internal,Passed,4,852.21,25,4
1315,2020-10-10,Sr. Accountant,NEL,Active,Part-Time,Zone A,Temporary,Admin Offices,Splicing,21-12-1956,MA,Female,Asian,Widowed,Fully Meets,3,2022-11-29,5,1,1,2023-07-29,Communication Skills,External,Failed,4,761.63,64,4
1316,2019-01-20,President & CEO,CCDR,Active,Part-Time,Zone A,Full-Time,Executive Office,Aerial,24-10-1955,MA,Female,Asian,Single,Fully Meets,3,2023-07-20,3,4,3,2023-04-20,Technical Skills,External,Passed,5,202.62,64,4
1317,2021-05-09,Sr. Accountant,MSC,Active,Full-Time,Zone A,Part-Time,Admin Offices,Aerial,23-11-1950,MA,Female,Black,Widowed,Fully Meets,3,2023-05-05,4,2,2,2022-08-20,Communication Skills,External,Passed,5,414.75,71,4
1318,2023-07-29,Administrative Assistant,WBL,Active,Contract,Zone B,Temporary,Admin Offices,Field Operations,14-05-1984,MA,Female,White,Divorced,Fully Meets,3,2023-05-21,5,4,2,2022-10-17,Communication Skills,External,Completed,4,344.55,39,4
1319,2019-08-24,Accountant I,EW,Active,Part-Time,Zone C,Temporary,Admin Offices,Finance & Accounting,23-07-1964,MA,Male,Asian,Married,Fully Meets,3,2023-06-14,4,2,5,2023-05-19,Project Management,Internal,Failed,1,777.46,55,4
1320,2018-12-25,Administrative Assistant,WBL,Active,Part-Time,Zone B,Full-Time,Admin Offices,Wireline Construction,06-09-1983,MA,Female,White,Widowed,Fully Meets,3,2023-01-12,5,1,5,2022-08-25,Leadership Development,External,Completed,3,948.71,35,4
1321,2021-05-27,Accountant I,TNS,Active,Contract,Zone A,Full-Time,Admin Offices,Project Management - Con,16-03-1958,MA,Male,Black,Single,Fully Meets,3,2023-04-30,1,5,5,2023-01-19,Customer Service,Internal,Passed,5,308.77,63,4
1322,2023-02-02,Accountant I,TNS,Active,Full-Time,Zone B,Full-Time,Admin Offices,Executive,18-05-1985,MA,Female,Hispanic,Widowed,Fully Meets,3,2023-01-17,1,5,2,2023-02-24,Customer Service,External,Incomplete,1,891.25,38,4
1323,2022-12-06,Administrative Assistant,PL,Active,Full-Time,Zone B,Temporary,Admin Offices,Aerial,19-03-1953,MA,Female,Black,Divorced,Fully Meets,3,2023-05-02,5,1,5,2023-03-30,Customer Service,Internal,Passed,2,659.9,69,4
1324,2021-07-23,Accountant I,MSC,Active,Part-Time,Zone A,Part-Time,Admin Offices,General - Con,28-10-1986,MA,Female,Hispanic,Single,Fully Meets,3,2022-11-16,5,3,3,2022-09-30,Project Management,Internal,Failed,2,858.72,35,4
1325,2019-11-16,Accountant I,TNS,Active,Contract,Zone B,Temporary,Admin Offices,Engineers,02-05-1982,MA,Female,Black,Divorced,Fully Meets,3,2022-12-17,1,5,3,2023-03-28,Project Management,External,Failed,5,380.24,37,4
1326,2020-03-08,Sr. Network Engineer,PYZ,Active,Full-Time,Zone A,Temporary,Admin Offices,General - Eng,17-11-1977,MA,Male,White,Widowed,Fully Meets,3,2023-03-04,5,3,1,2023-05-01,Leadership Development,External,Passed,5,505.4,43,4
1327,2019-01-14,Sr. Network Engineer,WBL,Active,Part-Time,Zone B,Temporary,Admin Offices,Engineers,20-02-1960,MA,Male,White,Single,Fully Meets,3,2023-03-23,5,3,4,2023-07-02,Leadership Development,Internal,Passed,3,609.01,59,4
1328,2020-02-29,Sr. Network Engineer,NEL,Active,Part-Time,Zone C,Full-Time,IT/IS,Executive,24-12-1975,MA,Male,Asian,Single,Fully Meets,3,2022-11-07,1,4,3,2023-03-24,Customer Service,Internal,Failed,3,656.38,45,4
1329,2022-11-25,Software Engineer,PL,Active,Contract,Zone B,Part-Time,Software Engineering,Field Operations,01-11-1958,MA,Male,Black,Widowed,Fully Meets,3,2023-05-23,3,2,5,2023-06-11,Project Management,External,Passed,5,692.63,64,4
1330,2022-09-15,Accountant I,MSC,Active,Full-Time,Zone A,Part-Time,Admin Offices,General - Con,01-03-1990,MA,Female,White,Divorced,Fully Meets,3,2022-09-25,3,5,2,2022-11-20,Project Management,Internal,Incomplete,3,633.72,32,4
1331,2021-08-11,Accountant I,TNS,Active,Full-Time,Zone C,Temporary,Admin Offices,People Services,20-10-1946,MA,Female,Black,Widowed,Fully Meets,3,2023-05-16,3,2,5,2022-09-14,Communication Skills,Internal,Failed,2,517.62,75,4
1332,2023-08-03,Sr. Network Engineer,PYZ,Active,Contract,Zone B,Part-Time,Admin Offices,Wireline Construction,22-10-1946,MA,Male,Hispanic,Divorced,Fully Meets,3,2023-04-13,1,2,5,2022-08-13,Leadership Development,External,Incomplete,4,231.76,77,4
1333,2022-03-14,Sr. Network Engineer,WBL,Active,Part-Time,Zone A,Part-Time,IT/IS,Field Operations,15-04-1978,MA,Male,Black,Divorced,Fully Meets,3,2023-01-29,3,4,5,2023-03-01,Customer Service,Internal,Passed,2,605.12,44,4
1334,2020-09-01,Sr. Network Engineer,NEL,Active,Full-Time,Zone B,Part-Time,IT/IS,Underground,23-09-1952,MA,Male,Other,Widowed,Fully Meets,3,2022-12-21,1,3,1,2023-04-01,Project Management,Internal,Failed,1,297.12,68,4
1335,2021-10-31,Software Engineer,NEL,Active,Contract,Zone A,Full-Time,Software Engineering,General - Con,24-11-1947,MA,Female,White,Divorced,Fully Meets,3,2022-10-09,4,5,5,2023-02-20,Leadership Development,Internal,Incomplete,2,384.43,74,4
1336,2020-02-26,Accountant I,TNS,Active,Full-Time,Zone A,Part-Time,Admin Offices,Field Operations,14-07-1947,MA,Female,Black,Married,Fully Meets,3,2023-03-09,5,1,4,2022-12-19,Leadership Development,Internal,Passed,4,969.95,73,4
1337,2018-08-10,Accountant I,WBL,Active,Full-Time,Zone A,Temporary,Admin Offices,General - Con,30-03-1953,MA,Female,White,Single,Fully Meets,3,2022-11-01,3,3,4,2023-01-17,Project Management,External,Failed,5,719.7,65,4
1338,2020-09-30,Sr. Network Engineer,BPC,Active,Contract,Zone C,Part-Time,Admin Offices,Shop (Fleet),14-03-1988,MA,Male,Other,Widowed,Fully Meets,3,2022-10-20,1,1,1,2022-10-30,Leadership Development,External,Incomplete,1,355.83,32,4
1339,2021-04-01,Sr. Network Engineer,CCDR,Active,Contract,Zone B,Temporary,IT/IS,Wireline Construction,19-11-1981,MA,Male,Hispanic,Widowed,Fully Meets,3,2022-12-02,1,3,2,2022-11-24,Customer Service,Internal,Incomplete,3,754.47,40,4
1340,2021-03-21,Sr. Network Engineer,EW,Active,Full-Time,Zone B,Part-Time,IT/IS,General - Eng,22-03-1945,MA,Male,White,Divorced,Fully Meets,3,2023-05-28,5,4,4,2023-02-06,Leadership Development,External,Incomplete,2,890.39,76,4
1341,2021-11-03,Software Engineering Manager,CCDR,Active,Part-Time,Zone C,Full-Time,Software Engineering,Engineers,22-02-1979,MA,Female,Hispanic,Single,Fully Meets,3,2023-05-15,1,3,4,2023-02-14,Project Management,Internal,Passed,3,268.78,42,4
1342,2019-06-22,Accountant I,EW,Active,Full-Time,Zone B,Part-Time,Admin Offices,Aerial,30-06-1985,MA,Female,Asian,Single,Fully Meets,3,2022-12-20,3,2,2,2023-01-28,Project Management,Internal,Failed,4,930.72,34,4
1343,2019-11-12,Accountant I,MSC,Active,Contract,Zone B,Temporary,Admin Offices,Shop (Fleet),31-05-1958,MA,Female,White,Married,Fully Meets,3,2022-09-07,1,2,3,2022-09-02,Customer Service,External,Completed,5,924.85,61,4
1344,2022-09-20,Accountant I,TNS,Active,Part-Time,Zone A,Part-Time,Admin Offices,General - Con,21-12-1980,MA,Male,White,Single,Fully Meets,3,2022-08-23,1,4,5,2022-11-01,Technical Skills,Internal,Incomplete,5,284.38,42,4
1345,2023-01-27,Sr. Network Engineer,PYZ,Active,Full-Time,Zone A,Full-Time,Admin Offices,Fielders,13-05-1978,MA,Male,Other,Single,Fully Meets,3,2022-08-28,2,4,4,2022-11-30,Communication Skills,External,Passed,1,395.1,45,4
1346,2021-02-21,Sr. Network Engineer,WBL,Active,Contract,Zone C,Temporary,IT/IS,Field Operations,13-09-1948,MA,Male,White,Divorced,Fully Meets,3,2023-04-28,4,2,3,2023-07-02,Technical Skills,External,Failed,2,501.64,73,4
1347,2022-03-04,Sr. Network Engineer,NEL,Active,Part-Time,Zone B,Full-Time,IT/IS,General - Con,21-03-1995,MA,Male,Hispanic,Married,Fully Meets,3,2023-02-28,4,3,1,2022-10-22,Communication Skills,Internal,Failed,5,792.72,27,4
1349,2021-08-02,Accountant I,EW,Active,Full-Time,Zone B,Part-Time,Admin Offices,Safety,27-11-1949,MA,Female,White,Divorced,Fully Meets,3,2023-04-21,1,2,3,2022-11-26,Technical Skills,Internal,Incomplete,3,870.01,72,4
1350,2022-03-04,Accountant I,MSC,Active,Part-Time,Zone B,Temporary,Admin Offices,Field Operations,02-11-1968,MA,Female,Black,Divorced,Fully Meets,3,2023-03-05,3,4,5,2023-01-29,Leadership Development,Internal,Incomplete,2,610.06,54,4
1351,2021-03-28,Accountant I,TNS,Active,Contract,Zone C,Part-Time,Admin Offices,Field Operations,05-03-1998,MA,Male,White,Divorced,Fully Meets,3,2023-01-18,4,1,5,2022-12-20,Project Management,Internal,Passed,2,278.16,23,4
1352,2018-08-08,Sr. Network Engineer,PYZ,Active,Contract,Zone B,Full-Time,Admin Offices,Field Operations,18-06-1974,MA,Male,Other,Divorced,Fully Meets,3,2023-06-03,4,2,1,2022-11-01,Communication Skills,External,Completed,4,218.93,44,4
1353,2020-09-15,Sr. Network Engineer,WBL,Active,Part-Time,Zone A,Temporary,IT/IS,Field Operations,04-03-1946,MA,Male,White,Single,Fully Meets,3,2022-10-11,5,1,5,2022-12-16,Communication Skills,Internal,Incomplete,5,179.21,74,4
1355,2021-06-16,Administrative Assistant,SVG,Active,Full-Time,Zone B,Temporary,Admin Offices,General - Con,20-05-1945,MA,Female,Hispanic,Single,Fully Meets,3,2023-01-28,2,2,3,2023-03-13,Project Management,Internal,Completed,5,534.28,76,4
1356,2023-03-20,Accountant I,EW,Active,Part-Time,Zone A,Temporary,Admin Offices,Engineers,12-06-1988,MA,Female,Hispanic,Married,Fully Meets,3,2022-08-14,1,1,1,2023-04-06,Technical Skills,Internal,Incomplete,3,301.39,35,4
1357,2018-09-07,Accountant I,MSC,Active,Full-Time,Zone C,Temporary,Admin Offices,Engineers,04-07-1972,MA,Male,Black,Divorced,Fully Meets,3,2023-01-30,1,4,3,2023-05-26,Project Management,External,Incomplete,3,231.65,46,4
1358,2018-11-08,Accountant I,TNS,Active,Part-Time,Zone B,Full-Time,Admin Offices,Field Operations,29-03-1996,MA,Male,Black,Married,Fully Meets,3,2023-02-25,1,2,5,2022-08-10,Communication Skills,Internal,Completed,2,994.81,22,4
1359,2019-01-26,Sr. Network Engineer,BPC,Active,Full-Time,Zone A,Part-Time,Admin Offices,Catv,19-03-1998,MA,Male,Asian,Married,Fully Meets,3,2023-01-09,4,5,1,2023-02-14,Customer Service,External,Incomplete,4,729.91,21,4
1360,2021-08-30,Sr. Network Engineer,CCDR,Active,Contract,Zone B,Full-Time,IT/IS,Field Operations,25-09-1964,MA,Male,Asian,Divorced,PIP,3,2023-03-31,5,2,1,2022-09-20,Leadership Development,Internal,Passed,2,538.02,57,1
1362,2019-11-10,Administrative Assistant,SVG,Active,Full-Time,Zone C,Part-Time,Admin Offices,General - Con,11-10-1983,MA,Female,Asian,Widowed,Exceeds,3,2023-01-11,5,2,5,2022-08-29,Customer Service,Internal,Passed,4,196.94,36,5
1363,2023-07-28,Accountant I,EW,Active,Full-Time,Zone A,Full-Time,Admin Offices,General - Con,21-04-1982,MA,Female,Asian,Divorced,PIP,3,2023-06-19,5,2,2,2022-12-15,Project Management,Internal,Completed,2,285.83,41,1
1364,2019-04-03,Accountant I,MSC,Active,Contract,Zone C,Temporary,Admin Offices,Finance & Accounting,20-01-1973,MA,Male,White,Divorced,Exceeds,3,2023-05-03,2,2,4,2022-12-28,Project Management,External,Incomplete,4,818.6,46,5
1365,2019-07-24,Accountant I,TNS,Active,Contract,Zone C,Part-Time,Admin Offices,Field Operations,13-07-1982,MA,Male,Hispanic,Widowed,Exceeds,3,2022-10-08,5,1,2,2023-04-10,Leadership Development,External,Incomplete,1,610.97,37,5
1366,2022-04-29,Sr. Network Engineer,PYZ,Active,Contract,Zone B,Temporary,IT/IS,General - Con,15-01-1950,MA,Male,Black,Single,Exceeds,3,2022-08-17,1,4,2,2022-11-18,Technical Skills,Internal,Completed,1,762.83,72,5
1367,2020-10-06,Sr. Network Engineer,WBL,Active,Part-Time,Zone B,Temporary,IT/IS,Executive,12-08-1990,MA,Female,White,Divorced,Exceeds,3,2023-07-20,1,4,3,2022-09-20,Project Management,External,Incomplete,5,438.44,30,5
1368,2020-04-04,Sr. Accountant,PYZ,Active,Part-Time,Zone C,Temporary,Admin Offices,General - Sga,26-08-1993,MA,Female,White,Widowed,Exceeds,3,2022-10-04,2,2,2,2022-10-19,Project Management,Internal,Incomplete,4,271.9,27,5
1369,2021-03-26,Administrative Assistant,CCDR,Active,Contract,Zone C,Full-Time,Sales,Aerial,24-03-1974,MA,Female,Black,Married,Exceeds,3,2023-03-08,2,4,3,2023-01-31,Communication Skills,External,Incomplete,2,629.2,47,5
1370,2022-05-19,Administrative Assistant,SVG,Active,Part-Time,Zone A,Temporary,Admin Offices,General - Con,13-12-1992,MA,Female,Black,Married,Exceeds,3,2023-07-19,1,2,1,2022-09-06,Leadership Development,Internal,Incomplete,1,850.28,30,5
1371,2021-08-28,Accountant I,EW,Active,Contract,Zone A,Part-Time,Admin Offices,Field Operations,07-05-1957,MA,Female,Black,Married,Exceeds,3,2023-05-19,1,1,2,2022-10-01,Leadership Development,External,Passed,1,321.25,64,5
1372,2022-11-24,Accountant I,MSC,Active,Contract,Zone A,Full-Time,Admin Offices,Aerial,19-08-1991,MA,Male,White,Single,Exceeds,3,2023-07-30,3,1,4,2023-06-03,Customer Service,Internal,Passed,1,475.32,31,5
1373,2022-01-12,Accountant I,TNS,Active,Contract,Zone A,Part-Time,Admin Offices,Field Operations,20-04-1986,MA,Male,Other,Divorced,Exceeds,3,2023-06-12,1,2,5,2022-09-08,Leadership Development,External,Failed,4,847.2,36,5
1374,2019-07-07,Sr. Network Engineer,PYZ,Active,Part-Time,Zone B,Temporary,IT/IS,Aerial,12-09-1942,MA,Female,White,Married,Exceeds,3,2023-02-08,5,5,4,2022-10-08,Customer Service,Internal,Completed,1,983.35,77,5
1375,2021-07-14,Sr. Accountant,PYZ,Active,Contract,Zone B,Full-Time,Admin Offices,Technology / It,07-07-1999,MA,Female,Asian,Divorced,Exceeds,3,2022-09-28,1,3,2,2023-06-25,Technical Skills,External,Passed,3,880.9,22,5
1376,2019-12-03,Administrative Assistant,CCDR,Active,Full-Time,Zone B,Temporary,Sales,Field Operations,08-12-1958,MA,Female,Other,Single,Exceeds,3,2023-06-12,4,3,5,2023-08-02,Customer Service,External,Completed,3,795.72,61,5
1377,2021-03-03,Administrative Assistant,SVG,Active,Part-Time,Zone A,Full-Time,Admin Offices,General - Con,18-05-1968,MA,Female,White,Divorced,Exceeds,3,2023-03-05,5,5,4,2023-06-20,Communication Skills,Internal,Completed,2,909.56,53,5
1378,2022-06-13,Accountant I,EW,Active,Full-Time,Zone C,Part-Time,Admin Offices,Fielders,06-03-1975,MA,Female,White,Married,PIP,3,2023-02-03,1,4,5,2023-01-28,Communication Skills,External,Failed,5,145.7,47,1
1379,2023-01-23,Accountant I,MSC,Active,Part-Time,Zone A,Temporary,Admin Offices,General - Sga,21-10-1984,MA,Male,White,Widowed,Exceeds,3,2023-02-28,5,2,5,2023-03-06,Communication Skills,Internal,Passed,1,397.48,39,5
1380,2020-09-06,Accountant I,TNS,Active,Part-Time,Zone A,Temporary,Admin Offices,Field Operations,04-05-1953,MA,Male,Hispanic,Single,Exceeds,3,2022-12-27,1,1,2,2023-05-26,Communication Skills,External,Failed,3,326.7,67,5
1381,2022-10-17,Sr. Network Engineer,PYZ,Active,Full-Time,Zone A,Temporary,IT/IS,Aerial,01-11-2000,MA,Female,Other,Single,PIP,3,2023-07-10,2,2,1,2022-09-20,Leadership Development,Internal,Failed,4,718.16,22,1
1382,2019-06-07,Sr. Accountant,TNS,Active,Full-Time,Zone B,Part-Time,Admin Offices,Field Operations,16-03-1968,MA,Female,White,Widowed,Exceeds,3,2022-11-30,2,1,1,2023-02-21,Communication Skills,Internal,Passed,5,162.46,51,5
1383,2022-01-28,Sr. Accountant,BPC,Active,Contract,Zone C,Part-Time,Admin Offices,General - Con,10-10-1994,MA,Female,Hispanic,Divorced,Exceeds,3,2022-09-02,4,1,5,2023-01-15,Customer Service,Internal,Completed,3,924.64,28,5
1384,2020-07-01,Administrative Assistant,CCDR,Active,Part-Time,Zone B,Full-Time,Admin Offices,Field Operations,12-03-1956,MA,Female,Other,Single,PIP,3,2023-05-05,2,3,4,2022-10-04,Leadership Development,Internal,Passed,4,628.48,64,1
1385,2020-05-30,Administrative Assistant,SVG,Active,Full-Time,Zone C,Part-Time,Admin Offices,Field Operations,09-05-1966,MA,Female,Hispanic,Divorced,PIP,3,2022-09-11,3,1,3,2023-06-27,Communication Skills,Internal,Passed,1,678.07,54,1
1386,2019-10-05,Accountant I,EW,Active,Contract,Zone C,Full-Time,Admin Offices,General - Con,19-08-1976,MA,Female,White,Married,Exceeds,3,2023-03-18,2,4,5,2023-06-29,Technical Skills,External,Passed,1,106.91,43,5
1387,2021-11-06,Accountant I,MSC,Active,Contract,Zone B,Full-Time,Admin Offices,General - Con,27-08-1951,MA,Male,Hispanic,Divorced,PIP,3,2023-03-29,5,1,2,2022-12-20,Communication Skills,External,Incomplete,1,195.95,70,1
1388,2019-05-09,Accountant I,TNS,Active,Part-Time,Zone B,Full-Time,Admin Offices,Field Operations,23-12-1970,MA,Female,Black,Single,Exceeds,3,2023-07-15,5,2,4,2023-04-18,Communication Skills,External,Completed,1,918.34,49,5
1389,2019-10-28,Production Technician II,NEL,Active,Part-Time,Zone A,Full-Time,Production       ,Isp,11-11-1962,MA,Male,Hispanic,Widowed,Exceeds,3,2023-02-25,4,4,3,2023-01-16,Communication Skills,External,Incomplete,3,425.34,57,5
1390,2019-01-11,Production Technician I,SVG,Active,Contract,Zone C,Part-Time,Production       ,General - Con,21-12-1955,MA,Male,Asian,Married,Exceeds,3,2023-01-23,2,3,4,2023-03-03,Communication Skills,External,Completed,3,512.53,64,5
1391,2020-04-02,Production Technician I,MSC,Active,Contract,Zone A,Temporary,Production       ,Wireless,18-11-1941,MA,Female,Other,Single,Needs Improvement,3,2022-08-11,4,1,1,2023-02-05,Leadership Development,External,Completed,3,146.48,79,2
1392,2019-06-07,Production Technician I,PL,Active,Part-Time,Zone A,Part-Time,Production       ,Field Operations,25-02-1955,MA,Female,Hispanic,Widowed,Exceeds,3,2022-09-19,4,4,3,2023-04-20,Leadership Development,External,Completed,3,578.62,64,5
1393,2021-11-22,Production Technician I,SVG,Active,Part-Time,Zone C,Part-Time,Production       ,General - Con,20-03-1947,MA,Female,Other,Single,Exceeds,3,2023-06-17,4,4,4,2023-04-02,Technical Skills,External,Failed,3,255.61,74,5
1394,2019-01-19,Production Technician I,NEL,Active,Full-Time,Zone A,Part-Time,Production       ,Field Operations,13-05-1943,MA,Male,Black,Married,Exceeds,3,2023-07-07,1,2,2,2023-02-13,Leadership Development,Internal,Passed,5,370.26,76,5
1395,2021-12-17,Production Technician II,SVG,Terminated,Full-Time,Zone C,Part-Time,Production       ,General - Con,14-11-1960,MA,Male,Black,Divorced,Exceeds,3,2023-05-31,4,1,2,2022-12-28,Communication Skills,Internal,Failed,2,302.97,61,5
1396,2019-05-04,Production Technician I,SVG,Active,Part-Time,Zone A,Full-Time,Production       ,General - Eng,07-09-1956,MA,Female,Hispanic,Married,Exceeds,3,2023-07-07,2,1,3,2022-09-13,Communication Skills,Internal,Completed,3,632.28,63,5
1397,2018-12-25,Production Technician I,MSC,Active,Contract,Zone A,Part-Time,Production       ,General - Con,26-02-1981,MA,Male,Other,Single,Exceeds,3,2023-03-31,3,2,3,2023-03-01,Customer Service,Internal,Incomplete,2,669.41,37,5
1398,2021-01-03,Production Technician I,PYZ,Active,Part-Time,Zone C,Full-Time,Production       ,Splicing,12-12-1972,MA,Female,White,Single,Needs Improvement,3,2023-04-07,1,1,1,2023-01-04,Communication Skills,External,Passed,3,191.99,49,2
1399,2023-06-15,Production Technician I,BPC,Active,Part-Time,Zone C,Full-Time,Production       ,General - Con,15-12-1977,MA,Female,Other,Widowed,Needs Improvement,3,2023-03-07,1,4,4,2023-05-02,Customer Service,Internal,Incomplete,2,695.11,46,2
1400,2018-08-29,Production Technician II,NEL,Active,Full-Time,Zone B,Full-Time,Production       ,Field Operations,03-04-1955,MA,Female,White,Divorced,Exceeds,3,2023-05-17,2,3,3,2022-08-06,Communication Skills,Internal,Failed,2,634.92,63,5
1401,2019-01-04,Production Technician I,PL,Active,Contract,Zone B,Part-Time,Production       ,Splicing,17-08-1967,MA,Male,White,Single,Exceeds,3,2022-11-04,2,5,3,2023-07-03,Communication Skills,Internal,Incomplete,5,873.98,52,5
1402,2021-09-10,Production Technician I,MSC,Active,Full-Time,Zone B,Full-Time,Production       ,General - Sga,12-10-1988,MA,Female,White,Divorced,Exceeds,3,2023-07-13,2,4,4,2022-10-14,Communication Skills,External,Passed,3,602.33,33,5
1403,2021-07-08,Production Technician I,SVG,Active,Full-Time,Zone B,Temporary,Production       ,Field Operations,09-12-1944,MA,Female,White,Widowed,Exceeds,3,2022-12-25,1,3,2,2023-06-08,Technical Skills,Internal,Failed,3,807.02,77,5
1404,2018-11-01,Production Technician II,BPC,Terminated,Contract,Zone B,Part-Time,Production       ,Finance & Accounting,06-12-1978,MA,Male,Hispanic,Single,Exceeds,3,2023-02-18,1,2,2,2022-10-02,Project Management,Internal,Completed,4,411.94,40,5
1405,2018-12-08,Production Technician II,PL,Active,Part-Time,Zone A,Temporary,Production       ,Field Operations,30-03-1977,MA,Female,Other,Single,Exceeds,3,2023-04-29,3,3,3,2022-09-15,Customer Service,External,Completed,4,537.73,41,5
1406,2022-10-25,Production Technician II,PYZ,Active,Part-Time,Zone A,Full-Time,Production       ,General - Con,10-11-1982,MA,Female,Asian,Single,Exceeds,3,2023-05-15,4,1,5,2023-05-03,Technical Skills,Internal,Incomplete,5,930.1,40,5
1407,2023-04-04,Production Technician I,TNS,Active,Full-Time,Zone B,Temporary,Production       ,General - Sga,30-03-1983,MA,Male,Hispanic,Married,Exceeds,3,2023-02-16,3,3,1,2022-11-23,Communication Skills,External,Completed,3,249.66,40,5
1408,2021-03-17,Production Technician I,PL,Active,Contract,Zone B,Part-Time,Production       ,Field Operations,03-12-1980,MA,Female,Other,Single,Exceeds,3,2023-06-07,3,3,3,2022-12-24,Communication Skills,Internal,Passed,5,691.82,41,5
1409,2019-03-11,Production Technician I,MSC,Terminated,Full-Time,Zone A,Part-Time,Production       ,General - Con,02-04-1981,MA,Female,Other,Widowed,Exceeds,3,2023-05-17,2,2,1,2022-08-23,Customer Service,Internal,Passed,4,938.59,38,5
1410,2022-02-25,Production Technician I,SVG,Active,Contract,Zone C,Temporary,Production       ,Wireline Construction,08-08-1945,MA,Female,White,Widowed,Exceeds,3,2023-04-02,2,2,4,2022-11-25,Project Management,External,Completed,1,746.8,77,5
1411,2019-07-02,Production Technician I,EW,Active,Part-Time,Zone C,Part-Time,Production       ,Aerial,26-05-1980,MA,Female,Hispanic,Married,Exceeds,3,2023-06-25,5,4,5,2022-12-14,Technical Skills,External,Incomplete,1,690.75,39,5
1412,2019-06-20,Production Technician I,MSC,Active,Part-Time,Zone B,Full-Time,Production       ,Field Operations,19-09-1982,MA,Female,White,Widowed,Exceeds,3,2023-06-16,4,3,5,2022-08-24,Project Management,External,Incomplete,4,544.19,37,5
1413,2019-09-27,Production Technician I,TNS,Active,Part-Time,Zone A,Full-Time,Production       ,Finance & Accounting,12-03-1943,MA,Male,Black,Widowed,Needs Improvement,3,2022-10-31,4,3,2,2023-02-17,Technical Skills,Internal,Completed,5,918.34,76,2
1414,2022-11-15,Production Technician I,BPC,Active,Contract,Zone C,Full-Time,Production       ,Aerial,03-06-1966,MA,Male,Asian,Married,Exceeds,3,2022-08-13,1,4,4,2023-01-21,Customer Service,Internal,Failed,3,997.2,56,5
1415,2020-08-22,Production Technician I,CCDR,Active,Part-Time,Zone A,Part-Time,Production       ,Field Operations,14-08-1977,MA,Male,Asian,Divorced,Exceeds,3,2022-09-16,2,2,1,2022-12-28,Customer Service,Internal,Incomplete,3,633.96,43,5
1416,2020-04-09,Production Technician I,EW,Active,Part-Time,Zone B,Full-Time,Production       ,Field Operations,12-09-1953,MA,Male,Asian,Widowed,Exceeds,3,2023-05-11,5,4,3,2022-10-27,Customer Service,External,Passed,2,638.69,67,5
1417,2021-03-30,Production Technician I,MSC,Active,Full-Time,Zone C,Part-Time,Production       ,Aerial,02-02-1949,MA,Female,Other,Single,Exceeds,3,2022-12-31,3,5,2,2023-01-05,Project Management,Internal,Passed,1,643.82,72,5
1418,2018-09-26,Production Technician I,NEL,Active,Part-Time,Zone C,Temporary,Production       ,Wireline Construction,30-12-2000,MA,Female,Other,Married,Needs Improvement,3,2022-11-25,2,1,3,2023-06-24,Project Management,External,Failed,1,840.76,18,2
1419,2023-05-22,Production Technician I,PL,Active,Contract,Zone C,Full-Time,Production       ,Field Operations,11-01-1984,MA,Female,Other,Divorced,Exceeds,3,2023-02-11,4,2,1,2023-04-13,Leadership Development,Internal,Passed,1,108.04,39,5
1420,2021-06-04,Production Technician I,PYZ,Active,Contract,Zone B,Temporary,Production       ,Project Management - Con,29-12-1950,MA,Female,White,Divorced,Exceeds,3,2023-06-12,1,2,4,2023-02-16,Communication Skills,Internal,Completed,5,889.57,71,5
1421,2019-10-22,Production Technician I,SVG,Active,Contract,Zone C,Full-Time,Production       ,General - Con,30-11-1948,MA,Female,Other,Married,Exceeds,3,2022-09-03,3,5,5,2022-12-08,Customer Service,Internal,Completed,5,835.97,71,5
1423,2022-06-25,Production Technician I,WBL,Active,Full-Time,Zone A,Full-Time,Production       ,Aerial,12-03-1992,MA,Female,White,Single,Needs Improvement,3,2023-03-23,2,5,5,2023-03-15,Communication Skills,Internal,Passed,3,255.55,30,2
1425,2019-08-04,Production Technician I,CCDR,Active,Part-Time,Zone B,Full-Time,Production       ,Field Operations,21-06-1942,MA,Female,Black,Single,Needs Improvement,3,2022-09-06,2,3,1,2023-03-13,Technical Skills,Internal,Failed,1,850.15,77,2
1426,2022-03-08,Production Technician I,EW,Terminated,Full-Time,Zone A,Full-Time,Production       ,General - Con,19-07-2000,MA,Female,Hispanic,Widowed,Exceeds,3,2023-07-11,4,5,5,2022-12-02,Project Management,External,Completed,3,938.04,22,5
1427,2019-02-22,Production Technician II,CCDR,Active,Full-Time,Zone A,Part-Time,Production       ,Engineers,09-05-1953,MA,Male,Asian,Divorced,Needs Improvement,3,2023-02-09,1,2,3,2023-04-25,Project Management,External,Passed,1,684.24,66,2
1428,2022-12-08,Production Technician II,SVG,Active,Full-Time,Zone C,Part-Time,Production       ,Executive,26-02-1970,MA,Male,White,Divorced,Exceeds,3,2023-06-04,3,5,2,2022-08-30,Technical Skills,Internal,Failed,5,956.11,52,5
1429,2019-11-22,Production Technician II,EW,Terminated,Contract,Zone B,Temporary,Production       ,Field Operations,02-09-1944,MA,Female,Hispanic,Divorced,Exceeds,3,2023-03-23,1,4,3,2022-11-26,Communication Skills,External,Failed,4,441.43,75,5
1430,2023-02-13,Production Technician II,MSC,Terminated,Part-Time,Zone A,Temporary,Production       ,Yard (Material Handling),19-01-1959,MA,Female,Asian,Single,Needs Improvement,3,2022-09-15,2,2,2,2022-08-26,Leadership Development,External,Passed,4,193.99,64,2
1431,2019-03-15,Production Technician II,TNS,Active,Full-Time,Zone B,Full-Time,Production       ,Field Operations,31-10-1951,MA,Female,Black,Widowed,Exceeds,3,2022-10-28,2,1,1,2022-10-15,Technical Skills,External,Failed,3,790.72,68,5
1432,2019-07-18,Production Technician II,PYZ,Active,Contract,Zone A,Part-Time,Production       ,Project Management - Con,29-07-1991,MA,Male,White,Married,Exceeds,3,2022-10-13,4,3,4,2022-08-06,Communication Skills,Internal,Completed,4,894.75,28,5
1433,2021-04-09,Production Technician I,SVG,Active,Part-Time,Zone C,Part-Time,Production       ,General - Con,25-08-1995,MA,Female,White,Widowed,Needs Improvement,3,2022-08-06,5,1,3,2022-09-18,Customer Service,Internal,Passed,4,863.73,26,2
1434,2018-12-30,Production Technician I,EW,Active,Part-Time,Zone C,Part-Time,Production       ,Splicing,28-12-1986,MA,Female,White,Divorced,Exceeds,3,2022-10-21,1,2,3,2023-04-27,Project Management,External,Incomplete,2,746.99,32,5
1435,2021-07-30,Production Technician I,MSC,Active,Contract,Zone C,Temporary,Production       ,Field Operations,29-11-1998,MA,Female,Hispanic,Single,Exceeds,3,2023-03-23,4,2,3,2022-09-21,Leadership Development,Internal,Passed,4,360.38,23,5
1436,2022-10-28,Production Technician I,TNS,Active,Full-Time,Zone C,Temporary,Production       ,Field Operations,27-05-1989,MA,Male,Hispanic,Married,Needs Improvement,3,2023-07-09,1,2,2,2022-08-26,Technical Skills,Internal,Incomplete,1,298.3,33,2
1437,2020-10-29,Production Technician I,PYZ,Active,Contract,Zone C,Temporary,Production       ,Project Management - Con,25-06-1996,MA,Male,Asian,Single,Exceeds,3,2023-01-06,4,5,5,2022-12-28,Leadership Development,External,Passed,3,537.12,24,5
1438,2023-03-17,Production Technician I,WBL,Active,Contract,Zone B,Part-Time,Production       ,Field Operations,16-12-1977,MA,Male,Asian,Married,Exceeds,3,2023-01-21,1,4,1,2023-05-12,Customer Service,External,Passed,2,996.18,46,5
1439,2022-07-20,Production Technician I,NEL,Active,Full-Time,Zone A,Temporary,Production       ,General - Con,24-01-1988,MA,Female,Asian,Widowed,Needs Improvement,3,2022-11-29,3,1,3,2023-06-20,Communication Skills,Internal,Completed,4,764.43,34,2
1440,2023-08-04,Production Technician I,PL,Active,Part-Time,Zone A,Temporary,Production       ,Field Operations,21-02-1997,MA,Female,Hispanic,Single,Needs Improvement,3,2022-11-02,3,1,4,2022-11-13,Communication Skills,External,Failed,5,490.33,26,2
1441,2021-11-26,Production Technician I,BPC,Active,Contract,Zone A,Temporary,Production       ,Field Operations,16-03-1982,MA,Female,Hispanic,Married,Needs Improvement,3,2023-04-07,1,1,5,2022-10-23,Customer Service,Internal,Incomplete,4,758.41,39,2
1442,2018-09-27,Production Technician I,CCDR,Active,Full-Time,Zone A,Temporary,Production       ,Safety,10-07-1993,MA,Female,Black,Single,Needs Improvement,3,2023-01-11,2,4,2,2023-02-21,Technical Skills,External,Incomplete,3,367.56,25,2
1443,2019-08-04,Production Technician I,SVG,Active,Contract,Zone C,Part-Time,Production       ,Field Operations,25-02-1960,MA,Female,White,Divorced,Needs Improvement,3,2023-06-12,5,2,3,2023-05-03,Leadership Development,Internal,Failed,5,582.49,59,2
1444,2019-10-03,Production Technician I,EW,Active,Contract,Zone C,Part-Time,Production       ,General - Con,21-02-1972,MA,Female,White,Divorced,Needs Improvement,3,2022-12-21,5,5,3,2023-01-30,Leadership Development,External,Incomplete,2,561.14,47,2
1448,2020-09-13,Production Technician I,WBL,Active,Part-Time,Zone A,Part-Time,Production       ,General - Con,13-08-1976,MA,Female,Other,Single,Needs Improvement,3,2022-10-23,1,1,3,2022-08-06,Leadership Development,Internal,Failed,5,151.43,44,2
1449,2022-11-15,Production Technician II,PL,Active,Part-Time,Zone B,Temporary,Production       ,General - Sga,14-09-1965,MA,Male,Other,Divorced,Needs Improvement,3,2022-08-11,4,2,2,2022-10-09,Customer Service,Internal,Passed,5,675.71,57,2
1450,2020-02-07,Production Technician II,PYZ,Terminated,Full-Time,Zone C,Temporary,Production       ,Field Operations,20-02-1958,MA,Male,White,Single,Needs Improvement,3,2023-04-22,5,1,2,2023-06-23,Project Management,Internal,Incomplete,5,436.63,62,2
1451,2022-12-31,Production Technician II,SVG,Active,Part-Time,Zone A,Part-Time,Production       ,Splicing,20-12-1944,MA,Female,Hispanic,Widowed,Needs Improvement,3,2022-12-27,4,3,4,2022-10-25,Communication Skills,External,Completed,2,387.11,78,2
1452,2019-03-26,Production Technician II,TNS,Active,Full-Time,Zone B,Full-Time,Production       ,Field Operations,29-03-1953,MA,Female,White,Single,Needs Improvement,3,2022-08-14,4,4,5,2022-09-04,Technical Skills,Internal,Passed,4,320.38,66,2
1453,2023-03-22,Production Technician II,WBL,Active,Full-Time,Zone C,Temporary,Production       ,Engineers,20-08-1990,MA,Male,Black,Single,Needs Improvement,3,2022-09-12,1,5,1,2023-04-05,Technical Skills,Internal,Passed,2,294.55,33,2
1454,2022-12-23,Production Technician II,WBL,Terminated,Full-Time,Zone C,Temporary,Production       ,General - Con,12-03-1977,MA,Male,Hispanic,Married,Needs Improvement,3,2023-07-28,2,2,1,2022-12-14,Customer Service,External,Completed,1,832.86,45,2
1455,2019-12-27,Production Technician I,PL,Active,Contract,Zone C,Full-Time,Production       ,General - Sga,19-03-1995,MA,Female,Other,Widowed,Needs Improvement,3,2023-07-04,2,2,4,2023-05-15,Leadership Development,Internal,Passed,5,223.34,24,2
1456,2019-06-25,Production Technician I,PYZ,Active,Full-Time,Zone B,Full-Time,Production       ,Engineers,08-10-1956,MA,Female,Hispanic,Married,Exceeds,3,2022-08-31,2,1,5,2022-09-30,Customer Service,External,Incomplete,3,456.95,63,5
1457,2018-11-23,Production Technician I,SVG,Active,Contract,Zone A,Part-Time,Production       ,Field Operations,03-08-1977,MA,Female,Other,Married,Exceeds,3,2023-07-02,2,1,1,2023-05-11,Project Management,External,Passed,5,988.47,41,5
1458,2021-01-17,Production Technician I,TNS,Active,Full-Time,Zone A,Part-Time,Production       ,Wireline Construction,19-03-1994,MA,Female,Hispanic,Single,Exceeds,3,2023-02-06,2,2,4,2023-05-22,Technical Skills,External,Incomplete,1,429.49,27,5
1459,2021-09-08,Production Technician I,WBL,Active,Contract,Zone C,Temporary,Production       ,Engineers,12-08-1946,MA,Male,Black,Single,Exceeds,3,2022-09-10,5,2,5,2022-10-18,Project Management,Internal,Failed,3,798.97,75,5
1460,2021-02-24,Production Technician I,BPC,Active,Full-Time,Zone A,Temporary,Production       ,Wireline Construction,29-05-1955,MA,Male,Other,Divorced,Exceeds,3,2023-02-23,2,3,1,2023-03-06,Customer Service,Internal,Incomplete,2,864.22,66,5
1461,2019-04-12,Production Technician I,CCDR,Active,Full-Time,Zone C,Full-Time,Production       ,Project Management - Con,03-03-2001,MA,Female,Asian,Widowed,Exceeds,3,2023-04-09,1,1,2,2023-06-01,Communication Skills,Internal,Passed,1,302.52,18,5
1462,2023-07-13,Production Technician I,EW,Active,Contract,Zone C,Temporary,Production       ,Fielders,07-03-1960,MA,Female,Other,Widowed,Exceeds,3,2022-08-31,4,5,5,2023-02-02,Leadership Development,External,Completed,4,152.66,63,5
1463,2020-10-05,Production Technician I,MSC,Active,Contract,Zone C,Temporary,Production       ,Field Operations,28-11-1975,MA,Female,Hispanic,Divorced,Exceeds,3,2023-03-13,5,4,5,2023-04-14,Customer Service,Internal,Completed,2,399.05,45,5
1464,2019-01-27,Production Technician I,NEL,Active,Part-Time,Zone C,Full-Time,Production       ,General - Sga,01-10-1957,MA,Female,Asian,Married,Exceeds,3,2023-07-04,2,5,1,2023-06-25,Customer Service,Internal,Completed,2,791.74,62,5
1465,2020-12-17,Production Technician I,PL,Active,Part-Time,Zone A,Full-Time,Production       ,Technology / It,22-06-1958,MA,Female,Other,Single,Exceeds,3,2023-06-02,1,1,3,2022-12-06,Leadership Development,External,Incomplete,4,770.23,62,5
1466,2021-03-04,Production Technician I,PYZ,Active,Full-Time,Zone A,Temporary,Production       ,Billable Consultants,08-03-1989,MA,Female,White,Widowed,Exceeds,3,2022-12-05,1,4,5,2022-12-16,Project Management,External,Completed,3,746.05,32,5
1467,2023-03-30,Production Technician I,SVG,Active,Full-Time,Zone A,Temporary,Production       ,People Services,16-04-1989,MA,Female,Black,Married,Fully Meets,3,2022-08-13,3,4,2,2023-01-13,Technical Skills,External,Completed,2,177.66,34,4
1468,2018-12-27,Production Technician I,TNS,Active,Contract,Zone A,Part-Time,Production       ,Field Operations,30-08-1965,MA,Female,Hispanic,Divorced,Exceeds,3,2023-04-21,3,1,3,2023-04-10,Leadership Development,Internal,Passed,5,429.38,53,5
1469,2021-09-20,Production Technician I,WBL,Active,Full-Time,Zone B,Temporary,Production       ,Field Operations,17-08-1976,MA,Female,Asian,Married,Exceeds,3,2023-02-23,4,2,4,2022-08-25,Leadership Development,External,Incomplete,3,867.59,45,5
1470,2023-02-08,Production Technician I,BPC,Active,Part-Time,Zone B,Part-Time,Production       ,General - Sga,20-09-1995,MA,Female,Asian,Married,Exceeds,3,2023-03-21,1,4,1,2023-04-17,Communication Skills,External,Failed,5,502.65,28,5
1471,2019-10-16,Production Technician II,CCDR,Terminated,Full-Time,Zone B,Part-Time,Production       ,Field Operations,09-04-1960,MA,Male,White,Divorced,Exceeds,3,2022-12-23,3,4,2,2023-03-06,Technical Skills,Internal,Completed,3,488.68,59,5
1472,2021-08-31,Production Technician II,SVG,Active,Contract,Zone C,Full-Time,Production       ,Project Management - Con,14-04-1972,MA,Male,Other,Single,Exceeds,3,2022-09-02,2,4,1,2023-04-11,Project Management,Internal,Passed,3,416.76,49,5
1473,2020-09-25,Production Technician II,EW,Active,Contract,Zone B,Full-Time,Production       ,Field Operations,06-10-1942,MA,Female,Black,Divorced,Exceeds,3,2022-12-11,5,2,1,2023-02-11,Leadership Development,External,Passed,4,336.08,78,5
1474,2023-02-01,Production Technician II,MSC,Terminated,Full-Time,Zone C,Part-Time,Production       ,Engineers,13-07-1942,MA,Female,Hispanic,Married,Exceeds,3,2022-09-22,2,1,3,2023-02-19,Project Management,External,Failed,1,798.37,81,5
1475,2023-01-17,Production Technician II,TNS,Active,Full-Time,Zone A,Temporary,Production       ,Wireline Construction,19-08-1993,MA,Male,Other,Married,Exceeds,3,2023-07-25,2,3,3,2022-11-04,Technical Skills,Internal,Passed,3,499.48,30,5
1476,2019-12-07,Production Technician II,PYZ,Terminated,Contract,Zone C,Part-Time,Production       ,Field Operations,07-11-1962,MA,Male,Other,Divorced,PIP,3,2022-12-21,1,4,1,2023-03-08,Technical Skills,External,Completed,2,615.32,57,1
1477,2018-11-21,Production Technician I,CCDR,Active,Contract,Zone B,Full-Time,Production       ,Wireline Construction,12-09-1963,MA,Female,Asian,Married,Exceeds,3,2023-02-24,5,5,3,2023-03-12,Technical Skills,External,Failed,5,410.36,55,5
1478,2021-02-15,Production Technician I,SVG,Active,Part-Time,Zone B,Part-Time,Production       ,Field Operations,21-09-1953,MA,Female,Other,Divorced,Exceeds,3,2022-11-22,1,1,3,2023-08-03,Leadership Development,External,Failed,5,453.86,68,5
1479,2021-01-06,Production Technician I,EW,Active,Part-Time,Zone B,Full-Time,Production       ,Project Management - Con,04-12-1951,MA,Female,White,Married,Exceeds,3,2022-08-23,3,4,2,2023-01-23,Project Management,Internal,Failed,1,975.27,70,5
1480,2019-01-18,Production Technician I,MSC,Active,Part-Time,Zone B,Part-Time,Production       ,Shop (Fleet),27-04-1994,MA,Male,Black,Married,Needs Improvement,3,2023-02-16,5,1,4,2023-04-18,Leadership Development,External,Failed,2,946.81,25,2
1481,2023-03-15,Production Technician I,TNS,Active,Full-Time,Zone A,Part-Time,Production       ,Field Operations,09-07-2000,MA,Male,Asian,Single,Exceeds,3,2023-07-24,3,5,3,2023-05-16,Communication Skills,Internal,Completed,5,142.57,23,5
1482,2019-11-11,Production Technician I,PYZ,Active,Contract,Zone C,Temporary,Production       ,Finance & Accounting,02-02-1952,MA,Female,Asian,Widowed,Exceeds,3,2023-04-23,1,1,1,2022-10-13,Customer Service,Internal,Completed,5,186.57,67,5
1483,2022-08-21,Production Technician I,WBL,Active,Full-Time,Zone A,Full-Time,Production       ,Shop (Fleet),15-10-1961,MA,Female,Hispanic,Single,Exceeds,3,2022-08-19,3,5,4,2022-08-22,Communication Skills,External,Incomplete,4,168.71,61,5
1484,2020-05-05,Production Technician I,NEL,Active,Full-Time,Zone B,Full-Time,Production       ,General - Con,02-07-1991,MA,Female,Hispanic,Married,Exceeds,3,2022-12-25,5,2,1,2023-07-29,Communication Skills,External,Incomplete,1,473.77,29,5
1485,2021-03-05,Production Technician I,PL,Active,Contract,Zone A,Part-Time,Production       ,Aerial,16-12-1971,MA,Female,Asian,Married,Exceeds,3,2022-12-14,1,2,1,2023-07-02,Leadership Development,External,Completed,5,654.35,50,5
1486,2019-03-07,Production Technician I,BPC,Active,Part-Time,Zone A,Full-Time,Production       ,Engineers,13-05-1999,MA,Female,Hispanic,Divorced,Fully Meets,3,2023-03-05,5,5,2,2023-05-30,Customer Service,Internal,Incomplete,2,176.63,20,4
1487,2022-05-08,Production Technician I,CCDR,Active,Full-Time,Zone B,Part-Time,Production       ,General - Con,28-08-1971,MA,Female,Asian,Widowed,Fully Meets,3,2023-05-20,4,4,2,2022-08-08,Customer Service,External,Failed,3,385.82,51,4
1489,2020-12-01,Production Technician I,EW,Active,Contract,Zone A,Part-Time,Production       ,Fielders,19-08-1944,MA,Female,White,Widowed,Fully Meets,3,2022-10-13,3,5,2,2022-10-01,Leadership Development,External,Completed,5,112.64,76,4
1490,2019-08-13,Production Technician I,MSC,Active,Contract,Zone A,Temporary,Production       ,Engineers,23-03-1970,MA,Female,White,Widowed,Needs Improvement,3,2023-03-06,2,3,4,2023-07-23,Communication Skills,External,Incomplete,4,849.95,49,2
1491,2020-03-09,Production Technician I,TNS,Active,Part-Time,Zone C,Temporary,Production       ,Project Management - Con,27-02-1982,MA,Female,Hispanic,Married,Exceeds,3,2023-03-29,1,3,3,2022-08-10,Technical Skills,External,Failed,5,187.65,38,5
1492,2020-05-06,Production Technician II,CCDR,Active,Full-Time,Zone B,Temporary,Production       ,Engineers,08-12-1955,MA,Male,Other,Divorced,Exceeds,3,2023-04-17,4,5,2,2022-12-25,Customer Service,Internal,Failed,1,285.56,65,5
1493,2022-08-03,Production Technician II,SVG,Active,Full-Time,Zone B,Temporary,Production       ,Field Operations,19-07-1980,MA,Male,Black,Married,Fully Meets,3,2022-12-06,2,2,4,2022-10-09,Communication Skills,Internal,Incomplete,3,793.43,42,4
1494,2018-10-13,Production Technician II,EW,Terminated,Contract,Zone B,Full-Time,Production       ,Splicing,12-03-1949,MA,Female,Hispanic,Divorced,Fully Meets,3,2023-05-06,5,5,5,2023-02-01,Customer Service,External,Passed,5,978.89,69,4
1495,2021-07-04,Production Technician II,MSC,Active,Part-Time,Zone A,Temporary,Production       ,General - Con,11-01-1971,MA,Male,Hispanic,Single,Fully Meets,3,2022-12-30,3,3,4,2023-02-25,Customer Service,Internal,Completed,4,993.66,50,4
1496,2019-04-30,Production Technician II,TNS,Active,Part-Time,Zone A,Full-Time,Production       ,Splicing,25-10-1950,MA,Male,White,Widowed,Fully Meets,3,2023-07-09,2,3,3,2022-09-07,Customer Service,External,Completed,3,768.55,69,4
1497,2020-11-03,Production Technician II,PYZ,Active,Contract,Zone C,Temporary,Production       ,Engineers,11-12-1995,MA,Male,Black,Widowed,Needs Improvement,3,2023-07-29,5,4,5,2022-08-23,Technical Skills,External,Completed,3,140.78,25,2
1498,2022-08-15,Production Technician I,BPC,Active,Full-Time,Zone B,Part-Time,Production       ,Engineers,24-03-1944,MA,Female,Black,Married,Exceeds,3,2022-12-28,1,5,3,2023-08-05,Project Management,Internal,Passed,3,598.07,78,5
1499,2022-02-26,Production Technician I,CCDR,Active,Contract,Zone A,Full-Time,Production       ,General - Con,27-04-1975,MA,Female,Other,Married,Fully Meets,3,2022-11-28,4,2,3,2023-01-18,Customer Service,External,Incomplete,5,543.52,47,4
1500,2019-05-13,Production Technician I,SVG,Active,Part-Time,Zone B,Part-Time,Production       ,Field Operations,02-02-1985,MA,Female,Hispanic,Divorced,Fully Meets,3,2023-07-24,1,4,4,2023-01-12,Technical Skills,Internal,Passed,2,916.73,34,4
1501,2021-10-24,Production Technician I,EW,Active,Contract,Zone A,Part-Time,Production       ,Field Operations,01-10-1999,MA,Male,Hispanic,Widowed,Fully Meets,3,2023-05-08,5,4,4,2023-07-29,Customer Service,Internal,Completed,2,491.99,22,4
1502,2021-05-10,Production Technician I,MSC,Active,Full-Time,Zone B,Full-Time,Production       ,General - Eng,15-12-1986,MA,Male,White,Divorced,Fully Meets,3,2023-06-08,5,3,5,2023-03-08,Technical Skills,Internal,Failed,4,245.0,35,4
1503,2021-06-13,Production Technician I,TNS,Active,Contract,Zone A,Part-Time,Production       ,General - Sga,21-04-1985,MA,Female,Black,Single,Fully Meets,3,2022-10-24,2,2,4,2022-12-09,Communication Skills,External,Failed,3,574.9,36,4
1504,2019-11-04,Production Technician I,PYZ,Active,Full-Time,Zone C,Full-Time,Production       ,Engineers,23-08-1971,MA,Female,Other,Married,Needs Improvement,3,2022-10-23,5,3,2,2023-06-20,Technical Skills,Internal,Failed,4,684.08,48,2
1505,2020-01-29,Production Technician I,WBL,Active,Full-Time,Zone A,Part-Time,Production       ,Wireline Construction,17-08-1942,MA,Female,Other,Widowed,Exceeds,3,2022-11-02,2,5,4,2023-05-08,Leadership Development,Internal,Passed,2,204.1,78,5
1506,2018-09-05,Production Technician I,NEL,Active,Part-Time,Zone B,Part-Time,Production       ,Engineers,18-06-1972,MA,Female,Hispanic,Single,Exceeds,3,2023-05-08,2,3,2,2022-11-01,Leadership Development,External,Failed,1,789.33,46,5
1507,2021-07-21,Production Technician I,PL,Active,Full-Time,Zone C,Full-Time,Production       ,General - Sga,15-08-1996,MA,Female,Black,Widowed,Fully Meets,3,2023-01-19,1,2,1,2022-09-21,Technical Skills,Internal,Completed,3,812.13,25,4
1508,2023-05-20,Production Technician I,BPC,Active,Part-Time,Zone B,Temporary,Production       ,General - Con,25-12-1964,MA,Female,White,Single,Fully Meets,3,2022-10-07,4,3,2,2023-05-12,Customer Service,Internal,Passed,2,675.02,59,4
1509,2022-05-16,Production Technician I,CCDR,Active,Full-Time,Zone C,Full-Time,Production       ,General - Sga,24-01-1960,MA,Female,Other,Single,Fully Meets,3,2022-09-25,5,1,3,2023-06-29,Project Management,Internal,Incomplete,4,343.07,62,4
1510,2021-03-15,Production Technician I,SVG,Active,Contract,Zone C,Temporary,Production       ,General - Sga,16-09-1980,MA,Female,Black,Married,Fully Meets,3,2023-04-06,2,3,3,2022-10-13,Technical Skills,External,Incomplete,5,986.78,41,4
1513,2019-12-21,Production Technician II,PL,Active,Contract,Zone C,Temporary,Production       ,General - Eng,03-10-1993,MA,Male,Other,Widowed,Fully Meets,3,2022-11-18,5,3,5,2022-11-10,Technical Skills,External,Failed,4,746.57,26,4
1514,2022-07-15,Production Technician II,PYZ,Active,Contract,Zone C,Part-Time,Production       ,Splicing,05-12-1983,MA,Male,Hispanic,Widowed,Fully Meets,3,2023-05-08,1,3,2,2022-12-01,Leadership Development,Internal,Failed,5,434.39,39,4
1515,2018-09-26,Production Technician II,SVG,Active,Full-Time,Zone B,Part-Time,Production       ,General - Con,18-04-1997,MA,Female,Other,Married,Fully Meets,3,2022-12-14,2,3,1,2023-04-03,Communication Skills,External,Completed,3,765.84,21,4
1516,2022-10-16,Production Technician II,TNS,Active,Contract,Zone B,Full-Time,Production       ,General - Eng,05-06-1943,MA,Male,Hispanic,Widowed,Fully Meets,3,2023-07-16,1,5,3,2022-11-18,Communication Skills,Internal,Failed,3,457.4,79,4
1517,2021-12-02,Production Technician II,WBL,Active,Full-Time,Zone C,Part-Time,Production       ,Splicing,05-03-1986,MA,Male,White,Married,Fully Meets,3,2023-01-22,4,5,3,2023-01-12,Customer Service,External,Passed,3,615.84,35,4
1518,2019-03-07,Production Technician II,BPC,Terminated,Full-Time,Zone B,Temporary,Production       ,Fielders,26-11-1975,MA,Male,White,Divorced,Fully Meets,3,2022-09-28,4,4,2,2022-12-08,Customer Service,Internal,Completed,2,803.79,44,4
1519,2023-05-02,Production Technician I,BPC,Active,Part-Time,Zone B,Full-Time,Production       ,Project Management - Con,17-04-1971,MA,Female,Asian,Single,Fully Meets,3,2023-02-25,1,3,1,2022-09-23,Leadership Development,External,Completed,2,586.89,52,4
1520,2020-08-24,Production Technician I,CCDR,Active,Full-Time,Zone A,Full-Time,Production       ,Sales & Marketing,04-07-1976,MA,Female,White,Divorced,Fully Meets,3,2023-04-05,2,2,5,2022-10-11,Communication Skills,External,Failed,5,104.48,44,4
1521,2020-12-08,Production Technician I,SVG,Active,Contract,Zone B,Temporary,Production       ,Wireline Construction,15-04-1990,MA,Male,Black,Single,Needs Improvement,3,2023-06-11,4,1,3,2023-06-02,Project Management,Internal,Passed,1,877.41,30,2
1522,2021-02-15,Production Technician I,EW,Active,Full-Time,Zone B,Full-Time,Production       ,Field Operations,24-08-1943,MA,Male,Hispanic,Married,Fully Meets,3,2022-12-03,3,4,5,2023-05-17,Technical Skills,External,Incomplete,3,791.99,78,4
1523,2020-09-15,Production Technician I,MSC,Active,Contract,Zone B,Full-Time,Production       ,People Services,30-05-1971,MA,Male,Other,Married,Fully Meets,3,2022-09-20,4,4,3,2022-12-11,Technical Skills,External,Incomplete,2,660.4,49,4
1524,2023-03-16,Production Technician I,TNS,Active,Full-Time,Zone A,Temporary,Production       ,Engineers,13-05-1975,MA,Female,Other,Single,Fully Meets,3,2023-01-17,4,1,2,2023-05-01,Communication Skills,Internal,Completed,2,928.81,48,4
1525,2021-11-14,Production Technician I,BPC,Active,Full-Time,Zone B,Temporary,Production       ,General - Con,14-04-1947,MA,Female,Asian,Widowed,Needs Improvement,3,2022-10-29,2,4,1,2022-12-10,Technical Skills,Internal,Incomplete,4,347.29,74,2
1526,2021-04-23,Production Technician I,CCDR,Active,Contract,Zone B,Full-Time,Production       ,Field Operations,04-04-1987,MA,Female,Other,Divorced,Fully Meets,3,2023-01-20,2,3,3,2023-05-26,Leadership Development,Internal,Completed,3,190.51,34,4
1527,2022-06-05,Production Technician I,EW,Active,Part-Time,Zone A,Full-Time,Production       ,Engineers,13-03-1980,MA,Female,Asian,Widowed,Fully Meets,3,2023-06-02,1,1,3,2023-06-03,Customer Service,External,Incomplete,3,206.53,42,4
1528,2022-11-19,Production Technician I,MSC,Active,Part-Time,Zone A,Part-Time,Production       ,Field Operations,27-11-1953,MA,Female,Asian,Widowed,Fully Meets,3,2023-02-25,5,5,2,2022-12-10,Communication Skills,Internal,Incomplete,1,639.93,69,4
1529,2023-04-14,Production Technician I,NEL,Active,Full-Time,Zone C,Part-Time,Production       ,Field Operations,27-07-1974,MA,Female,Hispanic,Married,Fully Meets,3,2023-04-28,3,1,3,2023-04-14,Communication Skills,External,Incomplete,5,304.06,49,4
1530,2022-12-13,Production Technician I,PL,Active,Contract,Zone B,Full-Time,Production       ,Field Operations,02-02-2000,MA,Female,Other,Single,Fully Meets,3,2022-10-31,1,2,3,2023-06-06,Project Management,External,Passed,4,261.13,22,4
1534,2022-02-27,Production Technician II,CCDR,Active,Full-Time,Zone B,Temporary,Production       ,Field Operations,10-11-1964,MA,Male,White,Married,Fully Meets,3,2022-08-12,1,1,5,2022-10-27,Project Management,External,Failed,1,857.19,58,4
1535,2021-05-08,Production Technician II,SVG,Active,Contract,Zone B,Part-Time,Production       ,General - Con,11-11-2000,MA,Female,Black,Widowed,Fully Meets,3,2022-12-08,4,2,1,2022-10-09,Customer Service,Internal,Failed,3,442.86,21,4
1536,2022-12-27,Production Technician II,EW,Active,Contract,Zone C,Part-Time,Production       ,General - Con,19-12-1955,MA,Female,Asian,Single,Fully Meets,3,2023-03-19,5,3,5,2023-01-27,Communication Skills,Internal,Passed,4,382.0,67,4
1537,2020-08-16,Production Technician II,MSC,Active,Contract,Zone B,Full-Time,Production       ,Project Management - Con,12-01-1950,MA,Male,Hispanic,Divorced,Fully Meets,3,2022-08-06,5,2,4,2023-07-29,Communication Skills,External,Incomplete,2,430.09,70,4
1538,2023-01-20,Production Technician II,TNS,Active,Contract,Zone B,Full-Time,Production       ,Splicing,18-01-2001,MA,Male,White,Widowed,Fully Meets,3,2022-11-11,2,4,5,2022-10-21,Leadership Development,External,Failed,3,854.47,22,4
1539,2020-12-28,Production Technician II,PYZ,Terminated,Part-Time,Zone A,Full-Time,Production       ,Project Management - Con,02-03-1961,MA,Male,Hispanic,Widowed,Fully Meets,3,2023-01-22,4,4,5,2022-12-20,Communication Skills,Internal,Passed,5,899.57,59,4
1540,2021-02-18,Production Technician I,BPC,Active,Contract,Zone C,Temporary,Production       ,Technology / It,19-02-1967,MA,Female,Black,Widowed,Fully Meets,3,2023-01-24,2,4,2,2022-10-27,Communication Skills,Internal,Incomplete,1,686.34,54,4
1541,2021-01-16,Production Technician I,CCDR,Active,Part-Time,Zone C,Full-Time,Production       ,General - Sga,13-12-1972,MA,Female,Black,Widowed,Fully Meets,3,2022-12-26,1,4,1,2023-02-17,Communication Skills,Internal,Passed,4,770.12,49,4
1542,2022-04-07,Production Technician I,SVG,Active,Full-Time,Zone A,Temporary,Production       ,Splicing,11-12-1992,MA,Male,White,Married,Fully Meets,3,2023-07-31,5,4,4,2022-10-07,Leadership Development,External,Incomplete,4,180.73,30,4
1543,2019-07-11,Production Technician I,EW,Active,Part-Time,Zone A,Part-Time,Production       ,Field Operations,16-07-1961,MA,Male,Black,Married,Fully Meets,3,2023-01-07,4,1,1,2023-05-01,Technical Skills,Internal,Incomplete,2,734.87,58,4
1544,2020-08-09,Production Technician I,MSC,Active,Part-Time,Zone C,Temporary,Production       ,General - Eng,18-05-1994,MA,Female,Other,Married,Fully Meets,3,2023-06-20,5,1,5,2022-10-23,Communication Skills,Internal,Passed,3,811.24,26,4
1545,2018-09-20,Production Technician I,TNS,Active,Contract,Zone A,Part-Time,Production       ,Field Operations,08-05-1957,MA,Female,Hispanic,Married,Fully Meets,3,2022-08-21,2,4,2,2023-02-05,Leadership Development,Internal,Passed,3,566.0,61,4
1546,2020-01-21,Production Technician I,PYZ,Active,Part-Time,Zone B,Part-Time,Production       ,Splicing,13-08-1952,MA,Female,Hispanic,Widowed,Fully Meets,3,2023-05-26,3,1,5,2023-02-26,Project Management,External,Incomplete,5,638.92,68,4
1547,2022-02-17,Production Technician I,WBL,Active,Contract,Zone B,Temporary,Production       ,Technology / It,25-12-1993,MA,Female,Hispanic,Widowed,Fully Meets,3,2022-09-24,4,4,4,2023-04-04,Leadership Development,Internal,Incomplete,3,340.07,29,4
1548,2019-06-11,Production Technician I,NEL,Active,Part-Time,Zone A,Full-Time,Production       ,Engineers,01-08-1964,MA,Male,Asian,Widowed,Needs Improvement,3,2023-06-14,1,4,4,2023-04-12,Communication Skills,Internal,Passed,4,206.75,55,2
1549,2022-05-05,Production Technician I,PL,Active,Part-Time,Zone C,Full-Time,Production       ,Executive,16-01-1993,MA,Female,Other,Married,Fully Meets,3,2023-07-07,2,3,1,2023-06-04,Project Management,External,Completed,1,759.56,29,4
1550,2018-09-19,Production Technician I,BPC,Active,Full-Time,Zone A,Temporary,Production       ,Field Operations,15-08-1961,MA,Female,Black,Widowed,Fully Meets,3,2023-03-04,2,3,3,2022-11-09,Customer Service,External,Failed,3,354.19,57,4
1553,2022-12-17,Production Technician I,EW,Active,Part-Time,Zone C,Part-Time,Production       ,Field Operations,04-10-1960,MA,Female,Other,Single,Fully Meets,3,2023-01-12,3,1,5,2023-03-19,Leadership Development,External,Completed,3,528.55,62,4
1555,2019-03-27,Production Technician II,PL,Active,Part-Time,Zone A,Part-Time,Production       ,Field Operations,26-04-1966,MA,Female,Hispanic,Divorced,Fully Meets,3,2022-12-19,5,1,2,2023-02-26,Technical Skills,External,Passed,5,757.78,53,4
1556,2023-05-08,Production Technician II,PYZ,Active,Full-Time,Zone B,Temporary,Production       ,Project Management - Con,11-02-1993,MA,Female,Asian,Widowed,Fully Meets,3,2022-10-07,4,5,2,2023-06-10,Communication Skills,External,Completed,1,337.94,30,4
1557,2018-12-12,Production Technician II,SVG,Terminated,Part-Time,Zone B,Temporary,Production       ,Project Management - Con,16-06-1991,MA,Male,Hispanic,Divorced,Fully Meets,3,2022-08-19,4,1,2,2023-06-06,Customer Service,External,Incomplete,5,256.57,27,4
1558,2020-08-25,Production Technician II,TNS,Active,Part-Time,Zone A,Temporary,Production       ,Field Operations,24-02-1981,MA,Male,Black,Married,Fully Meets,3,2022-10-09,3,5,2,2022-09-25,Leadership Development,External,Passed,2,839.12,39,4
1559,2022-04-22,Production Technician II,WBL,Terminated,Full-Time,Zone B,Full-Time,Production       ,Project Management - Con,02-12-1965,MA,Male,Other,Divorced,Fully Meets,3,2023-02-04,3,1,3,2023-04-08,Project Management,External,Passed,1,281.94,57,4
1560,2021-12-20,Production Technician II,PYZ,Terminated,Full-Time,Zone A,Full-Time,Production       ,General - Con,08-09-1947,MA,Male,Other,Divorced,Fully Meets,3,2023-01-23,1,2,4,2023-07-05,Technical Skills,External,Completed,2,821.41,74,4
1561,2021-02-12,Production Technician I,PL,Active,Contract,Zone C,Full-Time,Production       ,General - Con,29-05-1956,MA,Female,Hispanic,Single,Fully Meets,3,2023-04-01,5,1,3,2022-10-19,Leadership Development,Internal,Incomplete,3,924.06,65,4
1562,2020-09-29,Production Technician I,BPC,Active,Full-Time,Zone B,Temporary,Production       ,General - Sga,09-03-1944,MA,Female,Black,Single,Fully Meets,3,2023-04-21,3,2,1,2022-12-24,Leadership Development,Internal,Passed,2,578.66,76,4
1563,2022-09-10,Production Technician I,CCDR,Active,Contract,Zone C,Temporary,Production       ,Field Operations,26-11-1960,MA,Female,Black,Widowed,Fully Meets,3,2023-04-23,1,4,3,2022-12-09,Leadership Development,External,Incomplete,3,721.86,62,4
1564,2023-03-11,Production Technician I,SVG,Active,Contract,Zone A,Full-Time,Production       ,General - Con,04-03-1991,MA,Male,Other,Widowed,Exceeds,3,2022-12-20,4,1,4,2023-04-20,Communication Skills,External,Completed,4,430.3,32,5
1565,2022-04-28,Production Technician I,EW,Active,Full-Time,Zone C,Full-Time,Production       ,Field Operations,23-09-1960,MA,Male,Asian,Widowed,Fully Meets,3,2023-06-16,5,4,5,2022-12-03,Customer Service,Internal,Completed,3,337.52,62,4
1566,2022-03-20,Production Technician I,MSC,Active,Full-Time,Zone B,Temporary,Production       ,Yard (Material Handling),24-12-1962,MA,Female,Hispanic,Divorced,Exceeds,3,2023-07-25,1,4,1,2023-05-05,Communication Skills,Internal,Failed,1,692.71,60,5
1567,2022-03-04,Production Technician I,TNS,Active,Contract,Zone C,Part-Time,Production       ,Field Operations,29-11-1978,MA,Female,Asian,Single,Fully Meets,3,2023-04-12,4,2,4,2023-05-13,Project Management,External,Failed,1,177.99,44,4
1568,2023-02-01,Production Technician I,PYZ,Active,Part-Time,Zone B,Full-Time,Production       ,Yard (Material Handling),15-03-1995,MA,Female,Asian,Divorced,Fully Meets,3,2022-10-04,1,2,3,2023-04-07,Communication Skills,External,Incomplete,5,586.71,28,4
1569,2021-02-05,Production Technician I,WBL,Active,Part-Time,Zone C,Full-Time,Production       ,Engineers,24-02-1975,MA,Male,Black,Widowed,Fully Meets,3,2023-03-08,1,3,1,2023-03-20,Customer Service,Internal,Completed,2,771.98,46,4
1570,2022-11-23,Production Technician I,NEL,Active,Contract,Zone C,Part-Time,Production       ,General - Con,01-01-1992,MA,Male,Asian,Single,Fully Meets,3,2022-08-07,1,4,5,2023-03-28,Project Management,Internal,Passed,4,121.88,30,4
1571,2021-05-24,Production Technician I,PL,Active,Part-Time,Zone A,Full-Time,Production       ,Yard (Material Handling),12-09-1986,MA,Female,Hispanic,Divorced,Exceeds,3,2023-06-04,3,2,4,2023-03-15,Project Management,External,Completed,2,379.68,35,5
1572,2021-09-28,Production Technician I,BPC,Active,Part-Time,Zone C,Part-Time,Production       ,Fielders,08-04-1951,MA,Female,Black,Married,Fully Meets,3,2022-10-17,2,4,3,2022-10-08,Customer Service,Internal,Completed,2,738.65,70,4
1573,2021-03-17,Production Technician I,CCDR,Active,Contract,Zone A,Part-Time,Production       ,Shop (Fleet),19-01-1985,MA,Female,Other,Widowed,Fully Meets,3,2023-06-10,1,1,3,2022-12-15,Technical Skills,External,Incomplete,2,159.42,36,4
1576,2019-11-11,Production Technician I,MSC,Terminated,Full-Time,Zone C,Full-Time,Production       ,Aerial,20-09-1945,MA,Male,Black,Married,Needs Improvement,3,2023-05-07,5,2,3,2023-07-06,Communication Skills,Internal,Completed,4,104.34,74,2
1577,2020-12-15,Production Technician II,PL,Active,Full-Time,Zone B,Temporary,Production       ,Finance & Accounting,13-04-1963,MA,Female,Black,Widowed,Fully Meets,3,2023-03-29,5,2,1,2022-10-26,Customer Service,External,Failed,5,413.08,57,4
1578,2021-05-06,Production Technician II,PYZ,Terminated,Part-Time,Zone B,Part-Time,Production       ,Field Operations,20-08-1980,MA,Male,Hispanic,Married,Needs Improvement,3,2023-02-03,5,5,1,2022-12-29,Technical Skills,External,Incomplete,1,856.71,41,2
1579,2021-07-08,Production Technician II,SVG,Active,Part-Time,Zone A,Full-Time,Production       ,General - Con,30-09-1994,MA,Male,White,Divorced,Fully Meets,3,2023-04-15,1,3,1,2022-10-20,Communication Skills,Internal,Passed,5,322.3,27,4
1580,2023-04-04,Production Technician II,TNS,Active,Part-Time,Zone A,Full-Time,Production       ,Finance & Accounting,10-04-1972,MA,Male,Asian,Single,Needs Improvement,3,2023-04-23,1,1,5,2023-03-29,Project Management,Internal,Passed,3,527.93,51,2
1581,2022-08-05,Production Technician II,WBL,Terminated,Full-Time,Zone C,Part-Time,Production       ,General - Con,24-07-1950,MA,Male,Asian,Single,Fully Meets,3,2022-12-11,1,3,5,2023-01-10,Project Management,External,Failed,2,480.2,72,4
1582,2020-04-06,Production Technician II,BPC,Terminated,Part-Time,Zone C,Temporary,Production       ,Field Operations,01-04-1995,MA,Female,Other,Single,Needs Improvement,3,2022-11-04,2,1,5,2022-11-01,Leadership Development,Internal,Completed,5,323.79,25,2
1583,2023-03-02,Production Technician I,NEL,Terminated,Full-Time,Zone B,Part-Time,Production       ,Project Management - Con,01-07-1973,MA,Female,Other,Widowed,Fully Meets,3,2023-06-27,3,3,3,2023-06-18,Leadership Development,External,Failed,3,184.66,50,4
1584,2020-04-09,Production Technician I,PL,Active,Contract,Zone B,Part-Time,Production       ,Fielders,18-10-1943,MA,Female,White,Married,Fully Meets,3,2023-03-18,4,1,4,2023-05-10,Leadership Development,External,Passed,4,265.22,77,4
1585,2022-09-17,Production Technician I,BPC,Active,Part-Time,Zone A,Temporary,Production       ,Splicing,04-05-1956,MA,Female,Black,Single,Fully Meets,3,2022-12-23,5,4,4,2023-02-06,Technical Skills,External,Incomplete,5,843.28,66,4
1586,2022-01-15,Production Technician I,CCDR,Active,Full-Time,Zone C,Full-Time,Production       ,General - Con,05-01-1973,MA,Female,Hispanic,Widowed,Fully Meets,3,2023-07-16,3,3,4,2022-12-06,Communication Skills,Internal,Passed,3,643.9,49,4
1587,2022-05-23,Production Technician I,SVG,Active,Part-Time,Zone C,Part-Time,Production       ,Splicing,12-12-1984,MA,Male,Other,Divorced,Fully Meets,3,2023-06-27,4,5,3,2023-03-10,Customer Service,Internal,Completed,4,876.73,38,4
1588,2021-07-15,Production Technician I,EW,Active,Full-Time,Zone A,Temporary,Production       ,Splicing,18-02-1946,MA,Male,Hispanic,Widowed,Fully Meets,3,2023-07-21,1,5,5,2022-11-08,Leadership Development,Internal,Failed,1,293.85,75,4
1589,2020-08-28,Production Technician I,MSC,Active,Contract,Zone A,Part-Time,Production       ,Field Operations,02-07-1996,MA,Female,White,Married,Fully Meets,3,2023-04-26,2,1,1,2022-10-22,Project Management,Internal,Incomplete,4,328.06,24,4
1590,2021-09-09,Production Technician I,TNS,Active,Part-Time,Zone A,Full-Time,Production       ,Wireline Construction,09-09-1983,MA,Male,Black,Single,Fully Meets,3,2023-04-20,5,1,3,2023-03-16,Leadership Development,Internal,Failed,2,187.35,38,4
1591,2023-02-10,Production Technician I,PYZ,Active,Contract,Zone A,Part-Time,Production       ,General - Con,20-10-1957,MA,Female,Asian,Divorced,Fully Meets,3,2023-05-10,4,3,1,2023-06-09,Leadership Development,Internal,Passed,5,340.01,66,4
1592,2020-06-14,Production Technician I,WBL,Active,Full-Time,Zone A,Full-Time,Production       ,Engineers,15-08-1981,MA,Male,Other,Single,Exceeds,3,2023-06-06,1,1,4,2023-06-20,Communication Skills,Internal,Incomplete,1,590.82,39,5
1593,2020-12-05,Production Technician I,NEL,Active,Part-Time,Zone B,Full-Time,Production       ,Catv,18-11-1984,MA,Male,Asian,Widowed,Exceeds,3,2022-10-02,1,4,1,2023-05-08,Leadership Development,External,Failed,1,321.08,36,5
1594,2022-07-16,Production Technician I,PL,Active,Part-Time,Zone B,Full-Time,Production       ,Aerial,30-04-1968,MA,Female,Black,Single,Exceeds,3,2022-12-08,1,1,4,2023-04-04,Communication Skills,External,Failed,1,684.45,54,5
1595,2023-06-09,Production Technician I,BPC,Active,Part-Time,Zone A,Full-Time,Production       ,General - Eng,11-09-1969,MA,Female,Black,Married,Exceeds,3,2023-01-12,3,4,3,2023-05-07,Leadership Development,External,Passed,4,571.48,54,5
1599,2022-05-18,Production Technician II,BPC,Terminated,Full-Time,Zone C,Full-Time,Production       ,Field Operations,13-11-1975,MA,Male,White,Divorced,Exceeds,3,2022-09-13,4,5,2,2023-05-17,Leadership Development,External,Passed,2,848.72,47,5
1600,2018-11-06,Production Technician II,CCDR,Active,Contract,Zone A,Full-Time,Production       ,General - Con,19-05-1993,MA,Female,Hispanic,Married,Exceeds,3,2023-04-28,5,3,2,2022-08-15,Project Management,Internal,Passed,5,851.93,25,5
1601,2022-03-29,Production Technician II,SVG,Active,Part-Time,Zone C,Temporary,Production       ,Engineers,08-10-1990,MA,Male,Asian,Single,Exceeds,3,2023-01-05,4,2,5,2023-05-20,Technical Skills,Internal,Incomplete,4,381.09,32,5
1602,2021-11-04,Production Technician II,EW,Active,Full-Time,Zone A,Part-Time,Production       ,General - Con,10-10-2000,MA,Female,Asian,Married,Exceeds,3,2023-04-01,2,1,3,2023-04-23,Project Management,External,Incomplete,4,175.5,21,5
1603,2023-04-27,Production Technician II,MSC,Active,Part-Time,Zone B,Part-Time,Production       ,General - Con,25-12-1968,MA,Male,White,Single,Exceeds,3,2022-08-31,2,5,1,2023-03-11,Communication Skills,External,Completed,2,784.15,55,5
1604,2020-03-08,Production Technician II,TNS,Active,Full-Time,Zone B,Full-Time,Production       ,General - Con,19-10-1976,MA,Male,Asian,Married,Exceeds,3,2023-01-28,1,5,1,2023-02-08,Communication Skills,External,Passed,3,999.97,44,5
1605,2019-04-27,Production Technician I,NEL,Terminated,Full-Time,Zone B,Full-Time,Production       ,Field Operations,20-10-1956,MA,Female,Black,Single,Exceeds,3,2023-05-08,2,3,3,2023-04-08,Customer Service,Internal,Passed,5,878.65,63,5
1606,2019-05-11,Production Technician I,PL,Active,Full-Time,Zone C,Full-Time,Production       ,Field Operations,06-03-1944,MA,Female,White,Divorced,Exceeds,3,2023-06-28,5,4,3,2022-09-26,Project Management,Internal,Completed,5,937.89,75,5
1607,2021-03-09,Production Technician I,BPC,Active,Contract,Zone C,Temporary,Production       ,Shop (Fleet),10-12-1987,MA,Female,Hispanic,Married,Needs Improvement,3,2023-03-18,3,5,5,2022-11-30,Customer Service,External,Completed,3,961.1,34,2
1608,2020-11-05,Production Technician I,CCDR,Active,Part-Time,Zone A,Temporary,Production       ,Field Operations,24-02-1997,MA,Female,White,Widowed,PIP,3,2022-12-11,2,4,3,2022-11-06,Customer Service,Internal,Incomplete,1,820.96,23,1
1609,2018-09-12,Production Technician I,SVG,Active,Contract,Zone A,Full-Time,Production       ,General - Eng,26-11-1953,MA,Male,Black,Married,PIP,3,2023-04-13,5,5,4,2023-04-22,Project Management,Internal,Failed,3,455.52,65,1
1610,2019-11-09,Production Technician I,EW,Active,Part-Time,Zone B,Full-Time,Production       ,General - Con,28-01-1986,MA,Female,White,Single,Needs Improvement,3,2022-10-23,4,5,5,2023-03-29,Communication Skills,External,Completed,4,815.24,33,2
1611,2018-11-29,Production Technician I,MSC,Active,Full-Time,Zone C,Part-Time,Production       ,Project Management - Con,25-01-1962,MA,Female,Hispanic,Widowed,Needs Improvement,3,2023-05-21,1,2,2,2022-10-01,Leadership Development,External,Failed,5,534.82,56,2
1612,2022-07-03,Production Technician I,TNS,Active,Part-Time,Zone B,Temporary,Production       ,General - Sga,28-05-1993,MA,Male,White,Single,Needs Improvement,3,2022-12-13,5,5,3,2023-01-25,Technical Skills,External,Incomplete,4,522.79,29,2
1613,2019-09-26,Production Technician I,PYZ,Active,Contract,Zone C,Full-Time,Production       ,Field Operations,03-07-1995,MA,Female,Other,Single,Exceeds,3,2022-09-07,4,2,1,2023-01-28,Leadership Development,Internal,Completed,1,868.8,24,5
1614,2022-12-23,Production Technician I,WBL,Active,Part-Time,Zone B,Part-Time,Production       ,Field Operations,19-03-1951,MA,Male,Asian,Divorced,Needs Improvement,3,2023-04-10,1,4,2,2023-07-22,Communication Skills,External,Passed,1,808.85,71,2
1615,2023-01-19,Production Technician I,NEL,Active,Part-Time,Zone C,Part-Time,Production       ,General - Con,16-01-1960,MA,Male,White,Married,Exceeds,3,2023-07-27,1,1,3,2022-08-31,Technical Skills,Internal,Passed,1,874.1,63,5
1616,2018-10-01,Production Technician I,PL,Active,Full-Time,Zone A,Part-Time,Production       ,Field Operations,03-06-1991,MA,Female,Black,Divorced,Needs Improvement,3,2023-01-29,3,4,1,2023-07-18,Leadership Development,External,Completed,2,206.73,27,2
1617,2022-02-18,Production Technician I,BPC,Active,Full-Time,Zone B,Full-Time,Production       ,Aerial,27-12-1991,MA,Female,Black,Divorced,Needs Improvement,3,2023-02-08,5,1,2,2023-02-06,Leadership Development,Internal,Completed,3,586.5,31,2
1618,2021-12-09,Production Technician I,CCDR,Active,Full-Time,Zone B,Temporary,Production       ,Field Operations,16-06-1977,MA,Male,White,Widowed,Needs Improvement,3,2022-11-16,2,5,4,2023-04-24,Leadership Development,Internal,Passed,2,779.69,44,2
1620,2020-05-27,Production Technician I,EW,Active,Contract,Zone A,Full-Time,Production       ,Executive,04-03-1967,MA,Male,Asian,Single,Needs Improvement,3,2022-10-30,5,3,2,2023-01-18,Project Management,External,Completed,5,986.14,53,2
1621,2021-09-21,BI Developer,MSC,Active,Full-Time,Zone B,Temporary,IT/IS,Field Operations,09-12-1975,MA,Male,Other,Divorced,Needs Improvement,3,2023-05-21,4,1,3,2022-10-03,Technical Skills,Internal,Completed,2,264.74,46,2
1622,2021-08-30,BI Developer,TNS,Active,Contract,Zone A,Part-Time,IT/IS,Aerial,21-01-1942,MA,Male,Asian,Single,Needs Improvement,3,2023-04-29,1,5,5,2022-12-17,Communication Skills,Internal,Passed,4,344.06,79,2
1623,2023-06-19,BI Developer,PYZ,Active,Full-Time,Zone C,Temporary,IT/IS,Finance & Accounting,17-06-2001,MA,Male,Other,Divorced,Needs Improvement,3,2022-12-18,1,2,2,2022-11-26,Project Management,Internal,Passed,3,232.5,22,2
1624,2023-05-12,Senior BI Developer,WBL,Active,Full-Time,Zone A,Temporary,IT/IS,Field Operations,22-10-1996,MA,Male,White,Widowed,Needs Improvement,3,2023-07-24,5,1,3,2023-04-21,Customer Service,Internal,Failed,1,953.68,27,2
1625,2022-06-05,Senior BI Developer,NEL,Active,Part-Time,Zone B,Part-Time,IT/IS,Shop (Fleet),16-09-1977,MA,Male,Other,Single,Exceeds,3,2022-08-16,5,2,2,2022-11-15,Project Management,External,Passed,5,101.56,45,5
1626,2020-09-17,Data Architect,PL,Active,Full-Time,Zone B,Temporary,IT/IS,General - Con,12-05-1947,MA,Female,Other,Married,Needs Improvement,3,2023-01-11,3,4,5,2023-05-05,Project Management,Internal,Failed,3,624.8,73,2
1627,2023-05-15,BI Developer,BPC,Active,Full-Time,Zone C,Full-Time,IT/IS,Field Operations,14-01-1966,MA,Female,Other,Divorced,Exceeds,3,2022-08-06,4,4,1,2022-12-05,Project Management,Internal,Completed,5,943.93,57,5
1628,2018-12-15,Senior BI Developer,CCDR,Active,Part-Time,Zone A,Temporary,IT/IS,Catv,12-04-1974,MA,Female,Asian,Single,Needs Improvement,3,2023-04-12,4,4,2,2023-05-20,Customer Service,Internal,Completed,1,781.52,44,2
1629,2019-11-06,BI Developer,PL,Terminated,Part-Time,Zone B,Full-Time,IT/IS,Field Operations,04-01-1946,MA,Female,Hispanic,Married,Fully Meets,3,2022-09-23,1,2,4,2023-07-18,Leadership Development,Internal,Failed,2,615.28,73,4
1630,2021-04-25,BI Developer,BPC,Terminated,Contract,Zone C,Temporary,IT/IS,General - Con,05-02-1944,MA,Female,Other,Single,Fully Meets,3,2023-02-25,4,3,2,2023-03-26,Customer Service,External,Incomplete,4,779.26,77,4
1631,2023-06-17,BI Developer,CCDR,Terminated,Full-Time,Zone C,Full-Time,IT/IS,Executive,24-10-1986,MA,Female,White,Widowed,Fully Meets,3,2023-06-24,2,4,1,2023-01-14,Customer Service,External,Incomplete,1,464.49,37,4
1632,2022-01-14,BI Developer,SVG,Active,Full-Time,Zone C,Full-Time,IT/IS,Field Operations,06-08-1970,MA,Female,Black,Widowed,Fully Meets,3,2023-03-12,5,4,4,2023-03-26,Leadership Development,External,Completed,4,196.31,52,4
1633,2018-10-22,Area Sales Manager,EW,Active,Contract,Zone B,Temporary,IT/IS,Field Operations,05-05-1994,MA,Female,Black,Widowed,Fully Meets,3,2022-12-09,4,3,2,2022-10-09,Project Management,External,Passed,3,300.12,24,4
1634,2021-10-17,Area Sales Manager,MSC,Active,Contract,Zone C,Part-Time,IT/IS,Finance & Accounting,22-07-1974,MA,Male,Black,Divorced,Fully Meets,3,2023-01-13,2,3,1,2023-03-26,Communication Skills,External,Failed,3,895.42,47,4
1635,2021-10-19,Area Sales Manager,TNS,Active,Full-Time,Zone C,Part-Time,IT/IS,Safety,26-09-1988,MA,Male,Hispanic,Single,Fully Meets,3,2022-12-19,4,4,2,2023-05-15,Leadership Development,External,Completed,3,619.86,33,4
1636,2018-10-16,Sales Manager,SVG,Active,Contract,Zone B,Part-Time,Admin Offices,Aerial,07-11-1998,MA,Male,White,Single,Fully Meets,3,2022-10-14,4,5,2,2022-08-31,Technical Skills,External,Completed,1,943.84,20,4
1637,2020-04-26,Sales Manager,EW,Active,Full-Time,Zone C,Part-Time,Admin Offices,General - Con,18-01-1986,MA,Male,Black,Divorced,Fully Meets,3,2022-10-20,4,1,2,2022-10-04,Customer Service,External,Failed,5,556.33,34,4
1638,2020-01-22,Sales Manager,MSC,Active,Full-Time,Zone B,Full-Time,Sales,Finance & Accounting,20-07-1994,MA,Male,Asian,Divorced,Fully Meets,3,2023-05-08,2,4,5,2022-12-27,Customer Service,External,Completed,4,274.97,26,4
1639,2022-03-30,BI Director,EW,Terminated,Full-Time,Zone A,Full-Time,IT/IS,Field Operations,10-01-1958,MA,Male,Black,Married,Fully Meets,3,2022-10-12,1,2,1,2023-01-21,Communication Skills,Internal,Completed,5,359.87,64,4
1640,2021-05-29,BI Developer,MSC,Terminated,Contract,Zone A,Full-Time,IT/IS,Engineers,30-08-1961,MA,Female,Hispanic,Divorced,Fully Meets,3,2022-12-19,2,4,1,2023-02-01,Communication Skills,Internal,Completed,1,881.51,60,4
1641,2023-03-09,BI Developer,NEL,Terminated,Part-Time,Zone C,Temporary,IT/IS,Field Operations,06-10-1989,MA,Female,Other,Married,Fully Meets,3,2023-03-18,5,4,4,2022-12-22,Project Management,External,Passed,5,879.86,34,4
1642,2019-11-22,BI Developer,PL,Terminated,Contract,Zone A,Part-Time,IT/IS,Wireline Construction,23-09-1946,MA,Female,Black,Single,Fully Meets,3,2023-04-14,3,2,2,2023-07-18,Customer Service,External,Passed,3,226.92,73,4
1643,2019-04-07,Area Sales Manager,SVG,Active,Full-Time,Zone A,Full-Time,IT/IS,Aerial,19-05-1981,MA,Male,Other,Widowed,Fully Meets,3,2022-08-23,5,3,4,2023-07-13,Technical Skills,External,Completed,3,674.14,38,4
1644,2023-03-23,Area Sales Manager,TNS,Active,Contract,Zone C,Temporary,IT/IS,Aerial,05-10-2000,MA,Male,Other,Widowed,Fully Meets,3,2023-04-01,3,1,1,2022-12-13,Customer Service,External,Failed,4,383.95,23,4
1645,2021-02-18,Area Sales Manager,WBL,Active,Part-Time,Zone A,Temporary,IT/IS,Fielders,19-12-1975,MA,Male,Hispanic,Widowed,Fully Meets,3,2022-09-26,5,5,5,2022-08-12,Technical Skills,External,Completed,1,122.81,46,4
1646,2019-04-05,Sales Manager,SVG,Active,Contract,Zone C,Full-Time,Admin Offices,General - Sga,17-06-1987,MA,Male,Black,Divorced,Fully Meets,3,2023-01-20,2,2,1,2022-08-07,Customer Service,Internal,Completed,5,380.22,32,4
1647,2019-10-23,Sales Manager,EW,Active,Contract,Zone B,Part-Time,IT/IS,Catv,03-02-1986,MA,Male,Black,Widowed,Fully Meets,3,2023-02-16,4,2,5,2022-09-15,Communication Skills,External,Passed,5,719.1,33,4
1648,2021-05-14,Sales Manager,MSC,Active,Part-Time,Zone C,Part-Time,Sales,Aerial,19-08-1977,MA,Male,White,Single,Fully Meets,3,2022-12-16,4,4,5,2023-01-11,Project Management,External,Passed,1,699.81,44,4
1649,2019-03-19,CIO,WBL,Active,Full-Time,Zone A,Part-Time,IT/IS,Wireline Construction,10-03-1964,TX,Male,White,Single,Fully Meets,3,2023-07-28,3,1,2,2022-11-24,Leadership Development,Internal,Passed,5,452.38,55,4
1650,2019-05-08,BI Director,NEL,Terminated,Part-Time,Zone C,Temporary,IT/IS,Engineers,27-02-1946,MA,Male,Asian,Widowed,Fully Meets,3,2023-03-29,5,1,3,2022-10-08,Leadership Development,Internal,Completed,3,727.36,73,4
1651,2019-10-05,BI Developer,PL,Terminated,Part-Time,Zone A,Temporary,IT/IS,Aerial,23-01-1993,MA,Female,Black,Widowed,Fully Meets,3,2022-11-01,4,4,4,2022-12-20,Customer Service,Internal,Passed,5,595.83,26,4
1652,2021-11-29,BI Developer,BPC,Terminated,Full-Time,Zone C,Full-Time,IT/IS,Field Operations,01-06-1985,MA,Female,White,Single,Fully Meets,3,2023-06-09,1,4,4,2022-12-09,Leadership Development,Internal,Completed,4,740.51,36,4
1653,2018-11-06,Area Sales Manager,EW,Active,Part-Time,Zone B,Temporary,IT/IS,Field Operations,07-01-1957,MA,Male,Hispanic,Married,Fully Meets,3,2022-12-02,2,4,5,2023-07-24,Technical Skills,External,Incomplete,1,886.01,61,4
1654,2021-07-27,Area Sales Manager,MSC,Active,Full-Time,Zone B,Temporary,IT/IS,Engineers,19-12-1999,MA,Male,Black,Divorced,Fully Meets,3,2023-06-11,2,3,3,2023-05-01,Technical Skills,External,Failed,2,641.09,22,4
1655,2023-07-18,Area Sales Manager,TNS,Active,Part-Time,Zone A,Temporary,IT/IS,Wireline Construction,01-09-1942,MA,Male,Black,Married,Fully Meets,3,2022-09-25,3,1,2,2023-06-15,Communication Skills,Internal,Completed,5,780.94,81,4
1656,2022-09-04,Senior BI Developer,CCDR,Active,Part-Time,Zone C,Temporary,Admin Offices,Field Operations,20-05-1985,MA,Male,Black,Single,Fully Meets,3,2022-09-30,1,4,5,2023-03-19,Leadership Development,Internal,Completed,3,132.75,37,4
1657,2019-05-24,Sales Manager,SVG,Active,Contract,Zone B,Part-Time,IT/IS,Engineers,30-08-1969,MA,Male,Other,Married,Fully Meets,3,2023-07-29,1,5,1,2022-10-01,Technical Skills,Internal,Passed,1,838.52,50,4
1658,2019-11-03,Sales Manager,EW,Active,Contract,Zone B,Part-Time,IT/IS,Field Operations,29-12-1975,MA,Male,Other,Widowed,Fully Meets,3,2022-08-07,2,1,2,2023-06-06,Project Management,External,Failed,4,474.23,44,4
1659,2019-11-26,Sales Manager,MSC,Active,Full-Time,Zone C,Part-Time,Sales,Field Operations,30-06-1977,MA,Female,White,Single,Fully Meets,3,2023-07-11,4,5,5,2023-05-23,Leadership Development,Internal,Incomplete,1,579.06,42,4
1660,2022-08-09,CIO,WBL,Terminated,Contract,Zone B,Full-Time,IT/IS,General - Con,02-07-1971,MA,Male,Other,Widowed,Fully Meets,3,2023-06-17,5,5,1,2023-07-25,Communication Skills,Internal,Failed,5,698.82,51,4
1661,2019-03-19,BI Director,NEL,Active,Contract,Zone C,Full-Time,IT/IS,Finance & Accounting,16-05-1982,MA,Male,Hispanic,Divorced,Fully Meets,3,2023-02-25,5,4,4,2023-07-20,Technical Skills,Internal,Failed,5,633.36,37,4
1662,2018-11-25,BI Developer,PL,Active,Contract,Zone C,Full-Time,IT/IS,Engineers,04-11-1963,MA,Female,Hispanic,Married,Fully Meets,3,2023-05-17,2,4,5,2023-02-18,Technical Skills,Internal,Failed,3,241.19,55,4
1663,2022-04-10,BI Developer,BPC,Terminated,Full-Time,Zone C,Full-Time,IT/IS,Aerial,30-01-1961,MA,Female,Asian,Widowed,Fully Meets,3,2023-03-10,4,2,4,2023-07-13,Communication Skills,External,Passed,5,271.37,61,4
1664,2021-04-02,Area Sales Manager,EW,Active,Full-Time,Zone C,Full-Time,IT/IS,Splicing,10-09-1991,MA,Male,White,Single,Fully Meets,3,2023-02-12,2,1,1,2023-07-08,Project Management,Internal,Incomplete,1,137.87,30,4
1665,2019-12-22,Area Sales Manager,MSC,Active,Contract,Zone A,Part-Time,IT/IS,Project Management - Con,10-07-1963,MA,Male,Black,Widowed,Fully Meets,3,2022-08-23,4,2,3,2022-11-15,Project Management,Internal,Passed,3,999.83,56,4
1666,2021-08-14,Area Sales Manager,TNS,Active,Full-Time,Zone A,Part-Time,IT/IS,General - Con,22-07-1978,OR,Male,Black,Divorced,Fully Meets,3,2022-08-12,3,3,4,2023-02-21,Technical Skills,Internal,Failed,5,597.62,43,4
1667,2018-08-28,Senior BI Developer,BPC,Active,Full-Time,Zone A,Full-Time,Admin Offices,Splicing,19-03-1972,MA,Male,Black,Widowed,Fully Meets,3,2022-10-24,1,3,5,2022-09-11,Leadership Development,External,Completed,1,697.89,46,4
1668,2023-07-10,Senior BI Developer,CCDR,Active,Part-Time,Zone C,Part-Time,Admin Offices,Aerial,07-09-1947,MA,Male,Black,Single,Fully Meets,3,2022-10-01,2,1,3,2023-06-23,Customer Service,External,Failed,5,673.27,76,4
1669,2020-09-18,Sales Manager,SVG,Active,Part-Time,Zone A,Temporary,IT/IS,Field Operations,14-09-1961,MA,Male,Asian,Divorced,Fully Meets,3,2022-09-13,3,1,2,2023-01-10,Project Management,External,Passed,5,753.01,59,4
1670,2019-07-18,Sales Manager,EW,Active,Contract,Zone A,Full-Time,IT/IS,Splicing,06-11-1960,MA,Female,Other,Widowed,Fully Meets,3,2022-08-11,2,2,2,2023-02-01,Leadership Development,Internal,Failed,5,939.02,59,4
1671,2021-11-21,Sales Manager,MSC,Active,Contract,Zone A,Full-Time,Sales,Project Management - Con,10-10-1964,MA,Female,White,Married,Fully Meets,3,2023-07-08,5,3,5,2022-11-15,Customer Service,External,Passed,2,680.45,57,4
1672,2021-03-08,CIO,CCDR,Active,Full-Time,Zone B,Part-Time,IT/IS,Field Operations,26-05-1947,MA,Male,Asian,Married,Fully Meets,3,2022-10-08,1,3,4,2022-09-14,Technical Skills,External,Completed,3,263.8,74,4
1673,2019-08-21,BI Director,EW,Active,Part-Time,Zone C,Full-Time,IT/IS,General - Con,07-11-1950,MA,Female,Other,Widowed,Fully Meets,3,2022-08-19,3,5,5,2023-01-04,Project Management,External,Incomplete,2,981.06,69,4
1674,2022-04-30,BI Developer,MSC,Terminated,Part-Time,Zone B,Full-Time,IT/IS,Wireline Construction,17-06-1946,MA,Female,Other,Married,Fully Meets,3,2022-10-04,1,5,5,2022-11-22,Customer Service,Internal,Passed,1,293.55,76,4
1675,2023-02-03,Area Sales Manager,SVG,Active,Full-Time,Zone A,Part-Time,IT/IS,Field Operations,02-11-1959,MA,Male,Hispanic,Widowed,Fully Meets,3,2023-01-25,4,1,4,2023-03-07,Technical Skills,Internal,Failed,4,904.68,64,4
1676,2023-05-08,Area Sales Manager,TNS,Active,Part-Time,Zone B,Full-Time,IT/IS,Catv,12-08-1963,MA,Male,Other,Widowed,Fully Meets,3,2023-03-27,2,5,1,2022-12-07,Project Management,Internal,Failed,5,104.66,60,4
1677,2022-07-29,Area Sales Manager,WBL,Active,Part-Time,Zone B,Part-Time,IT/IS,General - Con,22-11-1965,OR,Female,Other,Widowed,Fully Meets,3,2023-03-10,5,4,5,2022-12-02,Technical Skills,External,Incomplete,2,836.37,57,4
1678,2020-11-18,Senior BI Developer,PL,Active,Part-Time,Zone A,Part-Time,Admin Offices,Field Operations,28-03-1946,MA,Female,Black,Widowed,Fully Meets,3,2023-06-21,2,1,1,2023-04-14,Leadership Development,Internal,Completed,1,749.64,74,4
1679,2021-05-16,Senior BI Developer,BPC,Active,Part-Time,Zone C,Part-Time,Admin Offices,Engineers,14-12-1944,MA,Male,Black,Widowed,Fully Meets,3,2023-08-01,5,4,3,2023-03-25,Leadership Development,External,Failed,5,213.06,77,4
1680,2019-10-25,Senior BI Developer,CCDR,Active,Full-Time,Zone C,Temporary,IT/IS,General - Con,01-09-1976,MA,Male,Other,Divorced,Fully Meets,3,2023-03-01,5,4,5,2022-10-04,Customer Service,Internal,Completed,3,882.76,43,4
1681,2023-03-05,Sales Manager,SVG,Active,Contract,Zone B,Temporary,IT/IS,Engineers,10-10-1974,MA,Female,White,Divorced,Fully Meets,3,2023-05-30,2,3,4,2022-12-20,Customer Service,External,Failed,1,113.42,49,4
1682,2021-06-01,Sales Manager,EW,Active,Part-Time,Zone B,Part-Time,IT/IS,Aerial,29-12-1970,MA,Female,Black,Married,Fully Meets,3,2023-04-15,5,3,4,2022-09-19,Project Management,External,Failed,3,284.61,51,4
1683,2022-01-22,Sales Manager,MSC,Terminated,Full-Time,Zone B,Part-Time,Sales,Aerial,14-02-1988,MA,Female,Other,Married,Fully Meets,3,2022-12-29,2,4,4,2023-06-28,Project Management,Internal,Failed,1,599.74,34,4
1684,2023-07-09,CIO,WBL,Terminated,Contract,Zone A,Part-Time,IT/IS,Engineers,07-03-1963,MA,Male,Hispanic,Widowed,Fully Meets,3,2022-12-30,2,4,3,2023-06-05,Leadership Development,Internal,Failed,5,700.99,60,4
1685,2018-11-11,BI Director,NEL,Terminated,Full-Time,Zone A,Full-Time,IT/IS,Aerial,26-06-1968,MA,Female,Black,Divorced,Fully Meets,3,2023-01-18,1,4,2,2023-01-01,Customer Service,Internal,Passed,1,650.07,50,4
1686,2021-01-05,BI Developer,SVG,Active,Contract,Zone C,Full-Time,IT/IS,Finance & Accounting,06-03-1954,MA,Male,Black,Widowed,Fully Meets,3,2023-02-06,2,4,2,2022-11-11,Communication Skills,External,Completed,2,851.38,67,4
1687,2022-11-25,Area Sales Manager,EW,Active,Part-Time,Zone C,Full-Time,IT/IS,Engineers,25-04-1967,MA,Male,White,Widowed,Fully Meets,3,2023-08-03,3,4,5,2023-02-24,Customer Service,Internal,Failed,4,455.1,55,4
1688,2020-03-30,Area Sales Manager,MSC,Active,Full-Time,Zone A,Full-Time,IT/IS,Shop (Fleet),23-07-1956,OR,Male,Other,Divorced,Fully Meets,3,2022-11-12,1,4,5,2022-12-21,Project Management,Internal,Completed,3,880.67,64,4
1689,2021-01-02,Senior BI Developer,MSC,Active,Part-Time,Zone C,Temporary,Admin Offices,Field Operations,04-12-1985,MA,Male,Other,Married,Fully Meets,3,2023-04-26,5,3,5,2022-09-15,Customer Service,External,Passed,2,712.64,36,4
1690,2019-02-26,Senior BI Developer,NEL,Active,Contract,Zone A,Temporary,Admin Offices,Yard (Material Handling),20-01-1942,MA,Male,Black,Widowed,Fully Meets,3,2022-11-12,3,1,5,2023-01-21,Communication Skills,Internal,Failed,3,504.34,77,4
1691,2019-10-06,Senior BI Developer,PL,Active,Contract,Zone A,Part-Time,IT/IS,Project Management - Con,21-01-1946,MA,Male,Black,Widowed,Fully Meets,3,2022-11-30,3,1,2,2022-09-21,Customer Service,External,Failed,3,120.37,73,4
1692,2020-04-19,Sales Manager,PYZ,Active,Part-Time,Zone C,Part-Time,IT/IS,Engineers,23-09-1943,MA,Female,Other,Widowed,Fully Meets,3,2023-06-25,2,2,1,2023-03-08,Project Management,External,Failed,1,705.24,77,4
1693,2022-12-24,Sales Manager,SVG,Active,Contract,Zone C,Part-Time,IT/IS,Field Operations,13-08-1985,MA,Female,Other,Single,Fully Meets,3,2022-12-18,3,5,1,2023-03-10,Project Management,External,Passed,5,928.81,37,4
1694,2021-04-09,CIO,TNS,Terminated,Part-Time,Zone A,Temporary,IT/IS,Aerial,04-10-1961,MA,Male,Asian,Married,Fully Meets,3,2022-08-31,3,5,3,2022-08-30,Communication Skills,Internal,Completed,5,638.07,60,4
1695,2018-09-04,BI Director,SVG,Terminated,Contract,Zone C,Full-Time,IT/IS,Isp,13-11-1981,MA,Female,Other,Widowed,Fully Meets,3,2023-05-25,3,3,3,2023-01-03,Leadership Development,Internal,Passed,2,913.34,37,4
1696,2021-11-07,BI Developer,NEL,Active,Full-Time,Zone C,Temporary,IT/IS,General - Eng,16-09-1962,MA,Male,Hispanic,Married,Fully Meets,3,2023-05-27,4,4,1,2023-05-29,Project Management,Internal,Completed,1,754.78,59,4
1697,2023-05-24,BI Developer,MSC,Active,Full-Time,Zone B,Part-Time,IT/IS,General - Con,15-06-1987,MA,Male,Asian,Widowed,Fully Meets,3,2022-10-15,1,5,2,2022-10-14,Leadership Development,External,Passed,4,503.3,36,4
1698,2021-02-15,Area Sales Manager,EW,Active,Full-Time,Zone A,Part-Time,IT/IS,Billable Consultants,14-11-1994,MA,Male,White,Married,Fully Meets,3,2023-03-21,3,5,4,2022-11-23,Technical Skills,External,Passed,5,218.31,27,4
1699,2021-11-03,Senior BI Developer,PL,Active,Contract,Zone C,Part-Time,Admin Offices,Executive,17-06-1993,MA,Male,Hispanic,Married,Fully Meets,3,2023-04-25,2,4,3,2023-07-24,Customer Service,External,Incomplete,3,730.86,28,4
1700,2018-09-20,Senior BI Developer,BPC,Active,Contract,Zone C,Temporary,IT/IS,Engineers,08-04-1958,MA,Male,Asian,Widowed,Fully Meets,3,2023-05-04,5,2,4,2022-09-19,Customer Service,External,Completed,4,203.34,60,4
1701,2019-07-23,Senior BI Developer,CCDR,Active,Contract,Zone A,Full-Time,IT/IS,Project Management - Con,06-11-1954,MA,Male,Other,Single,Fully Meets,3,2023-04-29,5,3,2,2023-06-18,Technical Skills,Internal,Passed,1,460.53,65,4
1702,2022-05-12,Sales Manager,SVG,Active,Contract,Zone A,Part-Time,IT/IS,Project Management - Con,08-09-1989,MA,Female,Other,Single,Fully Meets,3,2023-01-20,4,1,2,2023-03-19,Communication Skills,Internal,Completed,5,733.92,33,4
1703,2018-10-03,Sales Manager,EW,Active,Full-Time,Zone B,Part-Time,Sales,Aerial,23-02-1978,MA,Female,Other,Single,Fully Meets,3,2023-02-16,1,1,4,2022-10-06,Customer Service,Internal,Completed,2,987.43,40,4
1704,2020-11-26,CIO,CCDR,Active,Part-Time,Zone C,Part-Time,IT/IS,Project Management - Con,21-06-1994,MA,Female,Hispanic,Widowed,Fully Meets,3,2023-04-06,4,4,3,2023-05-13,Customer Service,External,Completed,1,691.32,26,4
1705,2018-10-04,BI Director,EW,Active,Part-Time,Zone B,Full-Time,IT/IS,Project Management - Con,16-05-1958,MA,Female,Hispanic,Single,Fully Meets,3,2023-04-02,4,4,1,2022-10-22,Communication Skills,External,Passed,1,663.08,60,4
1706,2020-12-02,BI Developer,NEL,Active,Contract,Zone A,Full-Time,IT/IS,Aerial,03-04-1990,MA,Female,Hispanic,Married,Fully Meets,3,2023-06-19,3,2,5,2022-09-21,Customer Service,External,Incomplete,1,970.01,30,4
1707,2021-09-24,BI Developer,PL,Active,Part-Time,Zone C,Full-Time,IT/IS,Wireline Construction,20-03-1994,MA,Male,Asian,Married,Fully Meets,3,2022-10-21,5,4,3,2023-05-26,Customer Service,Internal,Passed,3,496.31,27,4
1708,2020-09-10,BI Developer,PYZ,Active,Full-Time,Zone A,Temporary,IT/IS,Splicing,12-05-1990,MA,Male,Asian,Widowed,Fully Meets,3,2023-01-29,4,5,4,2023-06-20,Customer Service,Internal,Incomplete,5,640.01,30,4
1709,2022-05-25,Area Sales Manager,SVG,Active,Full-Time,Zone C,Temporary,IT/IS,General - Sga,22-03-1962,OR,Male,Black,Married,Fully Meets,3,2023-05-10,5,4,2,2023-06-03,Technical Skills,External,Failed,4,858.8,60,4
1710,2019-02-15,Senior BI Developer,PL,Active,Part-Time,Zone A,Part-Time,Admin Offices,Field Operations,24-05-1971,MA,Male,Black,Divorced,Fully Meets,3,2023-07-03,1,2,3,2022-12-11,Communication Skills,External,Passed,2,300.52,48,4
1711,2018-09-28,Senior BI Developer,BPC,Active,Full-Time,Zone A,Temporary,IT/IS,General - Con,21-04-1985,MA,Male,Other,Widowed,Fully Meets,3,2023-05-05,5,1,4,2022-09-30,Technical Skills,External,Failed,3,102.19,33,4
1712,2018-12-12,Senior BI Developer,CCDR,Active,Full-Time,Zone A,Temporary,IT/IS,Engineers,29-02-1972,MA,Female,Black,Single,Fully Meets,3,2023-05-12,3,2,3,2023-06-06,Communication Skills,Internal,Completed,2,581.16,46,4
1713,2021-12-01,Sales Manager,SVG,Active,Contract,Zone B,Full-Time,IT/IS,General - Con,29-08-1990,MA,Female,Asian,Married,Fully Meets,3,2022-10-11,4,4,5,2023-03-11,Leadership Development,Internal,Incomplete,3,752.91,31,4
1714,2022-01-12,Sales Manager,EW,Active,Full-Time,Zone B,Temporary,Sales,Field Operations,20-04-2000,MA,Female,White,Married,Fully Meets,3,2023-02-27,1,2,3,2023-07-24,Project Management,External,Passed,3,374.58,22,4
1715,2020-10-27,CIO,WBL,Active,Full-Time,Zone B,Part-Time,IT/IS,Aerial,10-01-1966,MA,Female,White,Divorced,Fully Meets,3,2023-04-16,2,2,5,2023-02-17,Leadership Development,Internal,Incomplete,3,788.64,54,4
1716,2020-11-02,BI Director,NEL,Active,Contract,Zone C,Part-Time,IT/IS,General - Con,19-03-1961,MA,Female,Asian,Widowed,Fully Meets,3,2023-01-15,2,1,1,2023-02-13,Communication Skills,External,Incomplete,2,234.05,59,4
1717,2021-04-24,BI Developer,BPC,Active,Part-Time,Zone B,Part-Time,IT/IS,General - Con,26-11-1959,MA,Male,Asian,Widowed,Fully Meets,3,2023-03-06,4,2,5,2022-11-05,Customer Service,External,Incomplete,1,381.33,62,4
1718,2020-06-29,BI Developer,CCDR,Active,Full-Time,Zone B,Temporary,IT/IS,Field Operations,04-01-2001,MA,Male,Other,Divorced,Fully Meets,3,2023-07-19,5,4,5,2022-12-24,Leadership Development,Internal,Passed,3,527.62,19,4
1719,2021-07-15,BI Developer,SVG,Active,Contract,Zone B,Temporary,IT/IS,Field Operations,10-05-1993,MA,Male,Hispanic,Widowed,Fully Meets,3,2023-03-29,2,3,1,2022-09-12,Leadership Development,External,Passed,3,442.1,28,4
1720,2023-06-20,Senior BI Developer,MSC,Active,Part-Time,Zone C,Part-Time,IT/IS,Field Operations,08-03-1965,MA,Male,Other,Single,Fully Meets,3,2023-07-10,4,3,2,2023-01-19,Project Management,Internal,Passed,2,396.81,58,4
1721,2019-09-22,Senior BI Developer,NEL,Active,Full-Time,Zone B,Full-Time,IT/IS,Finance & Accounting,25-11-1998,MA,Male,White,Divorced,Fully Meets,3,2023-06-30,5,4,4,2023-02-16,Project Management,External,Failed,2,730.31,21,4
1722,2022-02-22,Senior BI Developer,PL,Active,Full-Time,Zone B,Full-Time,IT/IS,Wireless,30-01-1968,MA,Female,Hispanic,Divorced,Fully Meets,3,2023-03-16,2,2,4,2023-05-14,Technical Skills,External,Incomplete,2,128.06,54,4
1723,2020-07-01,Sales Manager,PYZ,Active,Full-Time,Zone B,Full-Time,Sales,General - Eng,07-04-1969,MA,Female,Black,Widowed,Fully Meets,3,2022-09-16,5,1,5,2022-09-25,Technical Skills,External,Passed,5,942.63,51,4
1724,2021-05-13,CIO,TNS,Active,Part-Time,Zone C,Part-Time,IT/IS,Yard (Material Handling),20-10-1957,MA,Female,Other,Divorced,Fully Meets,3,2022-09-22,4,2,2,2023-04-11,Customer Service,Internal,Failed,5,733.63,64,4
1725,2021-05-30,BI Developer,PL,Active,Contract,Zone A,Part-Time,IT/IS,Field Operations,29-09-1947,MA,Male,Black,Divorced,Fully Meets,3,2023-04-09,2,4,5,2023-01-16,Customer Service,External,Completed,1,743.28,74,4
1726,2019-07-04,BI Developer,NEL,Active,Contract,Zone B,Full-Time,IT/IS,Wireline Construction,21-01-1981,MA,Male,Asian,Single,Fully Meets,3,2023-06-14,3,5,3,2022-10-19,Technical Skills,Internal,Completed,4,435.18,38,4
1727,2019-05-31,BI Developer,MSC,Active,Full-Time,Zone B,Full-Time,IT/IS,General - Con,16-02-1996,MA,Male,Hispanic,Widowed,Fully Meets,3,2022-12-22,4,2,4,2023-02-16,Technical Skills,Internal,Failed,5,252.22,23,4
1728,2020-03-13,Production Technician I,WBL,Active,Full-Time,Zone C,Temporary,Production       ,General - Con,11-01-1972,MA,Male,White,Divorced,Fully Meets,3,2023-08-01,1,4,2,2022-12-31,Customer Service,External,Completed,2,103.07,48,4
1729,2020-01-06,Production Technician I,EW,Terminated,Contract,Zone A,Part-Time,Production       ,General - Con,30-12-1946,MA,Female,Other,Divorced,Fully Meets,3,2023-02-15,1,1,2,2023-03-22,Technical Skills,Internal,Incomplete,2,386.87,74,4
1730,2023-04-30,Production Technician I,EW,Active,Full-Time,Zone B,Part-Time,Production       ,General - Eng,10-06-1976,MA,Female,White,Divorced,Fully Meets,3,2023-07-03,2,4,4,2023-03-20,Customer Service,External,Incomplete,3,718.21,47,4
1731,2021-07-11,Production Technician II,WBL,Active,Contract,Zone B,Temporary,Production       ,Engineers,22-03-1947,MA,Male,Black,Divorced,Fully Meets,3,2023-06-23,1,4,1,2023-02-27,Customer Service,Internal,Failed,1,578.81,74,4
1732,2021-07-02,Production Technician II,WBL,Terminated,Contract,Zone B,Temporary,Production       ,Fielders,13-04-1961,MA,Female,Hispanic,Widowed,Fully Meets,3,2022-10-24,1,5,4,2023-07-06,Project Management,Internal,Completed,1,562.06,60,4
1733,2019-10-23,Production Technician I,EW,Active,Full-Time,Zone A,Temporary,Production       ,Field Operations,15-02-1950,MA,Female,Black,Married,Fully Meets,3,2022-10-26,4,5,3,2023-01-08,Leadership Development,External,Incomplete,5,845.86,69,4
1734,2019-01-19,Production Technician I,NEL,Active,Contract,Zone C,Full-Time,Production       ,Field Operations,22-06-1942,MA,Male,White,Widowed,Fully Meets,3,2023-04-04,4,1,4,2023-01-16,Project Management,External,Completed,2,391.39,77,4
1735,2021-01-08,Production Technician I,NEL,Terminated,Full-Time,Zone A,Full-Time,Production       ,Shop (Fleet),08-04-1942,MA,Female,White,Divorced,Fully Meets,3,2023-05-10,4,4,5,2023-07-22,Project Management,Internal,Passed,1,203.04,79,4
1736,2019-01-29,Production Technician I,TNS,Active,Contract,Zone A,Part-Time,Production       ,Field Operations,25-08-1955,MA,Male,Other,Married,Fully Meets,3,2023-04-21,3,1,3,2023-03-09,Leadership Development,Internal,Incomplete,4,717.29,64,4
1737,2018-10-27,Production Technician I,TNS,Active,Contract,Zone C,Full-Time,Production       ,General - Eng,26-02-1983,MA,Female,Hispanic,Widowed,Fully Meets,3,2023-03-30,4,5,2,2022-10-17,Leadership Development,External,Incomplete,5,719.0,35,4
1738,2023-05-30,Production Technician II,CCDR,Terminated,Contract,Zone A,Part-Time,Production       ,General - Eng,17-11-1983,MA,Male,White,Single,Fully Meets,3,2022-11-13,4,1,2,2023-01-09,Customer Service,External,Incomplete,5,802.66,40,4
1739,2019-07-15,Production Technician II,CCDR,Active,Contract,Zone B,Full-Time,Production       ,Aerial,11-01-1982,MA,Female,Hispanic,Married,Fully Meets,3,2022-10-10,2,5,1,2023-07-04,Communication Skills,Internal,Incomplete,1,388.07,37,4
1740,2020-03-17,Production Technician I,NEL,Active,Contract,Zone B,Part-Time,Production       ,General - Con,03-04-1963,MA,Female,Other,Married,Fully Meets,3,2022-09-20,5,4,4,2023-02-18,Project Management,Internal,Completed,2,350.26,57,4
1741,2022-09-16,Production Technician I,MSC,Active,Contract,Zone A,Temporary,Production       ,General - Eng,11-01-1981,MA,Female,Asian,Single,Fully Meets,3,2022-08-22,3,4,2,2022-11-08,Leadership Development,External,Completed,5,625.76,41,4
1742,2021-01-04,Production Technician I,TNS,Active,Part-Time,Zone B,Part-Time,Production       ,Wireline Construction,02-03-1971,MA,Female,Asian,Divorced,Fully Meets,3,2023-05-20,5,5,3,2023-04-19,Communication Skills,External,Incomplete,1,206.72,50,4
1743,2018-11-30,Production Technician I,SVG,Active,Full-Time,Zone C,Temporary,Production       ,Splicing,03-06-2001,MA,Male,Black,Single,Fully Meets,3,2023-04-20,4,1,5,2023-07-13,Project Management,External,Passed,4,954.37,17,4
1744,2022-07-24,Production Technician I,PL,Active,Full-Time,Zone C,Full-Time,Production       ,Field Operations,05-05-1947,MA,Female,Hispanic,Married,Fully Meets,3,2023-05-02,2,1,4,2022-12-24,Communication Skills,Internal,Failed,4,728.77,75,4
1745,2022-02-05,Production Technician II,EW,Active,Contract,Zone C,Part-Time,Production       ,Aerial,26-09-1989,MA,Female,Other,Widowed,Fully Meets,3,2022-11-14,4,4,3,2022-09-05,Leadership Development,External,Completed,1,996.01,33,4
1746,2020-04-23,Production Technician I,WBL,Active,Full-Time,Zone A,Full-Time,Production       ,General - Sga,06-04-1962,MA,Male,Hispanic,Widowed,Fully Meets,3,2023-06-20,4,3,4,2022-11-18,Communication Skills,Internal,Incomplete,2,787.19,58,4
1748,2022-01-13,Production Technician I,PYZ,Active,Part-Time,Zone A,Temporary,Production       ,Underground,09-01-1973,MA,Female,White,Widowed,Fully Meets,3,2023-02-12,3,2,4,2023-03-26,Leadership Development,External,Failed,5,433.03,49,4
1749,2020-11-26,Production Technician I,PYZ,Active,Contract,Zone B,Temporary,Production       ,Field Operations,03-02-1964,MA,Female,Hispanic,Divorced,Fully Meets,3,2022-08-05,1,4,5,2023-07-21,Leadership Development,Internal,Incomplete,3,148.69,56,4
1750,2018-12-07,Production Technician I,WBL,Active,Full-Time,Zone C,Full-Time,Production       ,Field Operations,11-04-1977,MA,Female,Other,Widowed,Fully Meets,3,2022-11-13,1,2,5,2022-08-20,Project Management,Internal,Incomplete,1,523.44,41,4
1751,2023-04-19,Production Technician I,NEL,Active,Contract,Zone C,Temporary,Production       ,General - Con,29-05-2001,MA,Female,Hispanic,Widowed,Fully Meets,3,2022-08-24,4,4,1,2022-12-10,Project Management,External,Incomplete,5,719.54,22,4
1752,2022-03-05,Production Technician I,PL,Active,Part-Time,Zone B,Temporary,Production       ,General - Con,04-11-1982,MA,Male,White,Single,Fully Meets,3,2022-12-11,2,1,2,2022-10-09,Leadership Development,External,Incomplete,3,560.55,40,4
1753,2019-06-20,Production Technician I,BPC,Active,Contract,Zone C,Full-Time,Production       ,Field Operations,07-03-1943,MA,Male,Black,Divorced,Fully Meets,3,2023-05-30,5,3,3,2023-03-18,Customer Service,Internal,Completed,1,711.71,76,4
1754,2022-09-13,Production Technician I,CCDR,Active,Part-Time,Zone C,Temporary,Production       ,Project Management - Con,18-11-1991,MA,Male,Asian,Single,Fully Meets,3,2022-12-29,5,5,1,2023-01-30,Project Management,External,Failed,1,980.65,31,4
1755,2019-01-02,Production Technician I,SVG,Active,Part-Time,Zone B,Full-Time,Production       ,General - Con,05-10-1994,MA,Male,Other,Widowed,Fully Meets,3,2022-10-17,4,1,1,2022-11-22,Communication Skills,External,Incomplete,2,367.76,25,4
1756,2022-06-06,Production Technician I,EW,Active,Part-Time,Zone A,Part-Time,Production       ,Splicing,25-03-1961,MA,Male,Black,Widowed,Fully Meets,3,2023-06-27,2,4,4,2023-04-22,Communication Skills,Internal,Failed,1,849.36,61,4
1757,2020-01-09,Production Technician I,MSC,Active,Full-Time,Zone A,Temporary,Production       ,Finance & Accounting,01-02-1985,MA,Female,White,Widowed,Fully Meets,3,2022-08-18,5,4,5,2022-12-31,Technical Skills,Internal,Incomplete,5,305.05,35,4
1758,2019-01-03,Production Technician I,TNS,Active,Part-Time,Zone B,Part-Time,Production       ,Splicing,22-05-1958,MA,Male,White,Single,Fully Meets,3,2022-08-18,5,3,5,2023-05-14,Customer Service,Internal,Completed,5,296.24,61,4
1759,2021-01-23,Production Technician I,PYZ,Active,Contract,Zone B,Part-Time,Production       ,General - Con,11-12-1947,MA,Male,White,Married,Fully Meets,3,2022-09-16,5,2,4,2022-10-21,Project Management,Internal,Completed,4,220.06,74,4
1760,2020-02-08,Production Technician I,WBL,Active,Part-Time,Zone C,Part-Time,Production       ,General - Con,20-08-1993,MA,Male,Hispanic,Single,Fully Meets,3,2023-03-16,5,3,2,2023-01-20,Technical Skills,External,Passed,3,378.51,27,4
1761,2021-10-29,Production Technician I,NEL,Terminated,Contract,Zone C,Temporary,Production       ,Field Operations,16-05-1961,MA,Female,Other,Married,Fully Meets,3,2023-02-20,3,2,1,2022-11-07,Technical Skills,External,Completed,4,905.6,60,4
1762,2023-07-04,Production Technician I,PL,Terminated,Contract,Zone B,Part-Time,Production       ,Wireless,19-02-2001,MA,Female,White,Divorced,Fully Meets,3,2023-03-19,3,3,5,2022-09-02,Customer Service,External,Incomplete,3,669.57,22,4
1763,2023-04-06,Production Technician I,BPC,Active,Part-Time,Zone B,Full-Time,Production       ,Engineers,13-01-1950,MA,Female,Asian,Widowed,Fully Meets,3,2022-08-18,4,2,4,2023-03-02,Leadership Development,External,Completed,2,723.9,73,4
1764,2023-01-17,Production Technician I,CCDR,Active,Full-Time,Zone A,Temporary,Production       ,Engineers,02-01-1949,MA,Female,Black,Married,Fully Meets,3,2023-03-13,2,3,5,2023-05-07,Communication Skills,Internal,Passed,1,834.44,74,4
1765,2019-10-17,Production Technician II,BPC,Active,Contract,Zone C,Part-Time,Production       ,Project Management - Con,07-09-1991,MA,Female,Asian,Divorced,Fully Meets,3,2022-12-24,5,5,2,2023-08-04,Leadership Development,External,Incomplete,1,393.88,28,4
1766,2019-06-22,Production Technician I,PYZ,Active,Contract,Zone B,Temporary,Production       ,Field Operations,15-07-1957,MA,Female,Asian,Married,Fully Meets,3,2023-05-23,1,5,2,2023-07-07,Customer Service,External,Incomplete,3,637.61,62,4
1767,2023-02-10,Production Technician I,WBL,Active,Contract,Zone A,Full-Time,Production       ,General - Con,31-12-1995,MA,Female,White,Divorced,Fully Meets,3,2022-08-09,4,1,1,2022-10-25,Project Management,External,Passed,3,902.11,28,4
1768,2022-10-13,Production Technician I,NEL,Active,Contract,Zone C,Temporary,Production       ,Aerial,26-02-1977,MA,Female,Black,Married,Fully Meets,3,2023-02-11,3,3,3,2022-09-30,Leadership Development,External,Passed,1,999.79,45,4
1769,2023-03-07,Production Technician I,PL,Active,Contract,Zone B,Temporary,Production       ,Engineers,29-04-1974,MA,Male,Hispanic,Widowed,Fully Meets,3,2023-02-10,4,3,5,2023-03-27,Leadership Development,Internal,Passed,1,976.58,49,4
1770,2018-09-12,Production Technician I,BPC,Active,Part-Time,Zone A,Full-Time,Production       ,General - Sga,05-03-1971,MA,Male,Hispanic,Single,Fully Meets,3,2023-02-24,1,3,5,2022-09-04,Customer Service,External,Incomplete,2,257.2,47,4
1771,2020-06-27,Production Technician I,CCDR,Active,Part-Time,Zone C,Part-Time,Production       ,Shop (Fleet),27-08-1950,MA,Male,Hispanic,Widowed,Fully Meets,3,2023-06-03,3,2,1,2023-02-27,Technical Skills,External,Incomplete,2,991.1,70,4
1772,2018-12-28,Production Technician I,SVG,Active,Contract,Zone A,Part-Time,Production       ,General - Con,28-06-1954,MA,Male,Asian,Widowed,Fully Meets,3,2023-01-01,3,4,5,2022-08-20,Technical Skills,External,Passed,2,205.64,64,4
1773,2021-01-20,Production Technician I,EW,Active,Part-Time,Zone B,Temporary,Production       ,General - Eng,22-03-1942,MA,Male,Black,Married,Fully Meets,3,2022-11-20,5,5,2,2022-12-30,Leadership Development,Internal,Passed,2,817.45,79,4
1774,2019-09-14,Production Technician I,MSC,Active,Full-Time,Zone B,Part-Time,Production       ,Field Operations,24-09-1989,MA,Female,Asian,Widowed,Fully Meets,3,2022-12-09,1,1,2,2023-06-08,Customer Service,External,Failed,5,643.22,30,4
1775,2018-10-06,Production Technician I,TNS,Active,Contract,Zone A,Full-Time,Production       ,Engineers,11-05-1997,MA,Male,Black,Single,Fully Meets,3,2023-05-10,4,2,3,2023-05-08,Project Management,Internal,Failed,4,795.28,21,4
1776,2021-08-03,Production Technician I,PYZ,Active,Full-Time,Zone C,Temporary,Production       ,Project Management - Con,11-03-1955,MA,Male,Asian,Divorced,Fully Meets,3,2023-01-16,3,2,3,2022-09-07,Project Management,Internal,Failed,2,521.69,66,4
1777,2019-07-05,Production Technician I,WBL,Active,Full-Time,Zone B,Temporary,Production       ,Splicing,25-04-1962,MA,Female,Hispanic,Single,Fully Meets,3,2023-02-02,1,3,1,2023-04-24,Customer Service,External,Incomplete,3,157.78,57,4
1778,2019-04-25,Production Technician I,NEL,Active,Full-Time,Zone B,Full-Time,Production       ,General - Con,18-05-1949,MA,Female,Other,Widowed,Fully Meets,3,2022-11-19,3,5,4,2022-09-01,Project Management,External,Passed,3,803.94,70,4
1779,2023-07-15,Production Technician I,PL,Active,Full-Time,Zone A,Temporary,Production       ,Project Management - Con,04-05-1961,MA,Female,Other,Married,Fully Meets,3,2022-08-22,5,3,4,2022-11-27,Project Management,Internal,Passed,3,188.56,62,4
1780,2022-12-10,Production Technician I,BPC,Active,Contract,Zone C,Temporary,Production       ,Field Operations,11-07-1993,MA,Female,Hispanic,Widowed,Fully Meets,3,2023-06-03,2,3,2,2023-03-25,Technical Skills,External,Passed,2,663.72,29,4
1781,2019-05-02,Production Technician I,CCDR,Active,Contract,Zone A,Part-Time,Production       ,General - Sga,11-12-1983,MA,Female,White,Divorced,Fully Meets,3,2022-09-27,2,2,4,2023-07-04,Technical Skills,External,Failed,4,892.3,36,4
1782,2019-01-13,Production Technician II,NEL,Terminated,Contract,Zone A,Temporary,Production       ,Field Operations,08-10-1950,MA,Female,Other,Married,Fully Meets,3,2023-07-07,3,4,1,2022-12-21,Communication Skills,Internal,Passed,3,560.35,69,4
1783,2021-06-09,Production Technician I,PYZ,Active,Part-Time,Zone C,Part-Time,Production       ,General - Con,07-12-1981,MA,Female,White,Widowed,Fully Meets,3,2023-04-21,5,2,4,2022-12-24,Technical Skills,External,Passed,2,595.5,40,4
1784,2023-08-02,Production Technician I,WBL,Active,Part-Time,Zone A,Temporary,Production       ,General - Con,30-03-1971,MA,Female,Other,Divorced,Fully Meets,3,2023-02-23,2,3,1,2022-11-17,Communication Skills,External,Passed,2,242.18,52,4
1785,2023-06-17,Production Technician I,NEL,Active,Full-Time,Zone C,Full-Time,Production       ,Technology / It,17-01-1950,MA,Female,White,Widowed,Fully Meets,3,2022-08-08,4,4,5,2023-01-07,Project Management,Internal,Failed,5,104.95,73,4
1786,2022-03-31,Production Technician I,PL,Active,Full-Time,Zone A,Temporary,Production       ,Field Operations,10-11-1979,MA,Male,Hispanic,Widowed,Fully Meets,3,2023-06-03,4,2,1,2023-04-23,Communication Skills,External,Completed,2,942.28,43,4
1787,2019-04-06,Production Technician I,BPC,Active,Contract,Zone B,Temporary,Production       ,Engineers,10-07-1956,MA,Male,Hispanic,Divorced,Fully Meets,3,2023-02-23,2,5,3,2022-08-31,Project Management,Internal,Passed,2,756.7,63,4
1788,2020-07-11,Production Technician I,CCDR,Active,Contract,Zone C,Full-Time,Production       ,Field Operations,08-02-1976,MA,Male,Other,Divorced,Fully Meets,3,2023-08-04,2,5,1,2022-12-23,Leadership Development,Internal,Completed,4,290.99,44,4
1789,2023-04-22,Production Technician I,SVG,Active,Contract,Zone C,Part-Time,Production       ,Engineers,17-02-1963,MA,Male,Other,Widowed,Fully Meets,3,2022-10-07,4,3,1,2023-01-08,Leadership Development,External,Incomplete,2,700.97,60,4
1790,2022-12-02,Production Technician I,EW,Active,Part-Time,Zone B,Part-Time,Production       ,Aerial,09-03-1956,MA,Female,Asian,Divorced,Fully Meets,3,2022-10-11,4,5,4,2022-08-19,Communication Skills,Internal,Incomplete,4,631.98,66,4
1791,2021-03-06,Production Technician I,MSC,Active,Contract,Zone A,Temporary,Production       ,Wireline Construction,02-08-1981,MA,Female,Hispanic,Divorced,Fully Meets,3,2022-09-18,4,5,3,2022-11-26,Project Management,Internal,Failed,5,282.85,40,4
1792,2019-05-21,Production Technician I,TNS,Active,Full-Time,Zone C,Temporary,Production       ,Project Management - Eng,02-04-1950,MA,Male,Black,Divorced,Fully Meets,3,2022-09-12,2,3,5,2022-11-29,Technical Skills,Internal,Completed,1,412.58,69,4
1793,2018-10-23,Production Technician I,BPC,Active,Full-Time,Zone B,Temporary,Production       ,Executive,22-05-1945,MA,Female,Hispanic,Single,Fully Meets,3,2022-09-04,1,1,2,2023-02-28,Communication Skills,External,Passed,1,943.91,73,4
1794,2021-05-26,Production Technician I,CCDR,Active,Contract,Zone A,Temporary,Production       ,General - Sga,13-08-1963,MA,Female,White,Widowed,Fully Meets,3,2023-05-17,4,4,2,2022-10-31,Leadership Development,Internal,Completed,3,208.13,58,4
1795,2019-12-01,Production Technician I,EW,Terminated,Full-Time,Zone B,Part-Time,Production       ,Yard (Material Handling),04-04-1960,MA,Female,Asian,Widowed,Fully Meets,3,2023-06-10,5,1,4,2023-02-24,Leadership Development,External,Passed,2,145.47,59,4
1796,2021-06-07,Production Technician I,MSC,Terminated,Contract,Zone A,Full-Time,Production       ,Wireless,26-06-1976,MA,Female,Hispanic,Divorced,Fully Meets,3,2022-11-23,3,5,2,2022-10-27,Customer Service,External,Failed,1,727.51,45,4
1797,2020-10-13,Production Technician I,NEL,Active,Full-Time,Zone A,Full-Time,Production       ,General - Con,18-09-1987,MA,Female,Hispanic,Widowed,Fully Meets,3,2023-05-03,3,3,5,2022-12-24,Project Management,External,Failed,5,581.43,33,4
1798,2022-10-30,Production Technician II,PL,Active,Part-Time,Zone A,Full-Time,Production       ,Splicing,07-12-1985,MA,Female,Black,Widowed,Fully Meets,3,2023-01-27,3,2,4,2022-12-11,Communication Skills,Internal,Incomplete,1,725.94,37,4
1799,2022-09-04,Production Technician II,BPC,Terminated,Part-Time,Zone C,Temporary,Production       ,Field Operations,19-02-1989,MA,Male,Black,Married,Fully Meets,3,2023-04-28,2,5,3,2022-10-27,Technical Skills,Internal,Passed,1,338.36,33,4
1800,2019-10-18,Production Technician I,TNS,Active,Part-Time,Zone C,Full-Time,Production       ,Wireline Construction,05-04-1976,MA,Female,Black,Divorced,Fully Meets,3,2023-02-03,4,3,5,2023-04-17,Technical Skills,External,Failed,1,732.84,43,4
1801,2021-07-25,Production Technician I,PYZ,Active,Full-Time,Zone C,Temporary,Production       ,General - Con,06-08-1989,MA,Female,Hispanic,Married,Fully Meets,3,2023-06-02,3,4,3,2023-06-22,Technical Skills,External,Incomplete,1,753.69,32,4
1802,2020-03-31,Production Technician I,WBL,Active,Part-Time,Zone B,Temporary,Production       ,Field Operations,13-08-1982,MA,Female,Other,Divorced,Fully Meets,3,2023-05-21,4,2,5,2023-07-16,Customer Service,Internal,Failed,5,131.92,38,4
1803,2019-11-11,Production Technician I,NEL,Active,Full-Time,Zone C,Full-Time,Production       ,General - Eng,11-05-1982,MA,Female,Other,Divorced,Fully Meets,3,2023-01-19,1,3,1,2022-09-20,Leadership Development,External,Passed,4,550.55,37,4
1804,2021-12-05,Production Technician I,PL,Active,Part-Time,Zone A,Temporary,Production       ,Field Operations,20-07-1957,MA,Male,Hispanic,Widowed,Fully Meets,3,2023-04-14,3,3,5,2022-08-22,Customer Service,Internal,Failed,1,767.49,64,4
1805,2018-12-17,Production Technician I,BPC,Active,Contract,Zone A,Temporary,Production       ,Aerial,03-02-1969,MA,Male,Black,Divorced,Fully Meets,3,2023-07-09,3,3,1,2023-02-11,Communication Skills,Internal,Incomplete,5,222.88,49,4
1806,2022-03-06,Production Technician I,CCDR,Active,Part-Time,Zone A,Full-Time,Production       ,General - Con,25-06-1951,MA,Male,Asian,Single,Fully Meets,3,2022-08-05,1,2,5,2023-07-27,Communication Skills,Internal,Passed,3,176.2,71,4
1807,2019-09-04,Production Technician I,SVG,Active,Contract,Zone C,Full-Time,Production       ,Yard (Material Handling),13-11-1979,MA,Female,White,Widowed,Fully Meets,3,2023-02-03,1,4,4,2023-03-07,Technical Skills,External,Incomplete,5,794.61,40,4
1808,2023-07-26,Production Technician I,EW,Active,Part-Time,Zone A,Part-Time,Production       ,Splicing,25-09-1983,MA,Female,Black,Married,Fully Meets,3,2023-04-25,5,2,4,2022-10-12,Customer Service,External,Passed,1,147.08,40,4
1809,2022-12-19,Production Technician I,MSC,Active,Contract,Zone C,Part-Time,Production       ,Yard (Material Handling),24-11-1966,MA,Female,Other,Divorced,Fully Meets,3,2023-04-07,5,2,1,2022-08-15,Communication Skills,Internal,Incomplete,5,488.94,56,4
1810,2021-08-17,Production Technician I,TNS,Active,Full-Time,Zone A,Part-Time,Production       ,General - Con,30-11-1994,MA,Male,Black,Divorced,Fully Meets,3,2023-07-06,5,1,4,2023-02-22,Project Management,External,Failed,1,603.57,27,4
1811,2022-06-11,Production Technician I,PYZ,Active,Contract,Zone A,Full-Time,Production       ,Technology / It,11-12-1977,MA,Female,Black,Divorced,Fully Meets,3,2022-09-11,2,5,1,2023-07-25,Customer Service,External,Incomplete,3,819.87,45,4
1812,2021-10-01,Production Technician I,WBL,Terminated,Contract,Zone A,Full-Time,Production       ,General - Con,29-04-1978,MA,Female,Black,Widowed,Fully Meets,3,2022-12-05,4,2,5,2023-03-04,Leadership Development,Internal,Incomplete,2,836.19,43,4
1813,2020-08-04,Production Technician I,NEL,Active,Contract,Zone C,Temporary,Production       ,Aerial,12-01-1980,MA,Female,Other,Divorced,Fully Meets,3,2023-06-03,3,5,3,2022-11-05,Project Management,External,Passed,5,879.94,40,4
1814,2022-02-11,Production Technician I,PL,Active,Full-Time,Zone A,Part-Time,Production       ,Wireline Construction,08-03-1980,MA,Female,Black,Widowed,Fully Meets,3,2023-04-15,3,3,1,2023-06-04,Customer Service,Internal,Failed,3,532.3,42,4
1815,2020-06-22,Production Technician I,BPC,Active,Contract,Zone A,Part-Time,Production       ,Project Management - Con,13-05-1961,MA,Female,Asian,Married,Fully Meets,3,2022-10-23,1,4,5,2022-10-03,Leadership Development,External,Incomplete,5,758.21,59,4
1816,2020-08-28,Production Technician II,NEL,Active,Contract,Zone A,Temporary,Production       ,General - Con,10-05-1951,MA,Female,Other,Single,Fully Meets,3,2023-04-03,4,3,1,2023-06-05,Communication Skills,Internal,Incomplete,2,253.51,69,4
1817,2019-05-06,Production Technician II,PL,Active,Contract,Zone A,Temporary,Production       ,Aerial,07-01-1987,MA,Female,Other,Divorced,Fully Meets,3,2023-02-28,3,1,5,2022-08-20,Leadership Development,Internal,Completed,3,375.86,32,4
1818,2021-07-08,Production Technician II,BPC,Active,Contract,Zone C,Part-Time,Production       ,Yard (Material Handling),07-01-1956,MA,Male,Hispanic,Widowed,Fully Meets,3,2023-06-25,3,1,3,2023-03-20,Leadership Development,External,Incomplete,5,909.47,65,4
1819,2022-07-02,Production Technician I,WBL,Active,Full-Time,Zone B,Temporary,Production       ,General - Con,24-10-1948,MA,Female,Black,Single,Fully Meets,3,2022-12-11,3,1,1,2022-10-19,Customer Service,Internal,Passed,3,649.51,74,4
1820,2023-05-04,Production Technician I,PYZ,Active,Full-Time,Zone C,Part-Time,Production       ,Shop (Fleet),01-02-1980,MA,Female,Black,Divorced,Fully Meets,3,2023-03-23,5,4,3,2023-06-30,Customer Service,Internal,Failed,1,742.26,43,4
1821,2022-12-19,Production Technician I,WBL,Active,Full-Time,Zone B,Full-Time,Production       ,General - Sga,19-07-1980,MA,Female,Hispanic,Widowed,Fully Meets,3,2022-11-03,1,2,1,2022-10-12,Communication Skills,Internal,Passed,4,713.84,42,4
1822,2022-03-26,Production Technician I,NEL,Active,Contract,Zone C,Part-Time,Production       ,Wireline Construction,24-12-1950,MA,Female,Black,Widowed,Fully Meets,3,2022-08-27,5,2,2,2023-07-29,Project Management,External,Incomplete,1,999.06,72,4
1823,2021-05-09,Production Technician I,PL,Active,Contract,Zone A,Full-Time,Production       ,Finance & Accounting,25-11-1960,MA,Male,Black,Widowed,Fully Meets,3,2023-05-12,4,4,3,2023-07-10,Leadership Development,Internal,Completed,4,977.99,61,4
1824,2020-01-09,Production Technician I,BPC,Active,Contract,Zone B,Temporary,Production       ,Yard (Material Handling),02-03-1960,MA,Male,Other,Married,Fully Meets,3,2023-03-15,3,1,1,2022-09-16,Leadership Development,External,Completed,5,136.33,60,4
1825,2021-05-16,Production Technician I,CCDR,Active,Contract,Zone A,Part-Time,Production       ,Splicing,05-12-1996,MA,Male,White,Married,Fully Meets,3,2022-10-27,1,3,3,2022-08-05,Technical Skills,External,Completed,4,946.67,25,4
1826,2021-01-31,Production Technician I,SVG,Active,Part-Time,Zone B,Temporary,Production       ,Aerial,17-11-1941,MA,Female,Other,Widowed,Exceeds,3,2022-09-28,3,2,5,2023-07-24,Technical Skills,External,Passed,4,485.39,80,5
1827,2021-09-19,Production Technician I,EW,Active,Contract,Zone C,Full-Time,Production       ,Field Operations,21-05-1982,MA,Female,Other,Widowed,Needs Improvement,3,2022-09-25,1,3,5,2023-04-28,Communication Skills,External,Incomplete,5,962.02,39,2
1828,2020-03-01,Production Technician I,MSC,Active,Part-Time,Zone B,Temporary,Production       ,Wireline Construction,09-04-1983,MA,Male,Black,Divorced,Exceeds,3,2022-11-27,3,3,2,2023-05-29,Technical Skills,External,Failed,1,620.24,37,5
1829,2020-02-29,Production Technician I,TNS,Active,Part-Time,Zone B,Temporary,Production       ,Engineers,13-08-1987,MA,Male,White,Married,Exceeds,3,2022-08-19,2,1,2,2023-04-21,Customer Service,External,Completed,4,333.8,33,5
1830,2018-12-08,Production Technician I,PYZ,Active,Full-Time,Zone A,Temporary,Production       ,Finance & Accounting,26-11-1960,MA,Female,Black,Married,Needs Improvement,3,2023-07-12,1,4,1,2023-03-29,Leadership Development,External,Passed,3,764.21,58,2
1831,2022-06-26,Production Technician I,WBL,Terminated,Part-Time,Zone B,Temporary,Production       ,Isp,14-10-1970,MA,Female,Asian,Widowed,Needs Improvement,3,2023-03-25,2,2,2,2022-12-11,Project Management,Internal,Failed,3,756.42,52,2
1832,2019-11-03,Production Technician I,NEL,Active,Contract,Zone A,Part-Time,Production       ,Engineers,01-06-1956,MA,Female,White,Married,Needs Improvement,3,2022-08-06,1,2,4,2023-07-30,Customer Service,Internal,Failed,2,716.62,63,2
1833,2023-01-01,Production Technician I,PL,Active,Part-Time,Zone B,Full-Time,Production       ,Field Operations,31-12-1983,MA,Female,White,Married,Needs Improvement,3,2023-01-23,4,3,2,2023-03-26,Technical Skills,Internal,Failed,2,712.9,40,2
1834,2020-07-31,Production Technician II,CCDR,Active,Contract,Zone C,Full-Time,Production       ,Project Management - Con,13-09-1978,MA,Female,White,Divorced,Needs Improvement,3,2022-12-08,4,5,1,2023-03-11,Technical Skills,Internal,Incomplete,1,845.82,42,2
1835,2021-09-10,Production Technician II,EW,Active,Part-Time,Zone B,Temporary,Production       ,Field Operations,25-11-1982,MA,Female,Asian,Single,Needs Improvement,3,2023-04-11,5,2,2,2023-03-01,Communication Skills,Internal,Passed,4,727.9,39,2
1836,2019-06-19,Production Technician II,MSC,Active,Part-Time,Zone B,Temporary,Production       ,Field Operations,14-01-1971,MA,Male,Hispanic,Divorced,Needs Improvement,3,2022-10-06,1,4,3,2023-07-21,Project Management,Internal,Incomplete,1,760.41,48,2
1837,2021-08-16,Production Technician II,NEL,Active,Part-Time,Zone B,Full-Time,Production       ,Project Management - Con,17-06-1975,MA,Female,Asian,Divorced,Needs Improvement,3,2023-01-01,1,3,3,2023-07-25,Project Management,Internal,Incomplete,5,567.74,46,2
1838,2019-07-08,Production Technician I,TNS,Active,Part-Time,Zone A,Temporary,Production       ,Aerial,16-09-1958,MA,Female,White,Widowed,Exceeds,3,2023-07-01,2,1,1,2023-01-14,Communication Skills,External,Incomplete,5,582.7,61,5
1839,2021-08-17,Production Technician I,PYZ,Active,Full-Time,Zone A,Part-Time,Production       ,People Services,29-03-1968,MA,Female,Other,Single,Exceeds,3,2023-04-28,3,3,3,2022-08-16,Leadership Development,External,Incomplete,2,645.16,53,5
1840,2021-01-08,Production Technician I,WBL,Active,Full-Time,Zone B,Part-Time,Production       ,General - Eng,07-08-1969,MA,Female,Hispanic,Single,Exceeds,3,2022-08-24,5,1,4,2023-03-07,Project Management,External,Passed,5,310.44,52,5
1841,2018-08-14,Production Technician I,NEL,Active,Contract,Zone B,Part-Time,Production       ,Field Operations,19-10-1958,MA,Female,Hispanic,Widowed,Exceeds,3,2023-03-30,3,5,3,2022-08-13,Communication Skills,External,Failed,4,683.42,60,5
1842,2021-07-30,Production Technician I,PL,Active,Part-Time,Zone B,Temporary,Production       ,General - Con,10-05-1998,MA,Male,Asian,Divorced,Exceeds,3,2022-12-07,1,4,4,2023-07-19,Communication Skills,Internal,Completed,3,129.49,23,5
1843,2023-04-08,Production Technician I,BPC,Active,Full-Time,Zone C,Temporary,Production       ,Engineers,12-01-1963,MA,Male,Hispanic,Married,Needs Improvement,3,2023-07-31,1,5,4,2022-11-11,Project Management,External,Incomplete,5,349.46,60,2
1844,2019-09-11,Production Technician I,CCDR,Active,Part-Time,Zone A,Part-Time,Production       ,General - Con,23-11-1964,MA,Female,Other,Single,Exceeds,3,2022-12-20,2,1,4,2022-08-19,Project Management,Internal,Failed,5,668.2,55,5
1845,2020-03-05,Production Technician I,SVG,Active,Part-Time,Zone A,Temporary,Production       ,Aerial,23-12-1941,MA,Female,Black,Single,Needs Improvement,3,2023-06-18,1,2,5,2022-12-31,Customer Service,External,Passed,5,409.99,79,2
1846,2019-12-02,Production Technician I,EW,Active,Full-Time,Zone C,Temporary,Production       ,Aerial,24-11-1946,MA,Male,Black,Single,Needs Improvement,3,2023-06-21,5,4,1,2023-04-25,Communication Skills,Internal,Passed,4,964.4,73,2
1847,2022-12-03,Production Technician I,MSC,Active,Full-Time,Zone C,Part-Time,Production       ,Project Management - Con,16-10-2000,MA,Male,Other,Divorced,Needs Improvement,3,2022-11-23,5,2,3,2023-02-14,Leadership Development,External,Completed,1,777.95,22,2
1848,2021-12-23,Production Technician I,TNS,Active,Contract,Zone C,Part-Time,Production       ,Engineers,17-10-2000,MA,Male,Black,Divorced,PIP,3,2023-04-10,2,4,5,2023-02-15,Communication Skills,Internal,Completed,5,816.07,21,1
1849,2022-01-28,Production Technician I,PYZ,Active,Part-Time,Zone B,Full-Time,Production       ,Project Management - Con,28-05-1960,MA,Female,Hispanic,Divorced,PIP,3,2022-09-20,2,4,4,2023-06-04,Leadership Development,External,Passed,4,332.12,62,1
1850,2019-12-15,Production Technician I,WBL,Terminated,Contract,Zone A,Full-Time,Production       ,Aerial,23-10-1996,MA,Female,White,Married,PIP,3,2023-05-09,3,1,2,2023-05-02,Communication Skills,Internal,Completed,1,950.45,23,1
1851,2021-11-11,Production Technician I,NEL,Terminated,Full-Time,Zone B,Temporary,Production       ,General - Con,29-10-1967,MA,Female,Hispanic,Single,PIP,3,2023-03-01,1,1,4,2022-09-04,Communication Skills,External,Passed,4,997.13,54,1
1852,2019-02-15,Production Technician I,PL,Terminated,Full-Time,Zone A,Part-Time,Production       ,General - Con,18-10-1981,MA,Female,Black,Single,PIP,3,2023-05-02,3,4,1,2022-10-16,Customer Service,Internal,Completed,1,917.56,38,1
1853,2022-03-31,Production Technician II,PYZ,Active,Contract,Zone B,Temporary,Production       ,Wireline Construction,24-12-1957,MA,Female,Other,Divorced,PIP,3,2022-08-27,4,3,5,2022-08-10,Project Management,External,Failed,4,220.2,65,1
1854,2020-10-25,Production Technician II,WBL,Active,Contract,Zone A,Full-Time,Production       ,Shop (Fleet),29-08-1962,MA,Female,Asian,Married,PIP,3,2023-07-29,1,2,5,2023-05-18,Technical Skills,External,Failed,1,837.64,58,1
1855,2022-07-25,Production Technician II,NEL,Terminated,Part-Time,Zone B,Part-Time,Production       ,General - Con,19-05-1947,MA,Male,Other,Married,Exceeds,3,2023-01-31,3,3,3,2022-08-30,Technical Skills,External,Incomplete,2,648.72,75,5
1856,2021-08-02,Production Technician II,PL,Active,Full-Time,Zone A,Full-Time,Production       ,Field Operations,19-09-1972,MA,Female,Black,Widowed,Exceeds,3,2023-03-14,2,3,3,2023-07-04,Leadership Development,External,Failed,4,687.77,49,5
1857,2021-11-13,Production Technician II,BPC,Terminated,Contract,Zone C,Temporary,Production       ,Billable Consultants,04-06-1956,MA,Male,Other,Divorced,Exceeds,3,2022-08-21,1,4,1,2023-06-14,Project Management,External,Incomplete,5,278.62,65,5
1858,2019-05-07,Production Technician I,TNS,Active,Contract,Zone A,Full-Time,Production       ,Wireline Construction,20-02-1988,MA,Female,Asian,Widowed,Exceeds,3,2022-10-26,2,4,1,2022-12-16,Technical Skills,External,Failed,5,568.57,31,5
1859,2020-12-31,Production Technician I,PYZ,Active,Contract,Zone A,Part-Time,Production       ,Field Operations,14-12-1982,MA,Female,Hispanic,Married,Exceeds,3,2023-02-17,4,2,5,2022-10-07,Technical Skills,Internal,Completed,4,764.64,38,5
1860,2019-12-10,Production Technician I,WBL,Terminated,Part-Time,Zone B,Full-Time,Production       ,Project Management - Con,09-06-2000,MA,Female,Asian,Divorced,Exceeds,3,2023-03-21,1,4,3,2022-08-20,Project Management,External,Passed,3,551.45,19,5
1861,2020-06-11,Production Technician I,NEL,Active,Contract,Zone A,Full-Time,Production       ,Wireline Construction,11-11-1951,MA,Male,Black,Widowed,Exceeds,3,2022-09-22,1,2,4,2023-06-18,Customer Service,Internal,Completed,2,849.52,69,5
1862,2021-08-30,Production Technician I,PL,Active,Full-Time,Zone C,Temporary,Production       ,Aerial,25-03-1985,MA,Male,Other,Single,Exceeds,3,2023-03-11,5,4,4,2022-12-21,Communication Skills,Internal,Incomplete,1,180.61,36,5
1863,2019-11-04,Production Technician I,BPC,Active,Part-Time,Zone C,Full-Time,Production       ,Engineers,18-09-1987,MA,Female,Other,Single,Exceeds,3,2023-07-04,5,2,2,2023-06-21,Communication Skills,Internal,Passed,3,559.52,32,5
1864,2023-06-03,Production Technician I,CCDR,Active,Full-Time,Zone A,Temporary,Production       ,Field Operations,26-05-1972,MA,Female,Hispanic,Married,Exceeds,3,2022-12-10,3,2,1,2022-08-06,Project Management,Internal,Completed,4,850.57,51,5
1865,2021-02-14,Production Technician I,SVG,Active,Part-Time,Zone C,Part-Time,Production       ,Field Operations,24-05-1969,MA,Female,Asian,Single,Exceeds,3,2023-01-12,1,3,4,2022-11-13,Project Management,Internal,Completed,3,802.75,52,5
1866,2023-02-28,Production Technician I,EW,Active,Contract,Zone A,Temporary,Production       ,Field Operations,22-05-1980,MA,Male,Asian,Divorced,Exceeds,3,2022-10-12,3,5,2,2023-04-22,Customer Service,External,Completed,3,587.63,43,5
1867,2021-01-09,Production Technician I,MSC,Active,Full-Time,Zone B,Temporary,Production       ,Engineers,01-11-1942,MA,Male,Asian,Divorced,Needs Improvement,3,2023-05-08,1,5,2,2023-05-04,Project Management,External,Passed,3,114.45,79,2
1868,2022-03-22,Production Technician I,TNS,Active,Part-Time,Zone A,Full-Time,Production       ,Field Operations,28-11-2000,MA,Male,Black,Single,Needs Improvement,3,2023-02-26,5,3,3,2023-03-27,Leadership Development,Internal,Completed,4,599.79,22,2
1869,2019-11-11,Production Technician I,PYZ,Active,Part-Time,Zone C,Temporary,Production       ,Catv,25-01-1982,MA,Female,Asian,Married,Exceeds,3,2022-08-31,1,2,3,2022-12-23,Customer Service,Internal,Failed,3,280.46,37,5
1870,2022-10-04,Production Technician I,WBL,Active,Contract,Zone B,Full-Time,Production       ,Engineers,31-03-1992,MA,Female,Hispanic,Married,Fully Meets,3,2022-09-13,2,5,3,2022-12-25,Communication Skills,External,Incomplete,3,969.98,30,4
1871,2021-08-23,Production Technician I,NEL,Active,Contract,Zone C,Full-Time,Production       ,Wireline Construction,09-08-1996,MA,Female,White,Widowed,Fully Meets,3,2022-12-12,1,4,3,2023-07-03,Customer Service,Internal,Failed,4,643.07,25,4
1872,2022-12-05,Production Technician I,PL,Active,Full-Time,Zone B,Temporary,Production       ,Field Operations,21-12-1972,MA,Female,Hispanic,Married,Fully Meets,3,2023-04-17,1,2,5,2023-07-04,Leadership Development,Internal,Incomplete,4,299.55,50,4
1873,2019-07-20,Production Technician II,BPC,Active,Contract,Zone C,Temporary,Production       ,Engineers,23-01-1960,MA,Female,Black,Married,Fully Meets,3,2022-08-14,5,2,3,2023-03-02,Technical Skills,External,Incomplete,3,373.67,59,4
1874,2021-11-05,Production Technician II,CCDR,Active,Full-Time,Zone B,Part-Time,Production       ,Technology / It,08-12-1960,MA,Male,Asian,Widowed,Fully Meets,3,2023-05-04,2,4,4,2022-12-25,Leadership Development,Internal,Passed,1,902.01,61,4
1875,2021-01-04,Production Technician II,EW,Terminated,Full-Time,Zone C,Full-Time,Production       ,General - Con,01-08-1953,MA,Male,Other,Single,Fully Meets,3,2023-08-05,3,1,4,2023-03-19,Project Management,Internal,Failed,1,105.61,68,4
1877,2021-10-30,Production Technician II,NEL,Active,Part-Time,Zone A,Full-Time,Production       ,General - Con,17-05-1961,MA,Male,Asian,Married,Fully Meets,3,2022-09-08,2,3,2,2023-05-01,Technical Skills,External,Passed,1,845.17,60,4
1878,2022-10-02,Production Technician I,WBL,Active,Part-Time,Zone B,Part-Time,Production       ,Splicing,17-06-2001,MA,Female,White,Single,Fully Meets,3,2023-01-13,5,3,3,2023-05-25,Technical Skills,External,Passed,5,932.44,21,4
1879,2018-11-25,Production Technician I,BPC,Terminated,Part-Time,Zone B,Temporary,Production       ,Engineers,30-10-1965,MA,Female,Black,Single,Fully Meets,3,2023-08-05,2,3,4,2023-04-29,Leadership Development,Internal,Passed,2,227.51,53,4
1880,2021-07-09,Production Technician I,CCDR,Terminated,Full-Time,Zone A,Full-Time,Production       ,Project Management - Con,07-01-1966,MA,Female,Black,Widowed,Fully Meets,3,2023-04-13,5,1,2,2022-08-10,Customer Service,Internal,Incomplete,5,785.05,55,4
1881,2019-05-01,Production Technician I,EW,Active,Full-Time,Zone B,Part-Time,Production       ,Field Operations,14-10-2000,MA,Male,Asian,Single,Fully Meets,3,2022-09-18,3,5,3,2023-06-30,Communication Skills,External,Passed,4,584.92,19,4
1882,2021-11-09,Production Technician I,MSC,Active,Full-Time,Zone A,Part-Time,Production       ,Fielders,06-02-1945,MA,Female,Asian,Divorced,Fully Meets,3,2023-07-07,1,4,2,2023-04-11,Leadership Development,Internal,Incomplete,5,206.16,76,4
1883,2018-08-27,Production Technician I,NEL,Active,Full-Time,Zone B,Temporary,Production       ,Project Management - Con,03-07-1967,MA,Female,Black,Single,Fully Meets,3,2022-10-09,3,4,2,2023-05-19,Customer Service,Internal,Failed,1,483.43,51,4
1884,2019-03-16,Production Technician I,PL,Active,Part-Time,Zone C,Part-Time,Production       ,General - Eng,24-07-2000,MA,Female,Other,Married,Fully Meets,3,2023-04-14,1,3,3,2022-09-09,Project Management,External,Incomplete,2,889.87,19,4
1885,2022-01-07,Production Technician I,PYZ,Active,Contract,Zone B,Full-Time,Production       ,General - Con,23-05-1984,MA,Male,Other,Married,Fully Meets,3,2022-09-14,1,2,4,2023-02-15,Customer Service,Internal,Incomplete,3,503.04,38,4
1886,2022-10-04,Production Technician I,SVG,Active,Contract,Zone A,Temporary,Production       ,Executive,06-12-1984,MA,Male,White,Single,Fully Meets,3,2023-01-18,3,2,5,2023-06-10,Customer Service,External,Completed,1,349.8,38,4
1887,2022-03-23,Production Technician I,TNS,Active,Full-Time,Zone C,Full-Time,Production       ,Field Operations,13-09-1997,MA,Male,White,Divorced,Fully Meets,3,2023-05-07,2,3,3,2022-12-23,Customer Service,External,Passed,4,547.76,25,4
1888,2020-05-05,Production Technician I,WBL,Active,Full-Time,Zone B,Temporary,Production       ,Engineers,26-12-1947,MA,Female,White,Married,Fully Meets,3,2023-07-23,1,5,1,2022-12-23,Technical Skills,External,Completed,2,961.68,73,4
1889,2020-11-23,Production Technician I,PYZ,Active,Contract,Zone B,Temporary,Production       ,General - Con,14-02-1957,MA,Female,Other,Divorced,Fully Meets,3,2022-10-06,5,4,4,2023-02-09,Leadership Development,Internal,Incomplete,1,993.76,63,4
1890,2022-03-28,Production Technician I,WBL,Active,Contract,Zone B,Full-Time,Production       ,Splicing,24-05-1968,MA,Female,White,Widowed,Fully Meets,3,2023-05-12,1,3,2,2022-10-25,Communication Skills,Internal,Failed,2,998.32,54,4
1891,2020-03-25,Production Technician I,NEL,Active,Full-Time,Zone C,Full-Time,Production       ,Aerial,24-06-1946,MA,Female,Hispanic,Married,Fully Meets,3,2022-12-22,2,5,2,2023-07-13,Leadership Development,External,Incomplete,1,961.55,74,4
1892,2018-08-07,Production Technician II,TNS,Active,Contract,Zone A,Temporary,Production       ,Aerial,30-05-1986,MA,Female,Asian,Single,Fully Meets,3,2023-01-11,3,3,3,2023-02-09,Technical Skills,External,Incomplete,3,192.73,32,4
1893,2020-02-11,Production Technician II,BPC,Active,Contract,Zone A,Full-Time,Production       ,General - Con,28-01-1976,MA,Male,White,Divorced,Fully Meets,3,2023-06-08,2,3,4,2022-09-28,Leadership Development,Internal,Completed,1,604.53,44,4
1894,2023-01-01,Production Technician II,CCDR,Active,Full-Time,Zone A,Full-Time,Production       ,Field Operations,23-05-1959,MA,Male,Other,Single,Fully Meets,3,2023-06-01,3,1,5,2023-05-29,Technical Skills,External,Failed,2,144.39,64,4
1895,2022-12-07,Production Technician II,EW,Active,Part-Time,Zone A,Part-Time,Production       ,Wireline Construction,25-01-1989,MA,Female,White,Married,Fully Meets,3,2022-10-18,4,5,2,2022-09-12,Technical Skills,External,Completed,5,517.92,33,4
1896,2023-03-13,Production Technician II,MSC,Active,Full-Time,Zone A,Part-Time,Production       ,Engineers,18-11-1951,MA,Female,Hispanic,Married,Fully Meets,3,2023-01-17,1,1,3,2023-02-22,Customer Service,External,Completed,4,537.71,72,4
1897,2021-11-14,Production Technician II,NEL,Active,Full-Time,Zone C,Temporary,Production       ,Field Operations,20-07-1948,MA,Male,Asian,Divorced,Fully Meets,3,2022-09-05,2,4,5,2023-03-16,Communication Skills,External,Completed,2,491.71,73,4
1898,2019-06-05,Production Technician I,MSC,Active,Full-Time,Zone C,Temporary,Production       ,Field Operations,14-01-1997,MA,Female,White,Single,Fully Meets,3,2023-07-18,4,5,5,2023-07-10,Project Management,Internal,Completed,3,673.38,22,4
1899,2020-12-12,Production Technician I,TNS,Active,Contract,Zone C,Full-Time,Production       ,Field Operations,06-09-1982,MA,Female,Asian,Married,Fully Meets,3,2023-06-28,2,4,5,2023-01-29,Leadership Development,Internal,Incomplete,2,724.87,38,4
1900,2020-04-06,Production Technician I,PYZ,Active,Full-Time,Zone B,Full-Time,Production       ,General - Con,22-03-1960,MA,Female,Hispanic,Widowed,Fully Meets,3,2023-07-02,2,2,5,2023-04-27,Communication Skills,Internal,Passed,4,140.83,60,4
1901,2023-01-30,Production Technician I,WBL,Active,Full-Time,Zone B,Full-Time,Production       ,Engineers,09-08-1959,MA,Female,White,Divorced,Fully Meets,3,2023-06-22,4,1,5,2022-09-22,Project Management,External,Passed,1,113.47,64,4
1902,2020-09-08,Production Technician I,NEL,Active,Full-Time,Zone A,Temporary,Production       ,Engineers,11-02-1952,MA,Male,Other,Divorced,Fully Meets,3,2023-07-27,2,5,3,2023-02-24,Customer Service,External,Incomplete,1,604.93,68,4
1903,2020-12-14,Production Technician I,PL,Active,Part-Time,Zone C,Part-Time,Production       ,Field Operations,11-04-1960,MA,Female,Black,Divorced,Fully Meets,3,2022-12-17,5,5,2,2023-05-27,Project Management,External,Completed,4,699.97,60,4
1904,2022-11-07,Production Technician I,BPC,Active,Contract,Zone C,Part-Time,Production       ,General - Con,11-10-1982,MA,Female,Asian,Widowed,Fully Meets,3,2022-12-09,5,1,4,2022-10-20,Leadership Development,Internal,Failed,1,576.1,40,4
1905,2022-04-06,Production Technician I,CCDR,Active,Part-Time,Zone B,Temporary,Production       ,Wireline Construction,10-03-1972,MA,Female,Asian,Married,Fully Meets,3,2023-04-15,5,2,1,2022-11-24,Leadership Development,Internal,Passed,2,958.46,50,4
1906,2021-02-22,Production Technician I,SVG,Active,Part-Time,Zone B,Full-Time,Production       ,Field Operations,03-08-1947,MA,Male,Hispanic,Widowed,Fully Meets,3,2022-12-28,1,4,5,2023-03-05,Project Management,External,Passed,5,228.41,74,4
1907,2022-05-16,Production Technician I,EW,Active,Full-Time,Zone C,Part-Time,Production       ,Field Operations,04-11-1988,MA,Male,Asian,Widowed,Fully Meets,3,2023-01-18,2,4,5,2022-11-10,Technical Skills,Internal,Completed,2,203.44,34,4
1908,2020-01-18,Production Technician I,MSC,Active,Contract,Zone B,Part-Time,Production       ,Field Operations,19-05-1942,MA,Female,White,Widowed,Fully Meets,3,2023-01-26,4,2,5,2023-07-21,Project Management,External,Incomplete,2,359.08,78,4
1909,2021-10-21,Production Technician I,TNS,Active,Full-Time,Zone A,Part-Time,Production       ,General - Con,15-10-1961,MA,Female,White,Widowed,Fully Meets,3,2022-11-23,3,5,2,2023-03-15,Technical Skills,Internal,Passed,3,653.23,60,4
1910,2019-01-05,Production Technician I,PYZ,Active,Full-Time,Zone C,Full-Time,Production       ,General - Eng,07-11-1942,MA,Female,Hispanic,Divorced,Fully Meets,3,2022-11-05,1,4,1,2022-10-12,Customer Service,Internal,Passed,5,614.4,77,4
1911,2021-01-24,Production Technician I,WBL,Terminated,Part-Time,Zone B,Temporary,Production       ,Wireline Construction,12-06-1991,MA,Female,White,Divorced,Fully Meets,3,2023-04-08,3,4,3,2022-11-12,Communication Skills,External,Passed,5,333.08,30,4
1912,2020-03-06,Production Technician II,TNS,Active,Part-Time,Zone B,Temporary,Production       ,Engineers,16-10-1987,MA,Female,Asian,Married,Fully Meets,3,2023-04-02,2,5,1,2023-03-26,Leadership Development,External,Completed,1,718.38,33,4
1913,2022-11-19,Production Technician II,PYZ,Terminated,Full-Time,Zone B,Full-Time,Production       ,General - Con,26-07-1972,MA,Male,White,Married,Fully Meets,3,2023-01-21,5,4,2,2023-02-02,Project Management,External,Failed,3,195.29,50,4
1914,2019-03-15,Production Technician II,WBL,Terminated,Part-Time,Zone B,Full-Time,Production       ,Engineers,04-04-1981,MA,Female,Other,Married,Fully Meets,3,2023-02-23,4,4,5,2023-01-11,Leadership Development,External,Passed,2,113.43,38,4
1917,2019-05-29,Production Technician I,EW,Active,Contract,Zone B,Full-Time,Production       ,General - Eng,03-11-1960,MA,Female,Black,Single,Fully Meets,3,2022-10-31,5,2,3,2023-01-24,Customer Service,Internal,Incomplete,3,419.83,59,4
1918,2023-01-09,Production Technician I,MSC,Active,Contract,Zone B,Temporary,Production       ,Field Operations,12-09-1990,MA,Female,Black,Single,Fully Meets,3,2022-10-01,3,5,5,2023-08-03,Communication Skills,Internal,Incomplete,2,226.7,33,4
1919,2022-05-01,Production Technician I,TNS,Terminated,Contract,Zone A,Full-Time,Production       ,Shop (Fleet),15-08-1990,MA,Female,Other,Widowed,Fully Meets,3,2023-05-22,2,3,3,2023-06-18,Leadership Development,External,Failed,1,583.76,32,4
1920,2021-01-26,Production Technician I,PYZ,Terminated,Full-Time,Zone B,Full-Time,Production       ,Field Operations,03-08-1948,MA,Female,Hispanic,Widowed,Fully Meets,3,2022-09-23,2,5,3,2023-04-04,Customer Service,Internal,Failed,3,646.65,73,4
1921,2021-09-06,Production Technician I,WBL,Active,Contract,Zone C,Full-Time,Production       ,Engineers,27-07-1994,MA,Male,Other,Married,Fully Meets,3,2023-02-01,3,2,5,2023-05-28,Technical Skills,External,Incomplete,2,813.17,27,4
1922,2020-07-29,Production Technician I,NEL,Active,Full-Time,Zone A,Part-Time,Production       ,General - Con,11-02-1958,MA,Male,Asian,Divorced,Fully Meets,3,2023-04-29,1,1,3,2022-11-14,Technical Skills,External,Passed,3,636.38,62,4
1923,2023-03-31,Production Technician I,PL,Active,Full-Time,Zone B,Full-Time,Production       ,People Services,05-11-1966,MA,Female,Other,Widowed,Fully Meets,3,2023-07-29,3,4,4,2022-11-17,Project Management,External,Failed,3,868.74,57,4
1924,2023-05-16,Production Technician I,BPC,Active,Part-Time,Zone B,Full-Time,Production       ,Field Operations,29-11-1994,MA,Female,Hispanic,Married,Fully Meets,3,2022-09-05,3,5,1,2023-07-14,Customer Service,External,Failed,4,250.41,29,4
1925,2023-04-29,Production Technician I,CCDR,Active,Contract,Zone B,Full-Time,Production       ,Splicing,13-02-1980,MA,Male,Other,Divorced,Fully Meets,3,2023-04-21,1,5,3,2023-05-12,Communication Skills,Internal,Completed,3,882.06,43,4
1926,2019-11-27,Production Technician I,SVG,Active,Contract,Zone A,Temporary,Production       ,Field Operations,02-01-2000,MA,Male,Black,Single,Fully Meets,3,2022-08-20,3,4,2,2023-06-30,Leadership Development,Internal,Passed,1,350.88,19,4
1927,2022-11-03,Production Technician I,EW,Active,Full-Time,Zone C,Full-Time,Production       ,Field Operations,06-04-1976,MA,Male,Hispanic,Married,Fully Meets,3,2022-12-13,3,2,1,2023-02-23,Leadership Development,External,Completed,5,571.81,46,4
1928,2022-08-08,Production Technician I,MSC,Active,Full-Time,Zone A,Part-Time,Production       ,General - Con,17-03-1983,MA,Female,Hispanic,Widowed,Fully Meets,3,2022-08-24,4,5,5,2023-02-23,Communication Skills,Internal,Failed,3,900.89,39,4
1929,2023-07-27,Production Technician I,TNS,Active,Contract,Zone A,Full-Time,Production       ,Field Operations,03-03-1988,MA,Female,Asian,Widowed,Fully Meets,3,2022-12-09,4,1,3,2023-08-04,Customer Service,Internal,Failed,3,312.56,35,4
1930,2023-07-15,Production Technician I,PYZ,Active,Full-Time,Zone C,Temporary,Production       ,General - Con,26-08-1986,MA,Female,Asian,Single,Fully Meets,3,2022-12-27,3,3,4,2023-06-30,Project Management,External,Incomplete,5,533.56,37,4
1931,2022-11-09,Production Technician I,WBL,Active,Full-Time,Zone B,Temporary,Production       ,Fielders,22-12-1999,MA,Female,White,Single,Fully Meets,3,2023-04-16,2,3,4,2023-05-14,Leadership Development,Internal,Failed,5,381.36,23,4
1932,2019-12-24,Sales Manager,BPC,Active,Full-Time,Zone A,Temporary,Sales,General - Sga,16-08-1977,MA,Male,Other,Widowed,Fully Meets,3,2023-01-17,5,5,2,2023-03-19,Customer Service,Internal,Failed,2,754.08,42,4
1933,2019-03-08,Sales Manager,NEL,Active,Contract,Zone C,Part-Time,Sales,Aerial,01-11-1989,VT,Female,Black,Widowed,Fully Meets,3,2023-05-24,2,4,5,2022-10-17,Customer Service,Internal,Incomplete,5,837.19,30,4
1934,2019-06-25,Sales Manager,WBL,Terminated,Contract,Zone B,Full-Time,Sales,General - Eng,29-09-1991,PA,Female,Other,Widowed,Fully Meets,3,2022-08-25,2,5,2,2023-05-08,Leadership Development,External,Incomplete,2,993.7,28,4
1935,2019-01-03,Production Technician II,TNS,Active,Part-Time,Zone A,Temporary,Sales,Yard (Material Handling),01-12-1974,MA,Male,Hispanic,Divorced,Fully Meets,3,2023-04-20,5,1,4,2022-09-16,Customer Service,Internal,Completed,2,505.4,45,4
1936,2023-02-02,Production Technician II,BPC,Active,Full-Time,Zone B,Part-Time,Sales,Field Operations,26-05-1991,PA,Female,Hispanic,Widowed,Fully Meets,3,2022-10-11,3,3,5,2022-08-21,Leadership Development,External,Failed,5,567.55,32,4
1937,2022-03-30,Production Technician II,CCDR,Terminated,Full-Time,Zone A,Temporary,Sales,Engineers,25-03-1957,PA,Female,Asian,Single,Fully Meets,3,2022-08-11,4,5,4,2023-05-08,Leadership Development,External,Completed,4,774.74,65,4
1938,2020-03-23,Production Technician II,TNS,Active,Part-Time,Zone A,Full-Time,Sales,Splicing,18-03-1957,MA,Female,Other,Single,Fully Meets,3,2022-09-15,1,4,3,2022-08-24,Communication Skills,External,Passed,5,316.61,63,4
1939,2019-06-06,Production Technician II,PYZ,Active,Contract,Zone C,Temporary,Sales,Field Operations,05-03-1942,PA,Female,Asian,Married,Fully Meets,3,2023-06-13,4,5,3,2022-10-27,Communication Skills,External,Completed,3,531.73,77,4
1940,2023-05-28,Production Technician II,TNS,Active,Contract,Zone A,Temporary,Sales,Engineers,07-08-1942,MA,Female,Asian,Widowed,Fully Meets,3,2022-08-20,3,4,5,2023-01-16,Communication Skills,External,Failed,2,342.26,81,4
1941,2021-02-03,Production Technician II,PYZ,Active,Contract,Zone A,Part-Time,Sales,Engineers,06-10-1941,PA,Female,Hispanic,Widowed,Fully Meets,3,2022-09-16,3,5,4,2023-02-04,Leadership Development,External,Failed,3,158.79,80,4
1942,2019-07-30,Production Technician II,TNS,Terminated,Part-Time,Zone A,Part-Time,Sales,Wireline Construction,11-02-1964,MA,Female,Other,Widowed,Fully Meets,3,2022-11-08,2,4,2,2023-04-15,Customer Service,Internal,Completed,3,250.51,55,4
1943,2022-05-08,Production Technician II,PYZ,Terminated,Contract,Zone A,Part-Time,Sales,Shop (Fleet),23-03-1956,PA,Female,White,Widowed,Fully Meets,3,2022-09-22,5,5,4,2023-05-13,Technical Skills,Internal,Passed,3,453.4,66,4
1944,2020-05-12,Production Technician II,TNS,Active,Part-Time,Zone A,Full-Time,Sales,Field Operations,20-08-1963,PA,Female,Asian,Married,Fully Meets,3,2022-12-12,1,4,1,2022-10-26,Technical Skills,External,Completed,5,742.31,57,4
1945,2019-03-28,Sales Manager,TNS,Terminated,Full-Time,Zone A,Temporary,Sales,Engineers,17-02-1977,MA,Female,White,Married,Fully Meets,3,2023-02-10,1,3,4,2023-01-12,Customer Service,External,Passed,5,341.94,42,4
1946,2019-07-22,Production Technician II,WBL,Active,Full-Time,Zone A,Full-Time,Sales,Aerial,22-07-1956,PA,Female,Other,Widowed,Fully Meets,3,2023-01-05,3,5,1,2022-08-30,Customer Service,Internal,Completed,1,967.18,63,4
1947,2020-09-17,Sales Manager,MSC,Active,Part-Time,Zone C,Temporary,Sales,General - Sga,21-07-1982,PA,Female,White,Single,Fully Meets,3,2023-06-28,1,3,3,2022-11-14,Communication Skills,External,Failed,3,147.4,38,4
1948,2022-07-02,Production Technician II,TNS,Terminated,Part-Time,Zone B,Temporary,Sales,Splicing,08-12-1963,PA,Female,Black,Married,Fully Meets,3,2023-03-16,2,1,5,2023-05-23,Project Management,External,Failed,4,884.26,59,4
1949,2019-11-30,Sales Manager,MSC,Active,Contract,Zone A,Part-Time,Sales,Field Operations,04-04-1950,PA,Female,Hispanic,Divorced,Fully Meets,3,2022-09-07,5,3,4,2023-04-28,Customer Service,Internal,Incomplete,5,592.96,69,4
1950,2023-07-21,Production Technician II,TNS,Terminated,Contract,Zone C,Temporary,Production       ,Splicing,24-03-1958,PA,Female,Asian,Married,Fully Meets,3,2022-09-17,3,2,1,2023-02-21,Project Management,External,Passed,2,801.28,65,4
1951,2020-08-26,Sales Manager,SVG,Terminated,Full-Time,Zone A,Temporary,Sales,Aerial,09-10-1960,MA,Female,Asian,Married,Fully Meets,3,2023-04-20,4,1,3,2023-04-29,Leadership Development,Internal,Incomplete,2,717.95,60,4
1952,2020-05-16,Sales Manager,TNS,Active,Full-Time,Zone A,Full-Time,Sales,Underground,31-07-1989,PA,Female,Other,Divorced,Fully Meets,3,2023-06-09,2,5,2,2023-03-05,Leadership Development,Internal,Passed,1,846.22,31,4
1953,2023-04-06,Production Technician I,PL,Active,Full-Time,Zone B,Full-Time,Production       ,Finance & Accounting,20-02-1976,MA,Female,Asian,Divorced,Fully Meets,3,2023-04-07,4,5,4,2022-08-13,Leadership Development,External,Passed,4,275.62,47,4
1954,2019-02-18,Production Technician II,SVG,Terminated,Part-Time,Zone C,Temporary,Production       ,Finance & Accounting,22-07-1968,MA,Female,Other,Divorced,Fully Meets,3,2023-03-16,1,1,5,2022-08-14,Customer Service,External,Passed,5,837.05,51,4
1955,2020-10-10,Production Technician I,MSC,Active,Full-Time,Zone A,Temporary,Production       ,Field Operations,04-04-1998,MA,Male,White,Married,Fully Meets,3,2022-08-27,2,3,4,2023-07-22,Leadership Development,Internal,Incomplete,3,202.35,22,4
1956,2021-05-15,Production Technician I,PL,Active,Part-Time,Zone A,Full-Time,Production       ,Billable Consultants,18-12-1958,MA,Female,Black,Married,Fully Meets,3,2023-01-23,1,5,4,2023-06-05,Communication Skills,External,Passed,4,590.97,63,4
1957,2019-05-13,Production Technician I,TNS,Terminated,Part-Time,Zone C,Full-Time,Production       ,Field Operations,15-02-1975,MA,Female,Asian,Widowed,Fully Meets,3,2023-03-17,5,2,2,2023-04-14,Customer Service,External,Failed,5,744.55,44,4
1958,2019-07-04,Production Technician I,PYZ,Active,Contract,Zone B,Full-Time,Production       ,Sales & Marketing,18-10-1990,MA,Female,Other,Married,Fully Meets,3,2022-10-05,4,2,5,2023-05-23,Communication Skills,Internal,Incomplete,2,141.91,29,4
1959,2022-04-01,Production Technician I,CCDR,Active,Part-Time,Zone B,Temporary,Production       ,Project Management - Con,02-08-1989,MA,Female,Asian,Married,Fully Meets,3,2023-01-04,5,3,4,2022-09-13,Project Management,External,Completed,2,883.34,33,4
1960,2018-11-03,Production Technician I,PYZ,Active,Full-Time,Zone A,Part-Time,Production       ,Aerial,26-05-1948,MA,Male,White,Divorced,Fully Meets,3,2023-01-06,3,4,1,2023-04-28,Leadership Development,Internal,Passed,4,176.82,70,4
1961,2018-10-11,Production Technician I,TNS,Terminated,Part-Time,Zone A,Full-Time,Production       ,General - Eng,17-07-1945,MA,Female,Black,Married,Fully Meets,3,2022-12-21,2,3,1,2023-04-25,Customer Service,External,Failed,1,767.22,73,4
1962,2023-06-25,Production Technician II,CCDR,Active,Contract,Zone C,Part-Time,Production       ,General - Con,18-02-1951,MA,Female,Other,Divorced,Fully Meets,3,2022-09-05,2,4,1,2022-10-02,Leadership Development,External,Completed,5,555.6,72,4
1963,2020-09-14,Production Technician I,CCDR,Terminated,Contract,Zone B,Full-Time,Production       ,General - Con,08-05-1972,MA,Female,Other,Married,Fully Meets,3,2022-08-23,2,5,3,2023-06-13,Technical Skills,Internal,Incomplete,2,316.03,48,4
1964,2022-12-20,Production Technician I,EW,Terminated,Part-Time,Zone B,Part-Time,Production       ,Executive,27-03-1969,MA,Female,Other,Married,Fully Meets,3,2022-11-21,5,5,5,2023-05-22,Customer Service,Internal,Failed,1,540.96,53,4
1965,2022-02-23,Production Technician II,CCDR,Active,Full-Time,Zone A,Temporary,Production       ,General - Con,31-07-1949,MA,Female,White,Widowed,Fully Meets,3,2023-02-15,3,1,1,2022-10-16,Leadership Development,External,Failed,3,444.23,73,4
1966,2019-05-31,Production Technician II,TNS,Active,Full-Time,Zone C,Part-Time,Production       ,General - Con,04-03-1971,MA,Female,Other,Widowed,Fully Meets,3,2022-10-29,4,3,2,2023-05-19,Communication Skills,Internal,Failed,5,497.54,48,4
1967,2019-01-29,Production Technician I,PL,Active,Part-Time,Zone A,Part-Time,Production       ,General - Con,11-12-1994,MA,Female,Other,Single,Fully Meets,3,2023-02-26,4,2,4,2023-07-23,Customer Service,Internal,Incomplete,4,300.95,25,4
1968,2019-09-01,Production Technician I,NEL,Active,Full-Time,Zone B,Temporary,Production       ,General - Con,29-06-1955,MA,Female,Asian,Widowed,Fully Meets,3,2022-12-27,1,4,2,2022-11-25,Customer Service,Internal,Incomplete,2,283.06,64,4
1970,2022-04-21,Production Technician I,PYZ,Active,Part-Time,Zone C,Temporary,Production       ,Field Operations,17-04-1952,MA,Female,Other,Single,Fully Meets,3,2023-03-06,5,4,4,2023-03-27,Leadership Development,External,Failed,1,398.23,70,4
1971,2018-09-15,Production Technician II,MSC,Terminated,Part-Time,Zone C,Full-Time,Production       ,General - Con,10-02-1994,MA,Female,Other,Divorced,Fully Meets,3,2023-05-27,3,2,1,2022-12-20,Leadership Development,External,Incomplete,1,331.8,24,4
1972,2021-12-04,Production Technician II,EW,Active,Contract,Zone A,Temporary,Production       ,Field Operations,23-01-1996,MA,Male,Asian,Single,Fully Meets,3,2023-03-15,2,2,3,2023-04-26,Leadership Development,External,Incomplete,4,349.48,25,4
1973,2019-11-14,Production Technician II,BPC,Active,Full-Time,Zone B,Full-Time,Production       ,General - Con,10-10-1991,MA,Female,Black,Married,Fully Meets,3,2022-08-30,4,2,3,2023-04-01,Communication Skills,External,Failed,1,596.48,28,4
1974,2021-04-14,Production Technician I,NEL,Active,Part-Time,Zone A,Temporary,Production       ,Aerial,29-12-1968,MA,Female,White,Widowed,Fully Meets,3,2023-01-17,4,1,3,2022-10-08,Project Management,Internal,Incomplete,2,677.45,53,4
1975,2019-04-14,Production Technician I,SVG,Active,Contract,Zone A,Temporary,Production       ,Project Management - Con,31-10-1941,MA,Female,Other,Divorced,Fully Meets,3,2023-03-24,4,4,3,2023-03-12,Customer Service,Internal,Failed,5,664.61,78,4
1976,2021-01-09,Production Technician I,EW,Active,Full-Time,Zone C,Full-Time,Production       ,Finance & Accounting,16-02-1945,MA,Female,White,Single,Fully Meets,3,2023-04-25,1,5,1,2022-11-16,Communication Skills,External,Completed,5,405.13,76,4
1977,2022-12-26,Production Technician I,MSC,Terminated,Contract,Zone B,Full-Time,Production       ,Field Operations,22-09-1952,MA,Female,White,Single,Fully Meets,3,2023-03-18,2,5,4,2023-05-26,Leadership Development,Internal,Incomplete,5,781.27,70,4
1978,2021-10-05,Production Technician I,TNS,Terminated,Full-Time,Zone B,Part-Time,Production       ,Finance & Accounting,22-12-1976,MA,Female,Other,Divorced,Fully Meets,3,2023-06-08,3,5,1,2023-01-18,Leadership Development,Internal,Failed,5,983.61,45,4
1979,2022-09-25,Production Technician I,PYZ,Active,Part-Time,Zone B,Temporary,Production       ,Engineers,25-03-1972,MA,Female,Asian,Single,Fully Meets,3,2023-07-17,1,4,5,2023-05-19,Communication Skills,Internal,Failed,1,656.46,50,4
1980,2021-11-10,Production Technician I,WBL,Active,Part-Time,Zone C,Full-Time,Production       ,General - Con,16-06-1990,MA,Female,Hispanic,Married,Fully Meets,3,2023-05-17,5,4,5,2023-03-25,Project Management,External,Failed,1,446.07,31,4
1981,2021-04-08,Production Technician I,NEL,Active,Contract,Zone A,Temporary,Production       ,General - Con,14-11-1993,MA,Male,Black,Divorced,Fully Meets,3,2023-03-23,5,4,3,2022-08-10,Leadership Development,Internal,Passed,1,676.42,28,4
1982,2018-11-14,Production Technician I,PL,Active,Full-Time,Zone C,Temporary,Production       ,General - Sga,24-05-1980,MA,Female,Hispanic,Married,Fully Meets,3,2023-06-24,3,5,5,2023-01-29,Leadership Development,Internal,Passed,5,861.83,38,4
1983,2020-03-14,Production Technician I,BPC,Active,Part-Time,Zone C,Full-Time,Production       ,General - Con,26-11-1956,MA,Female,Asian,Widowed,Fully Meets,3,2022-08-16,2,5,1,2022-12-28,Customer Service,Internal,Failed,5,769.23,64,4
1984,2020-06-24,Production Technician I,CCDR,Active,Full-Time,Zone B,Temporary,Production       ,Catv,11-02-1948,MA,Female,Black,Single,Fully Meets,3,2022-08-07,5,2,2,2022-08-18,Leadership Development,Internal,Failed,4,983.02,72,4
1985,2023-03-19,Production Technician I,SVG,Active,Contract,Zone B,Temporary,Production       ,General - Con,09-11-1963,MA,Female,White,Widowed,Fully Meets,3,2023-03-04,5,5,2,2022-09-28,Communication Skills,Internal,Incomplete,3,474.95,60,4
1986,2022-08-15,Production Technician I,EW,Active,Contract,Zone C,Full-Time,Production       ,Executive,18-02-1949,MA,Female,Black,Divorced,Fully Meets,3,2022-09-17,1,4,2,2023-02-21,Communication Skills,Internal,Failed,3,800.81,73,4
1987,2018-11-09,Production Technician I,MSC,Active,Full-Time,Zone C,Part-Time,Production       ,General - Sga,27-05-1967,MA,Female,White,Single,Fully Meets,3,2023-07-18,5,1,3,2023-06-27,Communication Skills,Internal,Failed,2,844.93,51,4
1988,2018-11-23,Production Technician I,TNS,Active,Contract,Zone A,Temporary,Production       ,Field Operations,26-10-1989,MA,Female,Black,Single,Fully Meets,3,2023-02-10,1,3,5,2023-05-18,Project Management,External,Completed,4,903.8,29,4
1989,2020-02-25,Production Technician II,PL,Active,Full-Time,Zone A,Temporary,Production       ,Field Operations,14-06-2000,MA,Female,Other,Married,Fully Meets,3,2023-05-04,4,2,5,2022-12-04,Leadership Development,External,Incomplete,4,329.3,20,4
1990,2020-05-16,Production Technician II,BPC,Active,Full-Time,Zone C,Temporary,Production       ,Field Operations,18-09-1947,MA,Female,Black,Divorced,Fully Meets,3,2022-08-31,3,1,1,2022-09-18,Leadership Development,Internal,Incomplete,1,332.51,73,4
1991,2019-06-18,Production Technician II,CCDR,Active,Contract,Zone B,Temporary,Production       ,General - Con,01-01-1949,MA,Female,Other,Married,Fully Meets,3,2023-01-26,2,1,3,2023-01-24,Technical Skills,External,Failed,2,643.63,70,4
1992,2019-05-20,Production Technician II,SVG,Active,Contract,Zone A,Part-Time,Production       ,General - Con,25-02-1950,MA,Female,White,Divorced,Fully Meets,3,2023-02-06,4,3,3,2022-09-11,Communication Skills,Internal,Failed,2,827.05,69,4
1993,2020-10-16,Production Technician II,EW,Active,Full-Time,Zone A,Full-Time,Production       ,Field Operations,21-07-1972,MA,Female,Hispanic,Divorced,Fully Meets,3,2022-12-10,5,2,4,2023-05-02,Customer Service,External,Failed,3,995.42,48,4
1994,2022-07-01,Production Technician II,MSC,Active,Full-Time,Zone A,Full-Time,Production       ,General - Con,29-12-1988,MA,Female,Other,Single,Fully Meets,3,2022-10-04,5,5,1,2023-04-20,Technical Skills,External,Passed,4,360.61,34,4
1995,2022-12-17,Production Technician II,TNS,Active,Contract,Zone A,Full-Time,Production       ,Field Operations,06-08-1978,MA,Female,Other,Married,Fully Meets,3,2023-04-23,4,3,1,2022-08-23,Communication Skills,External,Passed,3,658.54,44,4
1996,2021-10-24,Production Technician II,PYZ,Active,Part-Time,Zone A,Temporary,Production       ,Aerial,10-07-1992,MA,Female,White,Single,Fully Meets,3,2023-08-01,3,5,2,2022-12-16,Communication Skills,Internal,Failed,5,250.11,29,4
1997,2019-02-28,Production Technician II,WBL,Active,Part-Time,Zone B,Full-Time,Production       ,Wireline Construction,09-06-1990,MA,Female,Asian,Divorced,Fully Meets,3,2023-02-16,3,3,2,2023-04-29,Project Management,Internal,Failed,4,819.65,29,4
1998,2022-03-24,Production Technician II,NEL,Active,Full-Time,Zone C,Part-Time,Production       ,General - Con,21-02-1999,MA,Female,Black,Widowed,Fully Meets,3,2022-09-07,2,4,3,2022-12-01,Technical Skills,Internal,Completed,2,186.77,23,4
1999,2021-10-17,Production Technician II,PL,Active,Contract,Zone A,Temporary,Production       ,Field Operations,22-06-1943,MA,Female,Other,Widowed,Fully Meets,3,2023-07-12,3,2,2,2023-05-08,Technical Skills,External,Passed,4,633.67,78,4
2000,2022-05-13,Production Technician I,PYZ,Active,Full-Time,Zone A,Part-Time,Production       ,General - Con,07-07-1963,MA,Female,Black,Widowed,Fully Meets,3,2022-10-25,1,3,3,2023-03-20,Technical Skills,Internal,Incomplete,3,236.34,59,4
2001,2019-10-09,Production Technician I,SVG,Terminated,Contract,Zone B,Full-Time,Production       ,Yard (Material Handling),17-08-1977,MA,Female,White,Widowed,Fully Meets,3,2023-02-09,5,3,5,2023-05-04,Leadership Development,Internal,Incomplete,4,504.62,42,4
2002,2018-10-12,Production Technician I,TNS,Terminated,Contract,Zone B,Temporary,Production       ,General - Con,25-05-1990,MA,Female,White,Married,Fully Meets,3,2023-03-11,1,4,2,2022-10-26,Project Management,External,Incomplete,1,217.86,28,4
2003,2020-04-13,Production Technician I,WBL,Terminated,Contract,Zone B,Part-Time,Production       ,Shop (Fleet),01-07-1985,MA,Female,Other,Married,Fully Meets,3,2023-06-19,5,5,1,2022-12-12,Technical Skills,External,Completed,4,148.97,35,4
2004,2021-04-25,Production Technician I,PYZ,Active,Contract,Zone B,Full-Time,Production       ,Engineers,05-04-2001,MA,Female,Other,Divorced,Fully Meets,3,2023-05-05,3,3,4,2023-02-27,Leadership Development,Internal,Completed,1,628.83,20,4
2005,2018-12-21,Production Technician I,WBL,Active,Part-Time,Zone B,Part-Time,Production       ,Splicing,09-03-1947,MA,Female,Asian,Widowed,Fully Meets,3,2022-11-04,2,1,2,2023-04-22,Leadership Development,Internal,Completed,2,458.78,71,4
2006,2021-09-19,Production Technician I,NEL,Active,Contract,Zone C,Temporary,Production       ,Executive,23-10-1973,MA,Male,Other,Married,Fully Meets,3,2022-10-21,5,5,2,2022-12-22,Communication Skills,External,Completed,2,892.65,48,4
2007,2020-12-15,Production Technician I,PL,Active,Full-Time,Zone C,Temporary,Production       ,Splicing,05-05-1979,MA,Female,Black,Widowed,Fully Meets,3,2023-07-28,4,1,5,2023-02-28,Communication Skills,External,Passed,1,211.17,41,4
2008,2019-07-15,Production Technician I,BPC,Active,Part-Time,Zone A,Temporary,Production       ,Field Operations,03-09-1941,MA,Female,Asian,Widowed,Fully Meets,3,2023-03-17,1,2,2,2022-10-24,Project Management,External,Passed,2,478.95,78,4
2009,2021-11-17,Production Technician I,CCDR,Active,Contract,Zone C,Temporary,Production       ,Project Management - Con,01-10-1997,MA,Female,White,Widowed,Fully Meets,3,2023-02-27,5,2,2,2023-01-20,Customer Service,Internal,Incomplete,1,319.94,24,4
2010,2023-02-04,Production Technician I,SVG,Active,Part-Time,Zone B,Part-Time,Production       ,Catv,07-03-1949,MA,Female,Hispanic,Married,Fully Meets,3,2023-02-17,4,4,4,2022-08-22,Communication Skills,Internal,Passed,2,601.66,74,4
2011,2022-07-03,Production Technician I,EW,Active,Contract,Zone B,Temporary,Production       ,Finance & Accounting,06-08-1994,MA,Female,Asian,Married,Fully Meets,3,2023-01-27,3,2,2,2023-04-30,Leadership Development,Internal,Completed,1,999.96,28,4
2012,2020-01-24,Production Technician I,MSC,Active,Contract,Zone B,Full-Time,Production       ,General - Sga,06-06-1984,MA,Female,White,Single,Fully Meets,3,2023-07-26,2,3,2,2022-09-18,Communication Skills,External,Incomplete,2,138.67,36,4
2013,2019-07-07,Production Technician I,TNS,Active,Contract,Zone A,Temporary,Production       ,General - Con,08-04-1952,MA,Female,Black,Widowed,Fully Meets,3,2023-03-07,4,5,4,2023-02-21,Leadership Development,External,Failed,2,962.76,67,4
2014,2022-03-13,Production Technician II,EW,Active,Part-Time,Zone B,Temporary,Production       ,Splicing,11-11-1984,MA,Female,Asian,Divorced,Fully Meets,3,2022-08-07,2,5,4,2023-03-02,Technical Skills,External,Incomplete,4,106.88,38,4
2015,2023-06-02,Production Technician II,MSC,Active,Part-Time,Zone B,Part-Time,Production       ,Engineers,05-03-1992,MA,Female,White,Widowed,Fully Meets,3,2022-08-13,4,3,1,2022-09-30,Leadership Development,Internal,Passed,1,561.89,31,4
2016,2021-04-08,Production Technician II,NEL,Active,Contract,Zone C,Full-Time,Production       ,Field Operations,01-10-1958,MA,Female,White,Widowed,Fully Meets,3,2023-05-31,1,3,5,2022-09-13,Technical Skills,Internal,Incomplete,5,775.52,63,4
2017,2019-12-02,Production Technician II,PL,Active,Full-Time,Zone B,Part-Time,Production       ,Aerial,17-04-1971,MA,Female,Black,Single,Fully Meets,3,2023-07-11,2,5,4,2022-12-03,Communication Skills,External,Incomplete,4,397.01,48,4
2018,2022-03-09,Production Technician II,PYZ,Active,Contract,Zone C,Temporary,Production       ,Yard (Material Handling),27-01-1986,MA,Female,Asian,Divorced,Fully Meets,3,2022-10-31,5,2,1,2022-08-21,Customer Service,External,Incomplete,5,739.74,36,4
2019,2022-03-26,Production Technician II,SVG,Active,Full-Time,Zone C,Temporary,Production       ,Field Operations,08-01-1977,MA,Female,White,Widowed,Fully Meets,3,2023-03-21,2,1,4,2022-10-06,Technical Skills,External,Completed,2,789.2,45,4
2020,2021-05-08,Production Technician II,TNS,Active,Part-Time,Zone A,Full-Time,Production       ,Wireline Construction,14-02-1946,MA,Female,Black,Widowed,Fully Meets,3,2022-11-28,2,1,4,2022-08-18,Leadership Development,Internal,Failed,3,428.51,75,4
2021,2022-11-29,Production Technician II,WBL,Active,Part-Time,Zone A,Temporary,Production       ,Field Operations,11-12-1955,MA,Female,Asian,Widowed,Fully Meets,3,2022-08-28,1,3,4,2023-04-29,Project Management,External,Incomplete,4,646.72,67,4
2022,2019-05-24,Production Technician II,BPC,Active,Contract,Zone B,Part-Time,Production       ,Wireless,30-08-1941,MA,Female,White,Divorced,Fully Meets,3,2022-11-11,5,3,5,2022-10-09,Leadership Development,External,Incomplete,3,742.84,78,4
2023,2022-01-29,Production Technician II,CCDR,Active,Part-Time,Zone C,Part-Time,Production       ,General - Con,04-08-1962,MA,Female,Hispanic,Divorced,Fully Meets,3,2022-10-10,3,4,4,2022-11-25,Communication Skills,External,Incomplete,2,894.92,60,4
2024,2021-07-06,Production Technician II,EW,Active,Full-Time,Zone C,Full-Time,Production       ,Field Operations,25-03-1991,MA,Female,Asian,Single,Fully Meets,3,2022-10-25,2,1,5,2023-06-11,Communication Skills,External,Failed,1,222.56,30,4
2025,2021-01-29,Production Technician II,MSC,Active,Part-Time,Zone C,Temporary,Production       ,Field Operations,11-04-1975,MA,Female,Asian,Single,Fully Meets,3,2023-05-02,1,2,4,2023-01-17,Technical Skills,Internal,Passed,2,699.76,46,4
2026,2023-05-13,Production Technician I,SVG,Active,Contract,Zone A,Full-Time,Production       ,Field Operations,26-02-1970,MA,Female,Hispanic,Married,Fully Meets,3,2023-03-22,2,4,4,2022-08-08,Project Management,External,Incomplete,3,124.93,53,4
2027,2019-05-22,Production Technician I,EW,Active,Part-Time,Zone A,Full-Time,Production       ,Fielders,04-08-1974,MA,Female,Black,Single,Fully Meets,3,2023-06-15,3,1,3,2022-08-08,Technical Skills,External,Incomplete,5,664.12,45,4
2028,2021-09-30,Production Technician I,MSC,Terminated,Full-Time,Zone C,Temporary,Production       ,Field Operations,02-05-1981,MA,Female,Hispanic,Widowed,Fully Meets,3,2022-10-01,4,4,4,2023-02-18,Project Management,External,Passed,2,862.82,40,4
2029,2019-09-09,Production Technician I,TNS,Active,Contract,Zone C,Full-Time,Production       ,General - Eng,23-10-1943,MA,Female,Black,Single,Fully Meets,3,2022-09-30,2,5,1,2022-11-14,Project Management,External,Passed,1,813.01,76,4
2030,2019-04-26,Production Technician I,PYZ,Active,Full-Time,Zone B,Full-Time,Production       ,Wireline Construction,13-08-1982,MA,Female,Asian,Married,Fully Meets,3,2023-04-07,4,1,5,2023-07-28,Communication Skills,External,Incomplete,4,349.75,37,4
2031,2022-02-19,Production Technician I,WBL,Active,Full-Time,Zone C,Full-Time,Production       ,Project Management - Con,16-06-1977,MA,Male,Asian,Married,Fully Meets,3,2023-02-09,1,3,1,2023-07-25,Technical Skills,External,Failed,1,244.5,45,4
2032,2022-04-16,Production Technician I,NEL,Active,Contract,Zone C,Part-Time,Production       ,Field Operations,05-11-1996,MA,Male,Asian,Divorced,Fully Meets,3,2023-07-02,5,2,4,2022-11-21,Customer Service,Internal,Completed,3,873.52,26,4
2033,2022-05-12,Production Technician I,PL,Active,Full-Time,Zone A,Full-Time,Production       ,General - Con,28-01-1991,MA,Female,White,Divorced,Fully Meets,3,2022-10-10,4,1,5,2023-03-11,Leadership Development,External,Passed,1,358.65,31,4
2034,2021-08-26,Production Technician I,BPC,Active,Full-Time,Zone C,Part-Time,Production       ,Field Operations,19-01-1947,MA,Female,Asian,Married,Fully Meets,3,2023-01-30,2,4,1,2023-01-20,Technical Skills,Internal,Passed,1,632.33,74,4
2035,2020-06-06,Production Technician I,CCDR,Active,Full-Time,Zone C,Full-Time,Production       ,Aerial,14-03-2001,MA,Female,Asian,Married,Fully Meets,3,2023-01-11,4,2,3,2023-02-17,Customer Service,External,Failed,2,565.81,19,4
2036,2022-06-26,Production Technician I,SVG,Active,Contract,Zone A,Part-Time,Production       ,Aerial,18-02-1942,MA,Female,Asian,Single,Fully Meets,3,2023-03-18,4,3,4,2022-09-24,Communication Skills,Internal,Completed,3,849.04,80,4
2037,2021-01-09,Production Technician I,EW,Active,Contract,Zone C,Full-Time,Production       ,General - Con,27-08-1945,MA,Female,White,Married,Fully Meets,3,2023-01-28,2,5,4,2023-07-16,Leadership Development,Internal,Failed,1,519.43,76,4
2038,2018-09-02,Production Technician I,MSC,Active,Part-Time,Zone A,Temporary,Production       ,Splicing,04-05-2001,MA,Female,Black,Married,Fully Meets,3,2023-02-18,5,3,2,2022-08-13,Technical Skills,Internal,Passed,2,694.03,17,4
2039,2022-04-22,Production Technician I,TNS,Active,Full-Time,Zone B,Full-Time,Production       ,Field Operations,04-10-1957,MA,Female,White,Single,Fully Meets,3,2022-10-06,5,2,2,2023-05-24,Customer Service,External,Incomplete,1,738.69,65,4
2041,2022-09-13,Production Technician II,PL,Active,Part-Time,Zone C,Part-Time,Production       ,General - Con,18-04-1997,MA,Female,Black,Single,Fully Meets,3,2023-06-19,1,1,5,2022-09-25,Technical Skills,External,Completed,5,970.6,25,4
2042,2019-11-24,Production Technician II,BPC,Active,Part-Time,Zone C,Part-Time,Production       ,General - Con,29-02-1992,MA,Female,White,Married,Fully Meets,3,2023-06-24,5,2,1,2023-02-14,Customer Service,External,Passed,1,651.4,27,4
2043,2020-03-19,Production Technician II,CCDR,Active,Contract,Zone C,Part-Time,Production       ,Isp,21-09-1967,MA,Female,White,Married,Fully Meets,3,2023-06-07,1,3,3,2022-10-08,Project Management,Internal,Passed,5,809.68,53,4
2044,2022-09-14,Production Technician II,SVG,Active,Contract,Zone C,Full-Time,Production       ,Wireline Construction,20-02-1992,MA,Female,Black,Married,Fully Meets,3,2022-11-14,5,1,5,2023-08-05,Customer Service,External,Passed,5,570.91,30,4
2045,2021-09-21,Production Technician II,EW,Active,Part-Time,Zone A,Part-Time,Production       ,Fielders,19-11-1976,MA,Female,Other,Divorced,Fully Meets,3,2023-06-05,3,1,4,2023-05-04,Customer Service,Internal,Incomplete,1,852.72,45,4
2046,2020-05-22,Production Technician II,MSC,Active,Part-Time,Zone C,Part-Time,Production       ,Project Management - Con,26-10-1948,MA,Female,Asian,Widowed,Fully Meets,3,2023-03-03,2,2,4,2022-12-25,Technical Skills,Internal,Incomplete,1,787.98,72,4
2047,2022-12-13,Production Technician II,TNS,Active,Contract,Zone A,Part-Time,Production       ,Aerial,23-08-1966,MA,Female,White,Single,Fully Meets,3,2022-08-24,3,5,3,2022-08-15,Technical Skills,Internal,Failed,1,942.72,56,4
2048,2022-02-07,Production Technician II,PYZ,Active,Contract,Zone B,Part-Time,Production       ,Aerial,06-04-1995,MA,Female,Asian,Married,Fully Meets,3,2022-11-25,2,5,4,2022-11-02,Customer Service,External,Failed,2,626.4,27,4
2049,2020-10-06,Production Technician II,WBL,Active,Contract,Zone A,Full-Time,Production       ,Field Operations,07-05-1942,MA,Female,Asian,Widowed,Fully Meets,3,2023-06-06,3,1,3,2023-03-28,Project Management,Internal,Failed,4,765.68,78,4
2050,2022-01-11,Production Technician II,NEL,Active,Full-Time,Zone C,Full-Time,Production       ,Wireless,03-02-1953,MA,Female,White,Widowed,Fully Meets,3,2023-04-03,5,4,5,2022-12-13,Communication Skills,Internal,Completed,3,904.54,69,4
2051,2022-02-26,Production Technician I,CCDR,Active,Part-Time,Zone C,Temporary,Production       ,Field Operations,13-04-1999,MA,Female,Black,Single,Fully Meets,3,2022-08-12,5,2,4,2023-03-17,Project Management,Internal,Incomplete,2,761.28,23,4
2052,2020-06-10,Production Technician I,SVG,Active,Part-Time,Zone B,Part-Time,Production       ,Field Operations,12-05-1956,MA,Female,Hispanic,Married,Fully Meets,3,2023-07-06,1,4,4,2022-11-06,Project Management,Internal,Completed,4,507.49,64,4
2053,2021-09-27,Production Technician I,EW,Active,Part-Time,Zone B,Temporary,Production       ,Engineers,09-02-1989,MA,Female,White,Divorced,Fully Meets,3,2023-06-23,5,3,1,2023-05-13,Leadership Development,Internal,Incomplete,5,862.9,32,4
2054,2018-10-25,Production Technician I,MSC,Active,Contract,Zone C,Temporary,Production       ,Project Management - Con,30-12-1993,MA,Female,Black,Married,Fully Meets,3,2023-02-04,4,5,3,2023-06-06,Leadership Development,Internal,Incomplete,4,528.18,25,4
2055,2020-11-25,Production Technician I,TNS,Active,Contract,Zone A,Full-Time,Production       ,Engineers,19-07-1989,MA,Female,White,Divorced,Fully Meets,3,2022-10-28,5,4,2,2022-11-08,Technical Skills,External,Passed,2,805.7,31,4
2056,2020-04-17,Production Technician I,PYZ,Active,Contract,Zone A,Full-Time,Production       ,Field Operations,25-07-1957,MA,Female,White,Divorced,Fully Meets,3,2023-07-12,3,4,1,2023-02-02,Technical Skills,External,Failed,1,190.55,63,4
2057,2021-04-15,Production Technician I,WBL,Active,Contract,Zone C,Part-Time,Production       ,Field Operations,14-12-1964,MA,Male,Hispanic,Married,Fully Meets,3,2023-05-06,4,1,3,2023-01-01,Customer Service,Internal,Failed,3,605.36,57,4
2058,2022-04-17,Production Technician I,NEL,Active,Full-Time,Zone A,Temporary,Production       ,Field Operations,13-01-1984,MA,Male,White,Divorced,Fully Meets,3,2023-05-29,5,5,4,2022-12-31,Customer Service,Internal,Passed,1,338.16,38,4
2059,2023-07-29,Production Technician I,PL,Terminated,Full-Time,Zone C,Temporary,Production       ,General - Con,27-07-1987,MA,Female,White,Married,Fully Meets,3,2023-05-09,4,4,5,2023-05-06,Customer Service,External,Completed,3,969.03,36,4
2060,2023-01-26,Production Technician I,BPC,Active,Part-Time,Zone C,Part-Time,Production       ,Field Operations,18-09-1942,MA,Female,Asian,Divorced,Fully Meets,3,2023-06-26,5,5,5,2023-07-23,Project Management,External,Failed,3,442.39,81,4
2061,2018-12-12,Production Technician I,CCDR,Active,Full-Time,Zone A,Full-Time,Production       ,Engineers,06-08-1946,MA,Female,Other,Married,Fully Meets,3,2023-05-26,2,4,3,2023-03-15,Technical Skills,External,Incomplete,1,952.69,72,4
2062,2018-10-25,Production Technician I,SVG,Active,Contract,Zone C,Temporary,Production       ,Project Management - Con,18-07-1950,MA,Female,Hispanic,Single,Fully Meets,3,2022-09-05,4,1,2,2023-05-20,Project Management,External,Passed,1,842.36,68,4
2063,2021-05-20,Production Technician I,EW,Active,Contract,Zone B,Full-Time,Production       ,Aerial,26-03-1944,MA,Female,Hispanic,Married,Fully Meets,3,2023-04-06,4,5,3,2023-01-01,Technical Skills,External,Failed,5,333.78,77,4
2064,2020-08-28,Production Technician I,MSC,Active,Part-Time,Zone C,Full-Time,Production       ,Finance & Accounting,10-05-1964,MA,Female,White,Single,Fully Meets,3,2023-03-13,1,3,5,2022-09-10,Technical Skills,Internal,Passed,2,343.22,56,4
2065,2020-05-10,Production Technician II,EW,Active,Contract,Zone C,Full-Time,Production       ,Field Operations,29-02-1972,MA,Female,Other,Single,Fully Meets,3,2023-01-13,5,4,4,2023-05-15,Leadership Development,Internal,Failed,1,283.86,48,4
2066,2023-08-04,Production Technician II,MSC,Active,Contract,Zone A,Full-Time,Production       ,Project Management - Con,25-05-1989,MA,Female,Asian,Single,Fully Meets,3,2022-10-08,1,5,1,2022-09-03,Customer Service,Internal,Passed,5,107.29,34,4
2067,2022-04-22,Production Technician II,NEL,Active,Full-Time,Zone C,Part-Time,Production       ,Engineers,20-10-1949,MA,Female,White,Divorced,Fully Meets,3,2023-03-14,5,2,1,2023-05-10,Leadership Development,External,Failed,4,320.87,73,4
2068,2021-06-05,Production Technician II,PL,Active,Contract,Zone C,Part-Time,Production       ,Field Operations,07-09-1962,MA,Female,White,Divorced,Fully Meets,3,2022-08-22,4,3,5,2023-02-03,Leadership Development,Internal,Incomplete,3,670.68,59,4
2069,2022-06-29,Production Technician II,PYZ,Active,Full-Time,Zone C,Temporary,Production       ,Wireline Construction,25-12-1991,MA,Female,Other,Widowed,Fully Meets,3,2023-07-22,3,1,5,2023-05-10,Communication Skills,External,Incomplete,3,685.62,31,4
2070,2022-07-02,Production Technician II,SVG,Active,Contract,Zone A,Full-Time,Production       ,Field Operations,20-02-1969,MA,Female,White,Divorced,Fully Meets,3,2023-02-23,3,4,5,2023-04-12,Technical Skills,Internal,Completed,5,842.88,53,4
2071,2023-01-04,Production Technician II,TNS,Active,Contract,Zone A,Full-Time,Production       ,Wireline Construction,14-05-1977,MA,Female,White,Widowed,Fully Meets,3,2022-09-15,2,1,5,2023-02-09,Technical Skills,Internal,Incomplete,5,735.7,46,4
2072,2023-07-08,Production Technician II,WBL,Active,Contract,Zone A,Temporary,Production       ,Project Management - Con,07-09-1980,MA,Female,White,Single,Fully Meets,3,2022-09-21,5,4,1,2023-06-17,Customer Service,Internal,Passed,5,974.31,43,4
2073,2023-03-03,Production Technician II,PYZ,Active,Part-Time,Zone B,Full-Time,Production       ,Field Operations,18-07-1956,MA,Female,Hispanic,Single,Fully Meets,3,2023-02-12,1,2,2,2023-08-03,Project Management,Internal,Incomplete,3,760.53,67,4
2074,2019-08-19,Production Technician II,WBL,Active,Part-Time,Zone B,Full-Time,Production       ,Field Operations,25-11-1967,MA,Female,Hispanic,Widowed,Fully Meets,3,2023-07-05,3,2,4,2022-09-20,Project Management,Internal,Passed,5,640.97,52,4
2075,2018-10-30,Production Technician I,NEL,Active,Contract,Zone A,Full-Time,Production       ,Project Management - Con,13-10-1976,MA,Female,Other,Married,Fully Meets,3,2023-02-27,4,5,2,2022-10-27,Customer Service,External,Incomplete,5,807.49,42,4
2076,2021-12-07,Production Technician I,PL,Active,Full-Time,Zone A,Full-Time,Production       ,Field Operations,27-07-1943,MA,Female,Black,Divorced,Fully Meets,3,2023-01-07,5,5,1,2022-11-08,Communication Skills,Internal,Completed,3,350.22,78,4
2077,2020-11-18,Production Technician I,PYZ,Active,Full-Time,Zone A,Temporary,Production       ,General - Con,25-12-1943,MA,Female,Asian,Married,Fully Meets,3,2023-07-26,4,1,1,2023-04-07,Communication Skills,Internal,Completed,4,447.67,77,4
2078,2018-09-26,Production Technician I,SVG,Terminated,Full-Time,Zone B,Temporary,Production       ,Field Operations,26-10-1986,MA,Female,White,Single,Fully Meets,3,2022-10-21,5,5,2,2022-08-07,Communication Skills,Internal,Incomplete,5,737.61,32,4
2079,2022-06-19,Production Technician I,TNS,Active,Part-Time,Zone B,Part-Time,Production       ,General - Con,12-06-1956,MA,Female,White,Married,Fully Meets,3,2023-03-03,4,2,3,2023-01-15,Leadership Development,External,Completed,4,444.96,66,4
2080,2022-09-15,Production Technician I,WBL,Active,Contract,Zone B,Temporary,Production       ,Catv,03-11-1960,MA,Female,Other,Married,Fully Meets,3,2023-02-12,4,1,4,2023-06-09,Project Management,External,Failed,1,605.05,62,4
2081,2020-05-09,Production Technician I,BPC,Active,Part-Time,Zone A,Temporary,Production       ,Engineers,08-06-1988,MA,Female,Asian,Married,Fully Meets,3,2023-02-21,1,1,4,2023-05-14,Customer Service,External,Failed,4,744.4,32,4
2082,2021-02-17,Production Technician I,CCDR,Active,Contract,Zone C,Temporary,Production       ,Field Operations,08-01-1961,MA,Male,Black,Single,Fully Meets,3,2023-01-01,4,2,4,2022-08-09,Customer Service,External,Incomplete,1,230.77,60,4
2083,2020-04-12,Production Technician I,EW,Active,Contract,Zone C,Temporary,Production       ,Engineers,16-05-1981,MA,Female,Hispanic,Divorced,Fully Meets,3,2023-06-26,2,2,4,2022-12-21,Project Management,External,Incomplete,5,569.44,39,4
2084,2021-03-30,Production Technician I,MSC,Active,Contract,Zone B,Full-Time,Production       ,Sales & Marketing,06-02-1971,MA,Female,Hispanic,Divorced,Fully Meets,3,2023-05-26,3,2,2,2023-02-02,Project Management,External,Passed,1,677.67,50,4
2085,2019-05-05,Production Technician I,NEL,Active,Contract,Zone C,Full-Time,Production       ,Engineers,12-07-1999,MA,Female,Asian,Married,Fully Meets,3,2022-10-13,3,4,4,2023-03-29,Project Management,External,Incomplete,1,963.42,20,4
2086,2021-05-31,Production Technician I,PL,Active,Contract,Zone A,Part-Time,Production       ,General - Con,14-11-1978,MA,Female,Asian,Divorced,Fully Meets,3,2022-08-05,5,4,3,2023-04-03,Communication Skills,External,Completed,3,488.66,43,4
2087,2019-11-21,Production Technician I,PYZ,Active,Part-Time,Zone A,Full-Time,Production       ,Field Operations,19-12-1959,MA,Female,Black,Widowed,Fully Meets,3,2022-11-14,4,4,1,2023-04-02,Leadership Development,Internal,Completed,3,450.94,60,4
2088,2019-07-19,Production Technician I,SVG,Active,Contract,Zone B,Full-Time,Production       ,Yard (Material Handling),27-05-1960,MA,Female,White,Divorced,Fully Meets,3,2022-12-21,2,1,2,2023-02-09,Communication Skills,External,Completed,3,407.99,59,4
2089,2018-12-29,Production Technician I,TNS,Active,Contract,Zone C,Part-Time,Production       ,Technology / It,04-06-1966,MA,Female,White,Married,Fully Meets,3,2023-06-16,5,3,3,2023-01-04,Communication Skills,Internal,Completed,2,423.31,52,4
2090,2023-01-12,Production Technician II,EW,Active,Part-Time,Zone B,Full-Time,Production       ,General - Sga,30-10-1942,MA,Female,Asian,Divorced,Fully Meets,3,2023-07-23,3,4,3,2022-10-23,Leadership Development,Internal,Incomplete,1,189.64,81,4
2091,2022-11-25,Production Technician II,MSC,Active,Contract,Zone C,Part-Time,Production       ,Field Operations,14-03-1999,MA,Female,Black,Single,Fully Meets,3,2023-02-21,3,1,1,2023-07-20,Leadership Development,Internal,Incomplete,3,102.77,23,4
2092,2019-11-13,Production Technician II,NEL,Active,Part-Time,Zone C,Full-Time,Production       ,Field Operations,09-09-1987,MA,Female,Asian,Widowed,Fully Meets,3,2023-07-24,1,2,3,2023-03-13,Communication Skills,External,Completed,5,246.13,32,4
2093,2020-09-08,Production Technician II,PL,Active,Contract,Zone A,Temporary,Production       ,General - Con,06-05-1948,MA,Female,Hispanic,Married,Fully Meets,3,2023-02-01,2,3,1,2023-04-23,Leadership Development,External,Failed,5,628.62,72,4
2094,2019-06-16,Production Technician II,PYZ,Active,Part-Time,Zone C,Part-Time,Production       ,Field Operations,12-01-1964,MA,Female,Black,Married,Fully Meets,3,2022-08-25,2,5,5,2023-03-11,Leadership Development,Internal,Passed,4,739.32,55,4
2095,2023-07-14,Production Technician II,SVG,Active,Full-Time,Zone A,Full-Time,Production       ,Project Management - Con,19-10-1997,MA,Female,Other,Divorced,Fully Meets,3,2023-07-21,5,3,1,2022-11-14,Leadership Development,Internal,Passed,3,773.16,26,4
2096,2023-07-18,Production Technician II,TNS,Active,Contract,Zone C,Full-Time,Production       ,Field Operations,17-07-1985,MA,Female,Black,Single,Fully Meets,3,2023-05-28,3,4,4,2023-04-25,Communication Skills,External,Completed,3,838.65,38,4
2097,2018-12-06,Production Technician II,WBL,Active,Part-Time,Zone C,Full-Time,Production       ,Aerial,25-02-1964,MA,Female,Black,Widowed,PIP,2,2022-08-30,2,1,4,2022-11-26,Technical Skills,External,Incomplete,3,426.55,54,1
2098,2020-07-15,Production Technician II,BPC,Active,Part-Time,Zone B,Temporary,Production       ,Catv,19-05-1950,MA,Female,Other,Divorced,PIP,5,2023-02-01,2,4,1,2022-09-25,Project Management,External,Incomplete,2,254.35,70,1
2099,2018-10-30,Production Technician I,BPC,Active,Full-Time,Zone B,Part-Time,Production       ,General - Sga,29-03-1969,MA,Female,Hispanic,Widowed,PIP,4,2023-03-26,1,4,5,2023-02-28,Customer Service,External,Completed,2,829.08,49,1
2100,2022-09-13,Production Technician I,CCDR,Active,Contract,Zone A,Temporary,Production       ,Aerial,24-11-1944,MA,Female,Other,Divorced,Exceeds,4,2023-01-09,1,1,1,2023-04-29,Communication Skills,External,Incomplete,2,710.31,78,5
2101,2022-12-28,Production Technician I,SVG,Terminated,Full-Time,Zone B,Temporary,Production       ,Fielders,13-12-1964,MA,Female,Hispanic,Married,PIP,5,2023-01-10,4,4,2,2023-06-29,Leadership Development,External,Completed,1,751.81,58,1
2102,2023-03-24,Production Technician I,EW,Active,Part-Time,Zone B,Part-Time,Production       ,Field Operations,23-01-1966,MA,Female,Asian,Single,Exceeds,2,2023-07-16,1,1,3,2023-05-04,Communication Skills,Internal,Passed,1,598.51,57,5
2103,2020-10-02,Production Technician I,MSC,Active,Contract,Zone A,Full-Time,Production       ,Field Operations,25-12-1986,MA,Female,Asian,Widowed,Exceeds,5,2023-02-16,1,4,5,2022-09-06,Technical Skills,Internal,Incomplete,3,958.29,34,5
2104,2020-09-14,Production Technician I,TNS,Active,Contract,Zone A,Temporary,Production       ,Field Operations,19-08-1949,MA,Female,Hispanic,Widowed,Exceeds,2,2023-06-10,1,4,3,2022-10-14,Technical Skills,External,Completed,5,200.34,71,5
2105,2020-01-19,Production Technician I,PYZ,Active,Part-Time,Zone C,Part-Time,Production       ,General - Sga,27-01-1960,MA,Female,Hispanic,Single,Needs Improvement,4,2023-07-24,3,4,2,2022-11-10,Technical Skills,External,Completed,3,365.03,60,2
2106,2019-04-14,Production Technician I,WBL,Active,Contract,Zone C,Temporary,Production       ,Wireline Construction,14-11-1962,MA,Male,White,Widowed,Exceeds,2,2022-10-28,5,5,1,2023-07-15,Customer Service,Internal,Passed,4,782.43,57,5
2107,2023-06-02,Production Technician I,NEL,Active,Contract,Zone B,Temporary,Production       ,Field Operations,27-12-1943,MA,Female,Hispanic,Widowed,Exceeds,1,2022-11-25,4,1,1,2023-03-05,Communication Skills,External,Passed,1,668.91,80,5
2108,2022-05-09,Production Technician I,PL,Terminated,Part-Time,Zone A,Temporary,Production       ,Field Operations,19-09-1978,MA,Female,White,Widowed,Needs Improvement,2,2023-04-10,1,2,4,2022-09-05,Customer Service,Internal,Completed,5,804.37,44,2
2109,2021-02-23,Production Technician I,BPC,Active,Part-Time,Zone C,Part-Time,Production       ,Field Operations,22-11-1988,MA,Female,Other,Divorced,Exceeds,5,2023-04-04,3,3,5,2023-04-18,Project Management,External,Failed,3,869.94,33,5
2110,2021-06-04,Production Technician I,CCDR,Active,Contract,Zone C,Temporary,Production       ,General - Sga,13-05-1948,MA,Female,Black,Single,Exceeds,4,2022-11-13,1,4,2,2022-12-30,Communication Skills,Internal,Passed,4,399.55,73,5
2111,2022-03-29,Production Technician I,SVG,Active,Full-Time,Zone A,Temporary,Production       ,General - Con,17-05-1957,MA,Female,Asian,Single,Needs Improvement,5,2023-04-26,2,3,1,2022-11-17,Customer Service,Internal,Passed,4,470.24,65,2
2112,2019-07-30,Production Technician I,EW,Active,Part-Time,Zone B,Temporary,Production       ,Engineers,24-09-1943,MA,Female,Other,Widowed,Exceeds,4,2023-02-01,4,3,1,2022-09-17,Customer Service,External,Failed,2,157.04,76,5
2113,2020-07-09,Production Technician I,MSC,Active,Part-Time,Zone B,Full-Time,Production       ,General - Con,20-10-1944,MA,Female,White,Widowed,Exceeds,2,2022-08-31,5,1,5,2022-08-18,Project Management,Internal,Passed,2,394.54,76,5
2114,2019-08-24,Production Technician II,NEL,Active,Contract,Zone C,Part-Time,Production       ,Engineers,24-04-1992,MA,Female,White,Single,Exceeds,4,2023-02-08,5,4,1,2023-02-26,Communication Skills,External,Completed,2,326.98,27,5
2115,2019-04-15,Production Technician II,PL,Active,Contract,Zone A,Part-Time,Production       ,Billable Consultants,30-03-1978,MA,Female,Asian,Married,Exceeds,2,2023-01-25,5,2,1,2022-09-24,Leadership Development,Internal,Incomplete,5,752.82,41,5
2116,2021-08-21,Production Technician II,BPC,Active,Part-Time,Zone C,Full-Time,Production       ,Engineers,03-09-1946,MA,Female,Black,Divorced,Needs Improvement,4,2023-05-11,1,4,2,2022-08-26,Leadership Development,Internal,Completed,2,990.89,75,2
2117,2020-06-22,Production Technician II,CCDR,Active,Full-Time,Zone B,Full-Time,Production       ,Field Operations,17-05-1993,MA,Female,Hispanic,Divorced,Exceeds,2,2022-11-16,2,3,2,2023-05-27,Customer Service,External,Incomplete,4,531.69,27,5
2118,2020-01-28,Production Technician II,SVG,Active,Part-Time,Zone C,Temporary,Production       ,Project Management - Eng,06-11-2000,MA,Female,White,Widowed,Exceeds,5,2023-03-20,3,2,4,2023-04-21,Leadership Development,Internal,Completed,3,384.28,20,5
2119,2019-03-29,Production Technician II,EW,Active,Part-Time,Zone A,Temporary,Production       ,General - Con,10-09-1941,MA,Female,White,Married,Exceeds,5,2023-05-27,1,2,3,2023-07-15,Technical Skills,External,Passed,5,803.08,78,5
2120,2018-10-05,Production Technician II,MSC,Active,Contract,Zone C,Full-Time,Production       ,Wireline Construction,17-01-1967,MA,Female,Asian,Divorced,Needs Improvement,2,2022-09-05,4,4,1,2023-05-22,Project Management,External,Incomplete,1,131.78,51,2
2121,2020-08-20,Production Technician II,TNS,Active,Part-Time,Zone A,Full-Time,Production       ,Splicing,11-09-1998,MA,Female,Asian,Married,Exceeds,5,2023-01-29,4,1,3,2022-12-31,Project Management,Internal,Passed,2,459.39,22,5
2122,2021-06-11,Production Technician I,BPC,Active,Full-Time,Zone C,Temporary,Production       ,General - Con,21-10-1975,MA,Female,Asian,Married,Needs Improvement,5,2023-01-25,3,3,2,2023-01-02,Technical Skills,External,Passed,1,949.46,46,2
2123,2021-09-10,Production Technician I,CCDR,Active,Contract,Zone B,Temporary,Production       ,Catv,12-02-1979,MA,Female,White,Widowed,Exceeds,2,2022-10-29,3,5,3,2022-09-23,Project Management,External,Failed,4,169.71,42,5
2124,2023-02-21,Production Technician I,SVG,Terminated,Contract,Zone B,Temporary,Production       ,Wireline Construction,09-08-1950,MA,Female,White,Single,Exceeds,2,2023-04-21,4,1,5,2023-04-26,Leadership Development,Internal,Completed,2,238.23,73,5
2125,2019-08-09,Production Technician I,EW,Active,Full-Time,Zone B,Part-Time,Production       ,Engineers,30-05-2001,MA,Female,White,Divorced,Exceeds,4,2022-09-23,4,5,3,2022-08-19,Communication Skills,External,Incomplete,2,486.63,18,5
2126,2021-03-08,Production Technician I,MSC,Active,Part-Time,Zone C,Temporary,Production       ,Technology / It,20-06-1969,MA,Female,Black,Married,PIP,1,2023-04-14,3,4,4,2023-01-24,Communication Skills,External,Failed,2,692.5,52,1
2127,2019-07-20,Production Technician I,TNS,Active,Contract,Zone A,Part-Time,Production       ,Field Operations,26-11-1953,MA,Female,Black,Single,Needs Improvement,4,2023-08-01,2,2,3,2023-04-03,Leadership Development,Internal,Passed,5,119.71,66,2
2128,2023-03-27,Production Technician I,PYZ,Active,Full-Time,Zone A,Temporary,Production       ,Field Operations,02-10-1955,MA,Female,Black,Widowed,Needs Improvement,2,2023-04-01,1,3,1,2022-12-22,Project Management,External,Passed,2,168.47,68,2
2129,2019-10-07,Production Technician I,WBL,Active,Part-Time,Zone B,Temporary,Production       ,Field Operations,02-02-1988,MA,Male,Other,Divorced,Needs Improvement,2,2022-09-30,5,5,2,2023-03-03,Communication Skills,External,Incomplete,4,951.82,31,2
2130,2022-12-13,Production Technician I,NEL,Active,Contract,Zone C,Part-Time,Production       ,Field Operations,24-02-1973,MA,Female,Other,Married,Needs Improvement,1,2023-03-30,3,5,2,2022-11-21,Project Management,Internal,Completed,4,444.22,49,2
2131,2020-06-06,Production Technician I,PL,Terminated,Part-Time,Zone C,Part-Time,Production       ,Field Operations,12-03-1951,MA,Female,Black,Widowed,Needs Improvement,4,2022-12-28,1,2,1,2023-01-21,Project Management,Internal,Passed,5,591.83,69,2
2132,2022-04-25,Production Technician I,BPC,Active,Full-Time,Zone A,Full-Time,Production       ,Fielders,18-06-1964,MA,Female,Other,Widowed,Needs Improvement,2,2022-12-15,2,3,3,2022-09-15,Communication Skills,Internal,Passed,5,936.77,58,2
2133,2020-07-28,Production Technician I,CCDR,Active,Contract,Zone A,Full-Time,Production       ,Field Operations,20-08-1974,MA,Female,Black,Single,PIP,1,2023-03-02,2,3,2,2023-03-16,Technical Skills,External,Passed,4,797.13,46,1
2134,2022-02-28,Production Technician I,SVG,Active,Part-Time,Zone B,Temporary,Production       ,Aerial,09-07-2001,MA,Female,Hispanic,Widowed,Exceeds,2,2023-02-27,4,2,5,2022-10-20,Technical Skills,Internal,Completed,1,420.72,21,5
2135,2021-10-25,Production Technician I,EW,Active,Contract,Zone A,Part-Time,Production       ,Engineers,25-04-1955,MA,Female,Asian,Married,Exceeds,2,2023-08-02,2,2,4,2022-11-21,Technical Skills,Internal,Completed,5,218.13,66,5
2136,2018-09-12,Production Technician I,MSC,Active,Part-Time,Zone A,Part-Time,Production       ,Underground,08-10-1991,MA,Female,Other,Divorced,Exceeds,1,2023-02-18,2,2,2,2022-11-28,Communication Skills,Internal,Incomplete,1,659.25,27,5
2138,2021-11-04,Production Technician II,EW,Active,Contract,Zone C,Temporary,Production       ,Project Management - Con,11-08-1966,MA,Female,Hispanic,Divorced,Exceeds,2,2022-08-22,1,5,2,2022-08-17,Project Management,Internal,Completed,3,282.21,55,5
2139,2020-05-05,Production Technician II,MSC,Active,Part-Time,Zone B,Full-Time,Production       ,Aerial,30-03-1968,MA,Female,White,Widowed,Exceeds,2,2023-05-05,1,4,4,2023-05-21,Technical Skills,Internal,Passed,2,935.49,52,5
2140,2020-12-08,Production Technician II,NEL,Active,Contract,Zone A,Part-Time,Production       ,Engineers,22-08-1969,MA,Female,Black,Widowed,Exceeds,2,2023-05-11,4,5,4,2023-04-27,Project Management,External,Completed,3,264.84,51,5
2141,2018-09-29,Production Technician II,PL,Active,Contract,Zone C,Full-Time,Production       ,Aerial,25-07-1946,MA,Female,Hispanic,Married,Exceeds,2,2022-11-14,2,3,3,2023-06-07,Customer Service,Internal,Completed,1,619.72,72,5
2142,2020-01-09,Production Technician II,PYZ,Active,Contract,Zone A,Temporary,Production       ,Engineers,25-01-1965,MA,Female,Other,Widowed,Exceeds,2,2023-05-06,2,5,1,2023-01-11,Leadership Development,Internal,Failed,3,248.83,55,5
2144,2022-08-25,Production Technician II,TNS,Active,Full-Time,Zone B,Temporary,Production       ,Field Operations,28-01-1998,MA,Female,Hispanic,Divorced,Exceeds,2,2023-06-09,2,5,4,2023-01-26,Communication Skills,Internal,Completed,4,474.09,24,5
2145,2019-02-27,Production Technician II,WBL,Active,Full-Time,Zone A,Full-Time,Production       ,General - Sga,04-10-1989,MA,Female,Other,Divorced,Exceeds,1,2023-05-19,3,3,5,2022-12-05,Project Management,External,Failed,4,251.83,30,5
2146,2019-12-25,Production Technician I,MSC,Terminated,Full-Time,Zone A,Temporary,Production       ,Splicing,03-11-1943,MA,Female,Other,Divorced,Exceeds,2,2023-02-24,3,1,1,2023-03-09,Leadership Development,External,Completed,1,386.89,76,5
2147,2020-08-14,Production Technician I,NEL,Active,Contract,Zone B,Temporary,Production       ,Aerial,06-11-1981,MA,Female,Hispanic,Divorced,Exceeds,4,2022-11-03,2,1,2,2023-01-25,Technical Skills,External,Passed,3,535.19,39,5
2148,2021-07-30,Production Technician I,PL,Active,Full-Time,Zone A,Full-Time,Production       ,Splicing,21-04-1949,MA,Female,Black,Widowed,Exceeds,5,2023-06-12,1,1,2,2023-04-16,Communication Skills,Internal,Passed,1,409.66,72,5
2149,2021-05-02,Production Technician I,PYZ,Terminated,Full-Time,Zone A,Temporary,Production       ,Project Management - Con,26-03-1997,MA,Female,White,Single,Exceeds,5,2023-05-21,5,3,5,2023-05-08,Technical Skills,Internal,Failed,2,747.63,24,5
2150,2023-01-21,Production Technician I,SVG,Active,Full-Time,Zone B,Full-Time,Production       ,Splicing,06-10-1971,MA,Female,Asian,Widowed,Exceeds,5,2022-11-26,2,1,1,2023-08-03,Project Management,External,Incomplete,3,794.12,52,5
2151,2021-01-20,Production Technician I,TNS,Active,Contract,Zone B,Temporary,Production       ,Fielders,05-12-1950,MA,Female,Hispanic,Married,Exceeds,1,2023-04-11,4,4,4,2023-03-10,Leadership Development,External,Failed,3,845.94,71,5
2152,2020-10-07,Production Technician I,WBL,Active,Part-Time,Zone C,Temporary,Production       ,Engineers,07-01-1956,MA,Female,White,Widowed,Exceeds,2,2023-03-30,3,1,4,2022-10-15,Communication Skills,External,Completed,4,606.89,64,5
2153,2019-06-15,Production Technician I,BPC,Active,Contract,Zone C,Part-Time,Production       ,Project Management - Con,10-09-1944,MA,Female,Other,Married,Exceeds,4,2023-01-19,3,5,3,2023-02-24,Customer Service,Internal,Completed,2,190.07,75,5
2154,2022-04-28,Production Technician I,CCDR,Active,Part-Time,Zone A,Temporary,Production       ,Field Operations,08-09-1975,MA,Male,Other,Married,Exceeds,4,2023-05-18,1,3,2,2023-03-11,Project Management,External,Failed,4,795.38,47,5
2155,2019-06-29,Production Technician I,EW,Terminated,Part-Time,Zone B,Full-Time,Production       ,Finance & Accounting,24-02-1942,MA,Female,Other,Single,Exceeds,4,2023-03-13,1,2,4,2023-03-21,Customer Service,Internal,Passed,1,972.82,77,5
2156,2018-09-11,Production Technician I,MSC,Active,Part-Time,Zone B,Temporary,Production       ,Executive,29-01-1989,MA,Female,Black,Widowed,Exceeds,3,2023-03-03,5,1,3,2023-01-19,Customer Service,Internal,Failed,2,763.44,29,5
2157,2020-05-15,Production Technician I,NEL,Active,Contract,Zone A,Full-Time,Production       ,General - Sga,02-02-1950,MA,Female,Asian,Married,Exceeds,4,2022-12-10,4,2,5,2022-10-02,Leadership Development,Internal,Incomplete,1,152.69,70,5
2158,2023-02-23,Production Technician I,PL,Active,Full-Time,Zone B,Full-Time,Production       ,Field Operations,07-07-1962,MA,Female,White,Married,Exceeds,3,2023-01-04,2,4,3,2023-04-06,Communication Skills,External,Failed,1,989.3,61,5
2159,2021-03-23,Production Technician I,PYZ,Active,Full-Time,Zone C,Temporary,Production       ,Aerial,31-05-1983,MA,Female,White,Widowed,Exceeds,5,2022-09-20,1,1,1,2023-01-24,Customer Service,External,Completed,3,833.52,38,5
2160,2022-11-07,Production Technician I,SVG,Active,Full-Time,Zone A,Part-Time,Production       ,General - Con,22-05-1988,MA,Female,Other,Married,Exceeds,3,2023-01-20,1,1,5,2023-06-16,Customer Service,Internal,Completed,5,329.65,34,5
2161,2021-05-19,Production Technician I,TNS,Active,Contract,Zone C,Full-Time,Production       ,Project Management - Con,26-05-1951,MA,Female,Asian,Single,Exceeds,3,2023-05-27,1,4,3,2022-09-29,Communication Skills,Internal,Completed,1,443.04,70,5
2162,2021-01-02,Production Technician II,WBL,Active,Full-Time,Zone B,Temporary,Production       ,Project Management - Con,05-04-1970,MA,Female,Asian,Married,Exceeds,3,2023-02-17,3,5,4,2023-06-03,Project Management,External,Incomplete,5,136.81,51,5
2163,2019-03-26,Production Technician II,NEL,Active,Contract,Zone B,Full-Time,Production       ,General - Sga,19-11-1966,MA,Female,White,Married,Exceeds,1,2023-01-12,5,5,4,2023-01-19,Communication Skills,Internal,Failed,3,665.2,53,5
2164,2020-09-28,Production Technician II,PL,Active,Part-Time,Zone C,Full-Time,Production       ,General - Eng,27-07-1950,MA,Female,Black,Divorced,Exceeds,3,2022-12-09,3,1,3,2023-06-11,Technical Skills,Internal,Incomplete,2,978.55,70,5
2165,2019-03-16,Production Technician II,BPC,Active,Contract,Zone C,Full-Time,Production       ,Field Operations,06-02-1948,MA,Female,Asian,Divorced,Exceeds,3,2022-10-28,5,3,3,2023-07-23,Project Management,External,Failed,4,652.57,71,5
2166,2019-03-20,Production Technician II,CCDR,Active,Contract,Zone B,Part-Time,Production       ,Field Operations,09-09-1997,MA,Female,Asian,Widowed,Exceeds,3,2023-01-16,2,2,1,2022-10-02,Technical Skills,External,Passed,2,953.59,22,5
2168,2018-08-08,Production Technician II,EW,Active,Part-Time,Zone B,Full-Time,Production       ,Field Operations,16-01-1995,MA,Female,Black,Divorced,Exceeds,3,2023-01-08,5,1,4,2023-08-01,Customer Service,Internal,Incomplete,2,851.51,23,5
2169,2020-07-04,Production Technician II,MSC,Active,Full-Time,Zone A,Full-Time,Production       ,General - Con,26-12-1995,MA,Female,Black,Widowed,Exceeds,3,2023-04-18,5,2,4,2023-03-17,Customer Service,External,Failed,1,200.13,25,5
2170,2023-01-29,Production Technician I,PL,Active,Full-Time,Zone C,Part-Time,Production       ,Wireline Construction,17-06-1950,MA,Female,Black,Widowed,Exceeds,3,2023-01-30,1,5,2,2023-03-14,Leadership Development,External,Completed,2,347.4,73,5
2171,2021-08-09,Production Technician I,BPC,Active,Full-Time,Zone A,Part-Time,Production       ,Executive,11-02-1992,MA,Female,Hispanic,Married,Exceeds,3,2023-03-16,1,3,2,2023-06-19,Communication Skills,External,Passed,3,243.07,29,5
2172,2021-05-16,Production Technician I,CCDR,Terminated,Part-Time,Zone C,Temporary,Production       ,Field Operations,01-06-1994,MA,Female,Other,Single,Exceeds,3,2023-03-17,2,4,1,2023-06-23,Project Management,External,Incomplete,2,198.08,27,5
2173,2021-08-14,Production Technician I,SVG,Terminated,Contract,Zone A,Part-Time,Production       ,Engineers,04-10-1987,MA,Female,Asian,Divorced,Exceeds,3,2023-02-13,1,4,3,2023-04-18,Technical Skills,External,Completed,5,372.55,34,5
2174,2022-02-08,Production Technician I,EW,Active,Full-Time,Zone B,Temporary,Production       ,General - Eng,29-12-1970,MA,Female,Black,Married,Exceeds,3,2022-12-25,1,1,5,2022-11-13,Technical Skills,External,Incomplete,2,446.22,52,5
2175,2019-12-16,Production Technician I,MSC,Active,Contract,Zone C,Temporary,Production       ,Field Operations,02-10-1987,MA,Female,Hispanic,Widowed,Exceeds,2,2023-03-16,1,3,3,2023-02-22,Communication Skills,External,Completed,2,512.6,32,5
2176,2021-10-07,Production Technician I,TNS,Active,Full-Time,Zone B,Full-Time,Production       ,Field Operations,22-12-1988,MA,Female,Asian,Married,Exceeds,2,2023-04-29,2,1,1,2023-04-19,Communication Skills,External,Completed,5,357.52,33,5
2177,2020-12-23,Production Technician I,PYZ,Active,Full-Time,Zone A,Full-Time,Production       ,Catv,02-09-1951,MA,Male,Asian,Single,PIP,4,2022-10-17,4,2,1,2023-07-07,Customer Service,External,Passed,4,616.66,69,1
2178,2022-11-01,Production Technician I,WBL,Active,Contract,Zone B,Part-Time,Production       ,Fielders,30-08-1990,MA,Female,Hispanic,Married,PIP,4,2022-09-11,4,1,5,2023-05-08,Communication Skills,Internal,Completed,5,368.55,32,1
2179,2022-10-28,Production Technician I,NEL,Terminated,Contract,Zone B,Full-Time,Production       ,Project Management - Con,04-01-1996,MA,Female,Black,Widowed,PIP,4,2023-06-16,1,3,1,2022-09-08,Leadership Development,External,Passed,4,937.57,26,1
2180,2018-11-03,Production Technician I,PL,Active,Full-Time,Zone A,Full-Time,Production       ,Field Operations,10-08-1980,MA,Female,Hispanic,Widowed,PIP,5,2023-05-29,4,4,4,2023-02-05,Technical Skills,External,Incomplete,4,706.08,38,1
2181,2019-03-05,Production Technician I,BPC,Active,Contract,Zone A,Temporary,Production       ,Field Operations,13-08-1991,MA,Female,Black,Single,PIP,5,2023-02-04,2,1,4,2023-06-28,Communication Skills,Internal,Incomplete,2,542.94,28,1
2182,2021-03-14,Production Technician I,CCDR,Active,Full-Time,Zone A,Part-Time,Production       ,General - Eng,20-01-1992,MA,Female,Black,Widowed,Exceeds,4,2023-04-12,1,1,2,2023-07-22,Communication Skills,External,Completed,2,105.18,29,5
2183,2018-12-13,Production Technician I,SVG,Active,Contract,Zone C,Full-Time,Production       ,Finance & Accounting,12-09-1949,MA,Female,White,Divorced,Exceeds,5,2022-12-13,4,4,2,2023-04-23,Communication Skills,External,Completed,3,287.3,69,5
2184,2021-09-05,Production Technician I,EW,Active,Full-Time,Zone C,Part-Time,Production       ,Aerial,20-02-1984,MA,Female,Other,Divorced,Exceeds,2,2023-03-09,2,4,4,2022-09-25,Communication Skills,External,Failed,3,661.36,37,5
2185,2020-05-17,Production Technician II,WBL,Terminated,Contract,Zone A,Full-Time,Production       ,Aerial,21-04-1959,MA,Female,Asian,Single,Exceeds,5,2022-11-07,4,5,5,2023-08-01,Customer Service,Internal,Incomplete,5,220.95,61,5
2186,2023-03-03,Production Technician II,NEL,Active,Part-Time,Zone A,Temporary,Production       ,Field Operations,17-05-1997,MA,Male,Hispanic,Married,Exceeds,1,2022-09-17,4,1,1,2022-09-21,Leadership Development,External,Failed,5,747.61,26,5
2187,2020-02-28,Production Technician II,PL,Active,Part-Time,Zone B,Full-Time,Production       ,Engineers,26-01-1998,MA,Female,Hispanic,Married,Exceeds,5,2023-01-14,2,1,5,2023-06-07,Communication Skills,Internal,Completed,1,575.77,22,5
2188,2021-02-11,Production Technician II,BPC,Active,Part-Time,Zone A,Part-Time,Production       ,Field Operations,21-02-1965,MA,Female,Black,Married,Exceeds,2,2023-01-25,5,4,2,2023-06-17,Leadership Development,Internal,Incomplete,2,754.8,56,5
2189,2019-01-25,Production Technician II,CCDR,Active,Part-Time,Zone B,Temporary,Production       ,Shop (Fleet),04-07-1944,MA,Female,White,Divorced,Needs Improvement,5,2022-08-19,1,2,4,2022-11-28,Customer Service,External,Passed,2,585.65,75,2
2190,2023-04-25,Production Technician II,SVG,Active,Part-Time,Zone C,Full-Time,Production       ,General - Con,20-01-1985,MA,Female,Asian,Single,Needs Improvement,5,2023-03-31,5,2,3,2023-04-29,Technical Skills,Internal,Completed,2,623.98,38,2
2191,2021-02-14,Production Technician II,EW,Active,Contract,Zone C,Part-Time,Production       ,Engineers,19-11-1971,MA,Female,Asian,Married,Needs Improvement,5,2023-04-11,2,2,3,2023-05-13,Communication Skills,Internal,Failed,3,774.02,50,2
2192,2020-10-07,Production Technician II,MSC,Active,Part-Time,Zone C,Part-Time,Production       ,General - Con,29-06-1945,MA,Female,Black,Divorced,Needs Improvement,1,2022-12-26,5,3,4,2022-10-02,Leadership Development,External,Completed,4,866.14,75,2
2193,2019-02-28,Production Technician I,NEL,Terminated,Part-Time,Zone A,Part-Time,Production       ,Field Operations,01-08-1963,MA,Male,White,Married,Needs Improvement,4,2023-07-10,2,2,3,2023-07-16,Technical Skills,External,Incomplete,2,704.42,56,2
2194,2019-07-27,Production Technician I,PL,Active,Full-Time,Zone B,Temporary,Production       ,Field Operations,18-02-1992,MA,Female,Other,Widowed,Needs Improvement,2,2022-10-02,1,4,1,2023-03-08,Customer Service,External,Incomplete,5,164.41,27,2
2195,2023-06-02,Production Technician I,BPC,Active,Contract,Zone C,Part-Time,Production       ,Underground,31-10-1954,MA,Female,Black,Single,Needs Improvement,2,2022-11-30,1,5,1,2023-05-08,Project Management,External,Failed,3,559.87,69,2
2196,2022-11-14,Production Technician I,CCDR,Terminated,Full-Time,Zone A,Full-Time,Production       ,Underground,25-06-1983,MA,Male,White,Single,Needs Improvement,5,2023-08-01,5,2,3,2022-12-10,Technical Skills,External,Completed,2,572.11,39,2
2197,2018-08-22,Production Technician I,SVG,Terminated,Contract,Zone C,Full-Time,Production       ,Wireline Construction,12-04-1983,MA,Female,Asian,Divorced,Needs Improvement,4,2023-04-15,2,3,1,2023-03-17,Technical Skills,External,Passed,2,724.83,35,2
2198,2022-12-15,Production Technician I,EW,Active,Contract,Zone B,Temporary,Production       ,Field Operations,01-07-1963,MA,Female,White,Single,Exceeds,1,2023-07-13,2,4,2,2022-08-14,Leadership Development,Internal,Failed,5,198.35,59,5
2199,2020-05-31,Production Technician I,MSC,Active,Full-Time,Zone C,Full-Time,Production       ,General - Con,10-07-1977,MA,Female,White,Divorced,Exceeds,4,2023-06-03,4,3,4,2023-06-19,Project Management,External,Passed,3,142.7,43,5
2200,2022-07-19,Production Technician I,TNS,Active,Contract,Zone A,Full-Time,Production       ,Field Operations,15-03-1954,MA,Female,Asian,Single,Exceeds,4,2022-12-16,3,1,5,2023-03-29,Project Management,External,Incomplete,2,910.99,68,5
2201,2020-07-01,Production Technician I,PYZ,Active,Contract,Zone C,Part-Time,Production       ,Project Management - Con,27-06-1990,MA,Male,Other,Married,Exceeds,2,2023-06-24,5,1,5,2023-03-15,Leadership Development,Internal,Completed,4,863.83,30,5
2202,2020-11-18,Production Technician I,WBL,Active,Contract,Zone A,Part-Time,Production       ,Project Management - Con,01-01-1969,MA,Female,Asian,Married,Exceeds,4,2023-06-24,5,4,5,2022-09-08,Customer Service,Internal,Completed,4,606.57,51,5
2203,2020-02-29,Production Technician I,NEL,Terminated,Contract,Zone A,Part-Time,Production       ,General - Con,05-04-1986,MA,Female,Asian,Married,Exceeds,1,2022-08-29,1,4,1,2022-12-14,Technical Skills,External,Incomplete,2,333.27,34,5
2204,2021-09-24,Production Technician I,PL,Active,Part-Time,Zone B,Part-Time,Production       ,Shop (Fleet),23-10-1984,MA,Female,Other,Divorced,Needs Improvement,2,2022-10-01,5,2,3,2022-11-27,Customer Service,Internal,Passed,3,284.05,37,2
2205,2022-04-13,Production Technician I,BPC,Active,Full-Time,Zone B,Full-Time,Production       ,General - Sga,13-01-1944,MA,Female,Black,Divorced,Needs Improvement,4,2022-09-05,2,3,5,2023-06-23,Leadership Development,Internal,Incomplete,1,271.69,78,2
2206,2022-10-25,Production Technician I,CCDR,Active,Contract,Zone A,Temporary,Production       ,Field Operations,09-01-1942,MA,Female,Other,Widowed,Needs Improvement,5,2022-08-24,2,4,3,2022-09-16,Technical Skills,Internal,Completed,3,274.22,80,2
2207,2021-01-27,Production Technician I,SVG,Active,Full-Time,Zone C,Full-Time,Production       ,Field Operations,06-06-1953,MA,Female,Black,Divorced,Needs Improvement,5,2023-03-29,3,3,1,2023-06-26,Project Management,External,Incomplete,1,448.93,68,2
2208,2018-09-21,IT Support,WBL,Active,Full-Time,Zone B,Full-Time,IT/IS,Fielders,20-10-1948,CT,Female,Other,Married,Needs Improvement,5,2023-03-07,5,3,3,2022-09-02,Technical Skills,Internal,Incomplete,3,907.13,70,2
2209,2020-04-14,IT Support,PYZ,Active,Part-Time,Zone C,Part-Time,IT/IS,Wireline Construction,30-08-2000,MA,Male,Black,Widowed,Needs Improvement,5,2023-04-01,2,2,5,2022-11-02,Technical Skills,External,Completed,3,545.69,20,2
2210,2021-05-31,IT Support,PL,Active,Part-Time,Zone C,Temporary,IT/IS,Wireline Construction,12-02-1965,MA,Female,Black,Single,Exceeds,4,2023-01-09,1,5,3,2023-07-17,Technical Skills,Internal,Completed,5,220.14,56,5
2211,2020-04-10,IT Support,WBL,Active,Contract,Zone C,Temporary,IT/IS,Field Operations,24-08-1971,CT,Female,White,Married,Exceeds,5,2023-02-01,1,5,3,2022-11-21,Leadership Development,External,Completed,3,906.62,49,5
2212,2022-07-03,IT Support,MSC,Active,Full-Time,Zone C,Part-Time,IT/IS,Field Operations,11-05-1991,MA,Female,White,Widowed,Exceeds,1,2023-07-26,4,1,5,2023-07-19,Technical Skills,Internal,Incomplete,1,160.81,31,5
2213,2023-03-15,IT Support,EW,Active,Part-Time,Zone A,Full-Time,IT/IS,Shop (Fleet),03-09-1965,MA,Female,Asian,Married,Exceeds,5,2023-05-05,1,4,2,2023-04-09,Technical Skills,Internal,Passed,1,196.03,58,5
2214,2021-07-29,IT Support,CCDR,Active,Contract,Zone C,Full-Time,IT/IS,Field Operations,22-10-1951,MA,Female,Black,Married,Exceeds,4,2023-02-26,1,1,5,2023-03-16,Leadership Development,Internal,Passed,4,973.62,70,5
2215,2022-02-05,IT Support,BPC,Active,Contract,Zone B,Temporary,IT/IS,Engineers,17-12-1962,MA,Female,Asian,Divorced,Exceeds,1,2023-04-24,1,5,5,2022-09-30,Customer Service,External,Failed,3,227.0,60,5
2216,2022-11-09,IT Manager - Support,WBL,Active,Part-Time,Zone B,Temporary,IT/IS,General - Con,10-02-1972,MA,Female,Hispanic,Single,Exceeds,1,2023-04-13,4,5,2,2022-12-25,Customer Service,External,Incomplete,4,587.29,50,5
2217,2020-11-23,IT Manager - Infra,TNS,Active,Part-Time,Zone A,Temporary,IT/IS,People Services,21-07-1995,CT,Female,Hispanic,Divorced,Exceeds,4,2022-10-05,2,1,2,2023-03-23,Communication Skills,External,Failed,1,315.39,25,5
2218,2019-02-21,IT Manager - DB,SVG,Active,Part-Time,Zone B,Part-Time,IT/IS,Field Operations,08-11-1967,MA,Female,Asian,Widowed,Exceeds,4,2022-10-10,4,1,5,2022-12-27,Technical Skills,Internal,Incomplete,5,222.99,52,5
2219,2022-09-25,IT Support,SVG,Active,Part-Time,Zone C,Part-Time,IT/IS,Wireline Construction,25-10-1966,MA,Female,Hispanic,Widowed,Exceeds,5,2023-03-29,5,2,2,2023-01-03,Technical Skills,External,Failed,5,401.35,56,5
2220,2022-09-17,IT Support,EW,Active,Contract,Zone B,Temporary,IT/IS,General - Eng,03-09-1961,MA,Female,Asian,Married,Exceeds,4,2023-03-02,3,3,5,2023-06-02,Leadership Development,External,Completed,4,938.01,61,5
2221,2019-05-31,IT Support,MSC,Active,Contract,Zone C,Part-Time,IT/IS,Field Operations,14-11-1993,MA,Female,Hispanic,Single,Exceeds,4,2023-04-28,1,5,1,2022-08-07,Technical Skills,Internal,Incomplete,1,737.04,26,5
2222,2020-07-21,IT Support,TNS,Active,Part-Time,Zone A,Temporary,IT/IS,Wireline Construction,17-07-1998,MA,Female,Hispanic,Widowed,Exceeds,4,2022-09-14,2,3,5,2023-06-04,Project Management,External,Failed,3,303.01,22,5
2223,2020-07-04,IT Manager - Support,BPC,Active,Full-Time,Zone C,Temporary,IT/IS,Executive,18-02-1942,MA,Female,Asian,Widowed,Exceeds,2,2023-05-23,1,1,4,2023-04-07,Communication Skills,External,Completed,2,905.55,78,5
2224,2020-10-13,IT Manager - Infra,CCDR,Active,Full-Time,Zone A,Temporary,IT/IS,Wireline Construction,14-01-1999,CT,Female,Asian,Divorced,Exceeds,4,2023-02-02,2,1,3,2022-09-23,Customer Service,Internal,Failed,2,914.52,21,5
2225,2023-05-01,IT Manager - DB,EW,Active,Part-Time,Zone A,Full-Time,IT/IS,Engineers,03-12-1971,MA,Male,Black,Divorced,Exceeds,2,2022-08-21,1,2,2,2022-12-09,Project Management,External,Passed,3,789.98,52,5
2226,2019-03-22,IT Support,SVG,Active,Contract,Zone A,Full-Time,IT/IS,General - Eng,07-09-1960,MA,Female,White,Married,Exceeds,1,2023-01-28,4,4,5,2022-09-10,Project Management,Internal,Completed,3,125.06,59,5
2227,2021-12-27,IT Support,EW,Active,Contract,Zone B,Full-Time,IT/IS,Aerial,05-06-1995,MA,Female,Black,Widowed,Needs Improvement,5,2022-09-18,2,3,4,2023-04-28,Project Management,Internal,Passed,2,894.09,26,2
2228,2018-08-12,IT Support,MSC,Active,Part-Time,Zone B,Part-Time,IT/IS,Wireless,16-09-1942,MA,Female,White,Divorced,PIP,4,2023-01-20,3,2,2,2023-02-21,Technical Skills,External,Passed,3,713.03,76,1
2229,2022-12-28,IT Support,TNS,Active,Part-Time,Zone A,Temporary,IT/IS,Underground,01-10-1977,MA,Female,Asian,Divorced,PIP,4,2023-04-22,3,1,1,2023-01-28,Communication Skills,Internal,Incomplete,5,897.51,45,1
2230,2018-11-25,IT Manager - Support,PYZ,Active,Part-Time,Zone A,Full-Time,IT/IS,General - Con,20-08-1972,CT,Female,Hispanic,Married,Fully Meets,2,2023-06-09,1,5,5,2023-08-03,Project Management,External,Passed,3,634.34,46,4
2231,2020-12-26,IT Manager - Infra,WBL,Active,Full-Time,Zone A,Part-Time,IT/IS,General - Con,24-04-1990,CT,Female,Other,Single,Fully Meets,2,2023-01-04,1,2,2,2023-04-20,Technical Skills,Internal,Failed,3,352.54,30,4
2232,2022-12-16,IT Manager - DB,NEL,Active,Part-Time,Zone A,Full-Time,IT/IS,Field Operations,05-10-1942,MA,Male,Hispanic,Single,Fully Meets,5,2022-11-19,4,5,2,2023-03-23,Customer Service,External,Completed,4,128.25,80,4
2233,2019-09-27,IT Support,MSC,Active,Contract,Zone B,Full-Time,IT/IS,Splicing,22-04-1977,MA,Female,Asian,Single,Fully Meets,1,2022-10-03,5,1,1,2023-06-13,Customer Service,Internal,Passed,1,893.71,42,4
2234,2021-02-20,IT Support,EW,Active,Part-Time,Zone C,Full-Time,IT/IS,Wireline Construction,26-02-1975,MA,Female,Black,Married,Fully Meets,2,2022-08-23,1,1,4,2023-02-04,Communication Skills,External,Completed,3,693.52,46,4
2235,2022-02-26,IT Support,CCDR,Active,Full-Time,Zone B,Full-Time,IT/IS,Shop (Fleet),31-08-1954,MA,Female,Other,Single,Fully Meets,1,2022-09-10,3,5,3,2023-03-09,Customer Service,Internal,Failed,1,162.62,68,4
2236,2018-12-23,IT Support,BPC,Active,Full-Time,Zone A,Temporary,IT/IS,Engineers,28-10-1948,CT,Female,Hispanic,Widowed,Fully Meets,1,2022-12-29,2,1,2,2023-07-13,Customer Service,External,Passed,2,144.74,70,4
2237,2022-01-10,IT Manager - Support,WBL,Active,Full-Time,Zone B,Temporary,IT/IS,Underground,22-04-1975,CT,Female,Other,Single,Fully Meets,2,2023-06-08,2,5,2,2023-05-10,Leadership Development,External,Completed,3,240.77,47,4
2238,2021-03-04,IT Manager - Infra,TNS,Active,Part-Time,Zone B,Temporary,IT/IS,Project Management - Con,17-01-1972,CT,Male,Hispanic,Widowed,Fully Meets,2,2023-03-28,4,4,3,2023-04-14,Communication Skills,External,Completed,5,905.56,49,4
2239,2023-03-10,IT Manager - DB,SVG,Active,Full-Time,Zone C,Part-Time,IT/IS,Catv,11-12-1962,MA,Male,Asian,Divorced,Fully Meets,5,2022-12-31,1,3,4,2023-04-11,Technical Skills,Internal,Passed,4,273.84,61,4
2240,2018-12-05,IT Support,SVG,Active,Part-Time,Zone B,Part-Time,IT/IS,Finance & Accounting,28-11-1997,MA,Female,Hispanic,Married,Fully Meets,2,2022-08-22,2,4,5,2023-03-17,Communication Skills,Internal,Incomplete,4,980.41,21,4
2241,2021-06-24,IT Support,EW,Active,Part-Time,Zone C,Part-Time,IT/IS,Technology / It,01-06-1981,MA,Female,Hispanic,Married,Fully Meets,2,2023-01-30,4,4,4,2023-01-26,Communication Skills,External,Failed,5,834.95,40,4
2242,2022-05-10,IT Support,MSC,Active,Full-Time,Zone C,Temporary,IT/IS,Field Operations,29-03-1994,MA,Female,Hispanic,Married,Fully Meets,4,2023-02-26,3,2,4,2022-12-17,Project Management,External,Failed,1,627.11,28,4
2243,2023-04-13,IT Support,TNS,Active,Full-Time,Zone A,Part-Time,IT/IS,Finance & Accounting,20-07-1954,CT,Female,Other,Married,Fully Meets,4,2023-06-26,1,3,5,2022-12-30,Leadership Development,External,Passed,4,242.22,69,4
2244,2022-08-04,IT Manager - Support,PYZ,Active,Contract,Zone C,Temporary,IT/IS,Field Operations,08-12-1949,CT,Female,Other,Married,Fully Meets,4,2023-03-01,4,2,1,2022-12-14,Leadership Development,Internal,Passed,2,804.01,73,4
2245,2021-02-28,IT Manager - Infra,WBL,Active,Part-Time,Zone C,Part-Time,IT/IS,Engineers,15-09-1946,MA,Male,Black,Divorced,Fully Meets,5,2023-07-08,2,4,4,2023-04-04,Project Management,Internal,Incomplete,1,968.2,75,4
2246,2020-10-14,IT Manager - DB,NEL,Active,Contract,Zone B,Part-Time,IT/IS,Field Operations,22-11-1973,MA,Male,White,Divorced,Fully Meets,4,2023-03-20,3,4,5,2023-02-10,Project Management,Internal,Completed,2,364.36,47,4
2247,2018-09-10,IT Support,SVG,Active,Part-Time,Zone B,Temporary,IT/IS,Fielders,10-04-1983,MA,Female,Hispanic,Widowed,Fully Meets,2,2023-02-16,3,4,4,2023-04-19,Communication Skills,External,Incomplete,3,803.16,35,4
2248,2022-12-16,IT Support,EW,Active,Part-Time,Zone B,Temporary,IT/IS,Field Operations,17-12-1999,MA,Female,Hispanic,Widowed,Fully Meets,2,2023-05-24,1,5,5,2023-03-29,Leadership Development,External,Incomplete,2,571.12,23,4
2249,2018-09-28,IT Support,MSC,Active,Contract,Zone C,Part-Time,IT/IS,Field Operations,07-11-1994,MA,Female,Black,Divorced,Fully Meets,4,2023-05-29,3,5,5,2023-07-06,Customer Service,External,Failed,2,705.36,24,4
2250,2022-03-08,IT Support,TNS,Active,Contract,Zone C,Temporary,IT/IS,Aerial,02-09-1962,CT,Female,Asian,Married,Fully Meets,5,2023-05-29,4,2,1,2023-04-08,Communication Skills,Internal,Failed,5,565.78,60,4
2251,2022-01-12,IT Manager - Support,PYZ,Active,Part-Time,Zone B,Temporary,IT/IS,Project Management - Con,03-10-1978,MA,Female,Hispanic,Divorced,Fully Meets,2,2022-09-18,4,4,4,2022-11-19,Technical Skills,External,Incomplete,5,593.14,44,4
2252,2020-12-08,IT Manager - Infra,WBL,Active,Contract,Zone B,Part-Time,IT/IS,Field Operations,12-11-1973,MA,Male,White,Widowed,Fully Meets,4,2022-09-28,1,3,3,2022-12-10,Communication Skills,Internal,Completed,1,648.23,47,4
2253,2020-11-17,IT Support,PYZ,Active,Full-Time,Zone A,Full-Time,IT/IS,Field Operations,05-02-1982,MA,Female,Other,Single,Fully Meets,1,2023-06-26,5,1,2,2023-01-07,Communication Skills,External,Incomplete,1,426.97,38,4
2254,2021-01-18,IT Support,SVG,Active,Full-Time,Zone A,Part-Time,IT/IS,General - Sga,27-10-1957,MA,Female,Hispanic,Single,Fully Meets,2,2022-12-14,3,2,5,2022-11-20,Project Management,Internal,Failed,4,267.76,64,4
2255,2020-09-15,IT Support,TNS,Active,Full-Time,Zone C,Part-Time,IT/IS,Wireline Construction,16-07-1990,MA,Female,Hispanic,Single,Fully Meets,2,2023-05-12,1,4,4,2023-02-05,Customer Service,Internal,Completed,1,357.69,30,4
2256,2019-12-11,IT Support,WBL,Active,Part-Time,Zone C,Full-Time,IT/IS,Field Operations,29-12-1981,CT,Female,Asian,Widowed,Fully Meets,5,2023-07-14,5,5,4,2023-01-13,Leadership Development,Internal,Completed,1,312.42,38,4
2257,2021-04-29,IT Manager - Support,WBL,Active,Contract,Zone B,Full-Time,IT/IS,General - Eng,22-10-1988,MA,Male,White,Married,Fully Meets,2,2023-07-25,4,3,5,2023-03-25,Customer Service,External,Incomplete,2,456.3,33,4
2258,2021-04-03,IT Manager - Infra,TNS,Active,Full-Time,Zone C,Part-Time,IT/IS,Engineers,20-02-1999,MA,Male,White,Widowed,Fully Meets,2,2023-04-03,2,5,4,2023-07-03,Technical Skills,Internal,Failed,2,675.95,22,4
2259,2022-02-01,IT Support,SVG,Active,Part-Time,Zone A,Temporary,IT/IS,General - Eng,24-03-1961,MA,Female,Hispanic,Divorced,Fully Meets,1,2023-01-09,1,2,5,2023-05-03,Communication Skills,External,Failed,3,754.61,61,4
2260,2020-01-17,IT Support,EW,Active,Part-Time,Zone B,Temporary,IT/IS,Engineers,21-10-1992,MA,Female,Hispanic,Widowed,Fully Meets,1,2023-08-05,3,1,4,2022-08-23,Customer Service,Internal,Incomplete,2,377.64,28,4
2261,2022-06-01,IT Support,MSC,Active,Full-Time,Zone B,Part-Time,IT/IS,Wireline Construction,01-06-1958,CT,Female,Black,Divorced,Fully Meets,2,2022-11-17,2,1,5,2023-06-04,Project Management,External,Failed,3,647.41,64,4
2262,2019-03-17,IT Support,TNS,Active,Contract,Zone A,Temporary,IT/IS,Engineers,03-10-1950,CT,Female,Other,Divorced,Fully Meets,2,2023-04-27,4,4,3,2023-05-29,Communication Skills,External,Incomplete,3,122.43,69,4
2263,2020-01-07,IT Manager - Support,PYZ,Active,Contract,Zone B,Temporary,IT/IS,General - Sga,09-10-1965,MA,Male,Hispanic,Single,Fully Meets,2,2022-11-28,3,1,4,2022-10-05,Project Management,Internal,Incomplete,5,662.94,55,4
2264,2021-02-24,IT Manager - Infra,WBL,Active,Part-Time,Zone A,Part-Time,IT/IS,Executive,05-03-1979,MA,Male,White,Single,Fully Meets,5,2022-11-08,1,2,3,2023-05-06,Communication Skills,External,Failed,3,465.3,42,4
2265,2019-12-30,IT Support,SVG,Active,Contract,Zone C,Part-Time,IT/IS,Field Operations,30-12-1944,MA,Female,Hispanic,Single,Fully Meets,1,2023-03-08,2,4,2,2022-11-23,Customer Service,Internal,Failed,4,680.88,75,4
2266,2020-05-12,IT Support,EW,Active,Full-Time,Zone B,Temporary,IT/IS,Field Operations,10-02-1975,MA,Female,Other,Single,Fully Meets,5,2023-04-27,5,3,2,2022-10-23,Leadership Development,External,Completed,5,898.01,45,4
2267,2023-04-04,IT Support,MSC,Active,Full-Time,Zone A,Part-Time,IT/IS,General - Con,18-06-1971,CT,Female,Hispanic,Divorced,Fully Meets,4,2023-03-09,1,3,3,2022-11-11,Technical Skills,Internal,Passed,1,518.79,52,4
2268,2021-01-04,IT Support,TNS,Active,Contract,Zone C,Full-Time,IT/IS,General - Con,06-08-1963,CT,Male,White,Single,Fully Meets,2,2023-07-03,2,3,2,2022-11-26,Communication Skills,Internal,Failed,2,677.84,58,4
2269,2020-04-28,IT Manager - Support,PYZ,Active,Full-Time,Zone C,Full-Time,IT/IS,Executive,15-01-1974,MA,Male,Hispanic,Divorced,Fully Meets,1,2023-02-14,5,5,1,2022-12-09,Technical Skills,Internal,Incomplete,1,109.33,46,4
2270,2019-04-16,IT Support,PYZ,Active,Contract,Zone C,Part-Time,IT/IS,Project Management - Con,19-09-1952,MA,Female,Asian,Single,Fully Meets,4,2023-03-18,4,4,3,2023-05-11,Technical Skills,Internal,Passed,2,781.35,67,4
2271,2022-07-09,IT Support,SVG,Active,Full-Time,Zone A,Temporary,IT/IS,Field Operations,20-07-1996,MA,Female,Hispanic,Single,Fully Meets,2,2023-03-21,5,4,4,2023-02-02,Customer Service,Internal,Failed,4,632.57,26,4
2272,2022-08-29,IT Support,TNS,Active,Part-Time,Zone C,Full-Time,IT/IS,Field Operations,04-04-1987,CT,Female,Black,Divorced,Fully Meets,2,2022-08-05,5,5,3,2023-04-15,Communication Skills,Internal,Passed,5,233.42,35,4
2273,2020-01-26,IT Support,WBL,Active,Full-Time,Zone A,Part-Time,IT/IS,Project Management - Eng,16-05-1956,CT,Male,Other,Divorced,Fully Meets,4,2022-10-26,5,2,3,2023-04-01,Leadership Development,External,Passed,4,301.15,64,4
2274,2020-02-18,IT Manager - Support,BPC,Active,Full-Time,Zone A,Temporary,IT/IS,Aerial,23-01-2000,MA,Male,Other,Widowed,Fully Meets,4,2022-08-13,2,5,1,2023-06-03,Customer Service,External,Failed,2,255.54,20,4
2275,2022-01-25,Production Manager,EW,Active,Part-Time,Zone B,Full-Time,Production       ,Yard (Material Handling),09-12-1950,MA,Male,Asian,Married,Fully Meets,2,2022-10-24,5,4,3,2023-03-05,Technical Skills,External,Incomplete,5,138.4,72,4
2276,2023-07-10,Production Manager,TNS,Active,Full-Time,Zone B,Temporary,Production       ,Project Management - Con,21-11-1982,MA,Female,White,Divorced,Fully Meets,1,2022-09-16,5,2,2,2023-05-17,Customer Service,External,Completed,3,851.87,41,4
2277,2022-04-14,Production Manager,CCDR,Active,Contract,Zone B,Temporary,Production       ,Field Operations,29-09-1963,MA,Female,Hispanic,Widowed,Fully Meets,5,2022-11-25,3,4,4,2022-12-22,Communication Skills,Internal,Completed,3,592.23,59,4
2278,2022-07-10,Production Manager,CCDR,Active,Part-Time,Zone B,Temporary,Production       ,Wireless,27-05-1963,MA,Female,White,Widowed,Fully Meets,4,2022-08-21,5,4,2,2023-03-05,Leadership Development,External,Completed,4,544.43,59,4
2279,2022-06-27,Production Manager,EW,Active,Contract,Zone C,Full-Time,Production       ,Safety,12-02-1977,MA,Male,Other,Divorced,Fully Meets,1,2023-05-28,2,5,1,2023-03-23,Technical Skills,External,Passed,4,230.57,45,4
2280,2018-12-04,Production Manager,PYZ,Terminated,Contract,Zone A,Temporary,Production       ,Catv,06-03-1985,MA,Female,White,Married,Fully Meets,4,2023-02-23,4,2,5,2023-04-05,Customer Service,External,Passed,3,493.98,33,4
2281,2019-09-10,Production Manager,PL,Active,Full-Time,Zone C,Full-Time,Production       ,Field Operations,12-09-1998,MA,Male,Hispanic,Single,Fully Meets,4,2022-09-24,1,4,2,2022-11-29,Technical Skills,Internal,Failed,4,761.7,21,4
2282,2019-04-25,Production Manager,PL,Active,Part-Time,Zone A,Full-Time,Production       ,Fielders,28-07-1967,MA,Male,Asian,Single,Fully Meets,4,2022-11-02,1,5,3,2022-10-20,Leadership Development,External,Incomplete,5,454.55,52,4
2283,2018-10-03,Shared Services Manager,WBL,Terminated,Part-Time,Zone B,Temporary,Admin Offices,Field Operations,17-12-1961,MA,Male,White,Single,Fully Meets,4,2022-10-20,4,2,1,2023-04-23,Leadership Development,External,Failed,1,183.88,57,4
2284,2022-06-14,CIO,EW,Active,Part-Time,Zone C,Part-Time,IT/IS,Wireline Construction,23-09-1960,MA,Female,Other,Widowed,Fully Meets,2,2022-10-11,1,4,4,2023-07-09,Technical Skills,External,Passed,3,839.16,62,4
2285,2022-02-15,Production Manager,BPC,Active,Full-Time,Zone C,Temporary,Production       ,Project Management - Con,28-05-1971,MA,Male,Other,Single,Fully Meets,5,2023-05-22,4,3,3,2022-12-02,Customer Service,Internal,Completed,4,679.57,51,4
2286,2018-09-24,Production Manager,NEL,Active,Contract,Zone B,Temporary,Production       ,General - Eng,10-10-1981,MA,Male,Black,Divorced,Fully Meets,2,2023-01-20,4,4,4,2022-09-27,Project Management,External,Failed,5,107.64,37,4
2287,2022-03-09,Production Manager,PYZ,Active,Contract,Zone B,Part-Time,Production       ,General - Con,20-03-1961,MA,Female,White,Single,Fully Meets,2,2022-11-11,4,4,2,2023-03-29,Communication Skills,Internal,Passed,4,560.64,61,4
2288,2018-11-07,Production Manager,NEL,Active,Full-Time,Zone A,Temporary,Production       ,Fielders,09-09-1984,MA,Female,Black,Divorced,Fully Meets,5,2023-07-09,5,1,4,2022-09-25,Communication Skills,Internal,Failed,2,187.85,34,4
2289,2019-08-31,Shared Services Manager,BPC,Active,Full-Time,Zone A,Part-Time,Admin Offices,Field Operations,05-03-1962,MA,Male,White,Single,Fully Meets,4,2023-03-12,2,5,3,2023-06-14,Technical Skills,External,Completed,3,353.58,57,4
2290,2020-11-27,Director of Sales,EW,Active,Full-Time,Zone B,Temporary,Sales,Wireline Construction,16-04-1942,RI,Female,Hispanic,Widowed,Fully Meets,2,2023-04-14,4,1,3,2023-04-23,Communication Skills,Internal,Failed,4,575.55,78,4
2291,2020-07-07,Director of Operations,NEL,Active,Contract,Zone B,Part-Time,Production       ,General - Con,17-02-1985,MA,Female,Black,Married,Fully Meets,4,2022-08-20,3,4,1,2023-07-01,Project Management,Internal,Incomplete,5,973.53,35,4
2292,2020-01-11,Production Manager,TNS,Active,Contract,Zone C,Temporary,Production       ,Aerial,07-04-1963,MA,Male,White,Widowed,Fully Meets,2,2022-11-15,5,1,1,2023-03-11,Communication Skills,External,Completed,3,894.38,57,4
2293,2020-06-15,Production Manager,CCDR,Active,Contract,Zone B,Full-Time,Production       ,Field Operations,01-04-1998,MA,Male,Other,Single,Fully Meets,2,2023-06-19,5,3,1,2023-04-17,Project Management,Internal,Failed,1,510.67,22,4
2294,2020-10-10,Production Manager,PYZ,Active,Contract,Zone A,Part-Time,Production       ,Field Operations,03-12-1975,MA,Male,Black,Single,Fully Meets,4,2022-08-30,4,4,4,2023-04-09,Communication Skills,External,Failed,1,261.17,45,4
2295,2022-05-19,Production Manager,SVG,Active,Full-Time,Zone B,Temporary,Production       ,Field Operations,25-01-1999,MA,Female,Asian,Divorced,Fully Meets,5,2022-11-26,3,5,4,2022-11-12,Communication Skills,Internal,Passed,5,448.38,23,4
2296,2021-08-25,Production Manager,TNS,Active,Full-Time,Zone B,Temporary,Production       ,Field Operations,18-04-1973,MA,Female,Hispanic,Divorced,Fully Meets,1,2023-06-15,4,4,5,2022-11-09,Technical Skills,Internal,Passed,4,808.77,48,4
2297,2018-12-18,Production Manager,WBL,Terminated,Part-Time,Zone C,Full-Time,Production       ,Aerial,23-09-1958,MA,Female,Black,Single,Fully Meets,2,2022-09-14,5,4,1,2022-12-28,Leadership Development,Internal,Completed,5,691.71,60,4
2298,2023-08-05,Production Manager,WBL,Active,Full-Time,Zone B,Full-Time,Production       ,Field Operations,27-04-1958,MA,Female,Other,Married,Fully Meets,4,2022-11-04,3,2,1,2023-03-02,Communication Skills,External,Failed,1,145.08,65,4
2299,2022-04-13,Production Manager,TNS,Active,Part-Time,Zone A,Temporary,Production       ,Field Operations,24-02-1942,MA,Female,Asian,Married,Fully Meets,2,2022-08-18,2,1,2,2023-04-13,Customer Service,External,Failed,4,922.03,80,4
2300,2020-09-26,Production Manager,SVG,Active,Full-Time,Zone A,Full-Time,Production       ,Underground,04-09-1947,MA,Female,Black,Single,Fully Meets,5,2022-10-08,5,1,2,2022-09-27,Customer Service,External,Completed,2,668.1,73,4
2301,2021-02-12,Production Manager,PYZ,Active,Part-Time,Zone C,Temporary,Production       ,Underground,12-08-1946,MA,Female,Asian,Single,Fully Meets,1,2023-07-26,3,1,4,2023-02-27,Technical Skills,Internal,Incomplete,4,475.03,75,4
2302,2019-01-02,Production Manager,PL,Terminated,Contract,Zone C,Temporary,Production       ,Wireline Construction,28-11-1988,MA,Female,Hispanic,Married,Fully Meets,4,2023-04-12,2,5,3,2023-03-11,Project Management,Internal,Passed,2,173.45,31,4
2303,2019-10-26,Production Manager,NEL,Terminated,Contract,Zone C,Temporary,Production       ,Field Operations,27-12-1957,MA,Female,Black,Divorced,Fully Meets,5,2023-02-01,5,5,1,2023-01-13,Customer Service,External,Passed,2,813.39,62,4
2304,2021-04-11,President & CEO,MSC,Active,Full-Time,Zone B,Part-Time,Production       ,General - Con,21-04-1957,MA,Female,White,Divorced,Fully Meets,2,2023-06-29,5,1,2,2022-10-19,Customer Service,Internal,Passed,5,759.9,64,4
2305,2019-12-11,Network Engineer,EW,Active,Part-Time,Zone A,Full-Time,Production       ,Field Operations,03-10-1970,MA,Female,White,Divorced,Fully Meets,2,2023-05-26,4,5,5,2023-04-24,Communication Skills,External,Incomplete,2,933.39,49,4
2306,2020-10-21,Network Engineer,CCDR,Active,Part-Time,Zone B,Full-Time,Production       ,Project Management - Con,06-11-1999,MA,Male,Hispanic,Married,Fully Meets,1,2023-04-25,3,4,3,2023-02-28,Communication Skills,External,Failed,2,217.33,21,4
2307,2020-05-08,Network Engineer,BPC,Active,Part-Time,Zone C,Part-Time,Executive Office,Project Management - Con,05-05-1988,MA,Male,Asian,Single,Fully Meets,2,2023-07-22,5,2,3,2023-05-21,Customer Service,Internal,Passed,2,856.15,32,4
2308,2022-05-24,Data Analyst,EW,Active,Full-Time,Zone A,Full-Time,Production       ,Field Operations,09-05-1999,MA,Male,Other,Divorced,Fully Meets,5,2023-03-11,1,2,3,2022-09-08,Communication Skills,Internal,Completed,4,751.86,23,4
2309,2019-06-05,Data Analyst,CCDR,Active,Part-Time,Zone A,Part-Time,Production       ,General - Con,07-04-1991,MA,Male,Hispanic,Widowed,Fully Meets,2,2023-01-03,2,5,5,2023-07-20,Communication Skills,Internal,Incomplete,1,309.24,28,4
2310,2022-04-21,Data Analyst ,BPC,Active,Part-Time,Zone B,Part-Time,Production       ,Fielders,21-11-1983,MA,Male,Hispanic,Single,Fully Meets,5,2022-10-04,4,1,3,2022-12-27,Leadership Development,Internal,Incomplete,4,581.95,39,4
2311,2019-12-10,Data Analyst,PYZ,Active,Part-Time,Zone A,Full-Time,Production       ,Field Operations,25-03-1971,MA,Female,Black,Divorced,Fully Meets,2,2023-03-15,5,3,2,2023-04-04,Leadership Development,External,Passed,5,616.43,48,4
2312,2019-11-26,Data Analyst,WBL,Active,Full-Time,Zone C,Part-Time,IT/IS,Field Operations,11-12-1951,MA,Male,Asian,Widowed,Fully Meets,4,2023-04-02,1,4,3,2023-01-06,Leadership Development,Internal,Completed,3,623.75,68,4
2313,2021-09-13,Data Analyst,NEL,Active,Part-Time,Zone C,Full-Time,IT/IS,Shop (Fleet),30-10-2000,MA,Male,Asian,Divorced,Fully Meets,2,2023-04-04,5,2,3,2023-02-04,Project Management,External,Passed,1,802.99,21,4
2314,2019-08-19,Data Analyst,PL,Active,Part-Time,Zone C,Part-Time,IT/IS,Field Operations,18-10-1961,MA,Female,Asian,Married,Fully Meets,1,2023-06-23,4,1,3,2022-11-18,Communication Skills,External,Failed,1,725.98,58,4
2315,2022-06-12,Production Manager,CCDR,Active,Full-Time,Zone A,Full-Time,Production       ,Project Management - Con,19-02-1986,MA,Female,Other,Married,Fully Meets,4,2022-08-10,4,3,2,2022-12-05,Customer Service,External,Incomplete,1,252.59,36,4
2316,2021-07-21,Production Manager,SVG,Active,Full-Time,Zone B,Full-Time,Production       ,Field Operations,29-09-1973,MA,Male,Asian,Divorced,Fully Meets,2,2022-09-06,4,2,5,2023-05-23,Communication Skills,Internal,Failed,1,731.84,48,4
2317,2020-11-13,Production Manager,EW,Active,Full-Time,Zone A,Temporary,Production       ,Yard (Material Handling),16-06-1944,MA,Female,Black,Single,Fully Meets,1,2023-02-07,2,2,1,2023-02-09,Customer Service,External,Failed,1,787.01,76,4
2318,2022-02-20,Production Manager,MSC,Active,Part-Time,Zone A,Temporary,Production       ,Field Operations,25-03-1957,MA,Female,White,Widowed,Fully Meets,2,2022-12-20,2,1,5,2023-06-22,Communication Skills,External,Incomplete,2,303.8,65,4
2319,2019-03-28,Production Manager,TNS,Terminated,Contract,Zone A,Part-Time,Production       ,General - Sga,18-02-1983,MA,Female,White,Widowed,Fully Meets,5,2023-03-29,5,4,3,2022-12-21,Customer Service,Internal,Passed,3,832.15,36,4
2320,2022-10-26,Production Manager,PYZ,Terminated,Part-Time,Zone A,Full-Time,Production       ,Fielders,09-09-1964,MA,Female,White,Single,Fully Meets,4,2023-02-12,5,1,3,2023-07-25,Communication Skills,External,Incomplete,5,509.71,58,4
2321,2023-05-10,Production Manager,WBL,Active,Full-Time,Zone C,Full-Time,Production       ,Field Operations,21-08-1951,MA,Female,Black,Divorced,Fully Meets,2,2022-11-07,4,2,5,2022-09-06,Communication Skills,Internal,Incomplete,3,781.95,72,4
2322,2022-09-01,Production Manager,NEL,Active,Contract,Zone C,Part-Time,Production       ,Field Operations,27-04-1963,MA,Female,Asian,Divorced,Fully Meets,5,2022-08-20,4,3,4,2023-03-04,Communication Skills,Internal,Completed,3,178.4,59,4
2323,2021-04-21,Production Manager,PL,Active,Part-Time,Zone C,Temporary,Production       ,Project Management - Con,05-07-1959,MA,Female,Asian,Divorced,Fully Meets,5,2022-11-21,2,1,3,2022-12-30,Project Management,External,Incomplete,3,964.4,62,4
2324,2021-07-23,Production Manager,BPC,Terminated,Part-Time,Zone A,Temporary,Production       ,General - Con,17-07-1996,MA,Female,Black,Widowed,Fully Meets,4,2023-06-24,1,2,4,2023-04-29,Communication Skills,External,Incomplete,1,299.75,25,4
2325,2020-12-29,Production Manager,CCDR,Active,Part-Time,Zone A,Temporary,Production       ,Field Operations,20-10-1999,MA,Female,Asian,Divorced,Fully Meets,1,2022-12-27,4,4,1,2023-01-04,Project Management,Internal,Completed,2,745.68,21,4
2326,2022-08-08,President & CEO,SVG,Active,Contract,Zone A,Temporary,Production       ,Project Management - Con,19-11-1947,MA,Female,Black,Single,Fully Meets,2,2023-04-19,3,1,4,2023-01-06,Customer Service,External,Completed,5,263.21,75,4
2327,2020-07-30,Network Engineer,EW,Active,Full-Time,Zone A,Part-Time,Production       ,Field Operations,27-11-1971,MA,Male,Black,Married,Fully Meets,4,2023-03-29,4,1,2,2022-10-20,Customer Service,External,Incomplete,1,802.98,49,4
2328,2019-03-18,Network Engineer,MSC,Active,Full-Time,Zone B,Part-Time,Production       ,General - Con,26-05-1980,MA,Male,Asian,Divorced,Fully Meets,4,2022-09-02,1,4,3,2023-03-01,Communication Skills,Internal,Passed,3,960.9,39,4
2329,2019-07-25,Network Engineer,TNS,Active,Full-Time,Zone A,Full-Time,Executive Office,Aerial,26-10-1962,MA,Male,Asian,Single,Fully Meets,2,2022-09-02,2,3,1,2023-01-21,Leadership Development,External,Incomplete,2,209.86,57,4
2330,2021-10-16,Data Analyst,SVG,Active,Full-Time,Zone C,Part-Time,Production       ,Executive,13-12-1957,MA,Male,Other,Married,Fully Meets,2,2022-09-11,3,4,5,2023-03-21,Customer Service,Internal,Passed,2,942.81,64,4
2331,2019-12-06,Data Analyst,TNS,Active,Contract,Zone C,Part-Time,Production       ,Wireline Construction,14-02-1952,MA,Male,Black,Divorced,Fully Meets,1,2022-12-11,2,5,3,2023-01-16,Technical Skills,Internal,Failed,3,108.2,67,4
2332,2019-06-29,Data Analyst ,WBL,Active,Contract,Zone C,Full-Time,Production       ,Fielders,21-08-1971,MA,Male,White,Widowed,Fully Meets,4,2022-11-02,1,1,1,2022-11-29,Communication Skills,Internal,Completed,3,144.68,48,4
2333,2019-04-03,Data Analyst,BPC,Active,Full-Time,Zone C,Temporary,IT/IS,Yard (Material Handling),19-07-1951,MA,Female,Asian,Divorced,Fully Meets,1,2023-04-19,5,4,2,2023-04-01,Technical Skills,Internal,Failed,4,769.76,68,4
2334,2021-07-21,Data Analyst,CCDR,Active,Contract,Zone A,Temporary,IT/IS,Engineers,19-02-1983,MA,Male,Asian,Single,Fully Meets,4,2022-12-01,3,3,5,2023-03-21,Project Management,Internal,Failed,5,860.16,38,4
2335,2022-07-27,Data Analyst,EW,Active,Full-Time,Zone C,Temporary,IT/IS,General - Con,19-11-1944,MA,Male,White,Divorced,Fully Meets,4,2023-03-24,1,5,5,2022-09-01,Communication Skills,Internal,Completed,4,957.24,78,4
2336,2019-10-06,Production Manager,CCDR,Active,Contract,Zone A,Full-Time,Production       ,General - Con,06-05-1984,MA,Female,Other,Single,Fully Meets,4,2022-08-10,5,1,5,2023-02-06,Communication Skills,External,Completed,3,301.03,35,4
2337,2021-04-16,Production Manager,SVG,Active,Full-Time,Zone C,Part-Time,Production       ,Engineers,25-01-1989,MA,Male,Other,Single,Fully Meets,4,2023-07-09,1,4,3,2023-07-15,Project Management,Internal,Incomplete,2,366.82,32,4
2338,2018-10-10,Production Manager,EW,Active,Part-Time,Zone C,Temporary,Production       ,Project Management - Con,06-08-1971,MA,Female,Other,Married,Fully Meets,4,2022-09-09,2,3,5,2023-06-18,Customer Service,External,Completed,2,819.8,47,4
2339,2022-07-25,Production Manager,MSC,Terminated,Full-Time,Zone B,Part-Time,Production       ,General - Sga,06-08-1972,MA,Female,Black,Married,Fully Meets,1,2023-03-22,3,1,5,2022-12-02,Leadership Development,Internal,Failed,5,369.94,50,4
2340,2021-03-17,Production Manager,TNS,Terminated,Contract,Zone A,Temporary,Production       ,General - Con,27-02-2001,MA,Female,White,Single,Fully Meets,5,2023-05-23,4,5,3,2023-05-05,Project Management,External,Failed,1,811.91,20,4
2341,2018-10-13,Production Manager,PYZ,Active,Full-Time,Zone A,Full-Time,Production       ,General - Sga,02-11-1984,MA,Female,Hispanic,Divorced,Fully Meets,2,2022-10-14,1,5,2,2023-04-06,Communication Skills,Internal,Failed,2,121.05,34,4
2342,2020-01-09,Production Manager,WBL,Active,Part-Time,Zone C,Temporary,Production       ,Field Operations,14-05-1967,MA,Female,Other,Single,Fully Meets,5,2023-07-24,1,4,3,2023-05-30,Communication Skills,Internal,Completed,1,704.53,53,4
2343,2019-09-18,Production Manager,NEL,Active,Full-Time,Zone B,Temporary,Production       ,Wireless,17-10-1998,MA,Female,Hispanic,Single,Fully Meets,4,2022-11-22,1,3,4,2023-05-31,Customer Service,Internal,Completed,5,959.22,21,4
2344,2019-10-26,Production Manager,PL,Active,Contract,Zone C,Temporary,Production       ,Yard (Material Handling),23-08-1991,MA,Female,Other,Divorced,Fully Meets,1,2023-02-08,2,5,5,2023-03-13,Technical Skills,External,Completed,2,967.05,28,4
2345,2020-09-14,Production Manager,BPC,Terminated,Full-Time,Zone B,Temporary,Production       ,Field Operations,10-01-1971,MA,Female,Hispanic,Married,Fully Meets,2,2023-01-14,2,1,5,2022-10-09,Project Management,External,Incomplete,3,379.57,49,4
2346,2023-04-09,Production Manager,CCDR,Active,Part-Time,Zone A,Full-Time,Production       ,Field Operations,28-02-1984,MA,Female,Hispanic,Widowed,Fully Meets,4,2023-02-06,5,3,1,2022-10-02,Customer Service,External,Completed,3,811.14,39,4
2347,2019-10-25,President & CEO,SVG,Active,Full-Time,Zone A,Part-Time,Production       ,Field Operations,07-11-1977,MA,Female,White,Single,Fully Meets,1,2023-01-09,2,3,2,2022-12-14,Communication Skills,Internal,Passed,1,780.53,42,4
2348,2022-06-25,Network Engineer,EW,Active,Part-Time,Zone C,Full-Time,Production       ,Field Operations,21-02-1976,MA,Male,Asian,Single,Fully Meets,1,2022-10-12,4,4,2,2023-04-13,Technical Skills,Internal,Passed,1,927.52,46,4
2349,2023-01-26,Network Engineer,MSC,Active,Part-Time,Zone C,Full-Time,Production       ,General - Con,03-06-1956,MA,Male,Black,Widowed,Fully Meets,4,2022-11-05,5,5,1,2023-04-22,Communication Skills,Internal,Completed,2,317.31,67,4
2350,2020-02-19,Network Engineer,TNS,Active,Part-Time,Zone A,Temporary,Executive Office,Wireline Construction,24-04-1973,MA,Male,Black,Divorced,Fully Meets,2,2022-08-24,1,4,5,2023-03-09,Leadership Development,Internal,Failed,3,858.34,47,4
2351,2019-12-24,Data Analyst,EW,Active,Contract,Zone B,Temporary,Production       ,Engineers,27-02-1943,MA,Male,Hispanic,Widowed,Fully Meets,4,2023-02-21,3,3,5,2023-03-11,Communication Skills,Internal,Incomplete,4,173.96,76,4
2352,2020-10-16,Data Analyst,MSC,Active,Full-Time,Zone B,Temporary,Production       ,General - Con,31-12-1993,MA,Male,White,Widowed,Fully Meets,2,2023-07-11,2,3,3,2022-09-11,Communication Skills,External,Completed,4,889.07,27,4
2353,2018-09-07,Data Analyst ,TNS,Active,Part-Time,Zone B,Full-Time,IT/IS,Field Operations,26-07-1997,MA,Female,Hispanic,Married,Fully Meets,2,2022-10-17,2,4,3,2023-07-18,Technical Skills,Internal,Failed,3,198.56,21,4
2354,2022-01-07,Data Analyst,PYZ,Active,Part-Time,Zone C,Full-Time,IT/IS,Wireline Construction,02-09-1971,MA,Female,White,Divorced,Fully Meets,2,2023-06-10,5,1,1,2023-06-13,Communication Skills,External,Completed,5,572.14,51,4
2355,2019-03-25,Data Analyst,WBL,Active,Contract,Zone C,Temporary,IT/IS,Field Operations,17-01-1943,MA,Male,Asian,Single,Fully Meets,1,2022-11-15,1,1,4,2023-07-16,Customer Service,External,Failed,3,945.93,76,4
2356,2021-11-18,Data Analyst,NEL,Active,Part-Time,Zone C,Temporary,IT/IS,Catv,14-07-1955,MA,Male,Black,Single,Fully Meets,4,2023-03-07,4,1,1,2023-05-25,Technical Skills,External,Passed,4,668.66,66,4
2357,2022-12-31,Production Manager,PL,Active,Contract,Zone B,Temporary,Production       ,General - Con,15-09-1943,MA,Female,Black,Married,Fully Meets,1,2022-11-12,1,2,3,2023-05-17,Leadership Development,Internal,Failed,3,483.49,79,4
2358,2020-05-14,Production Manager,PYZ,Active,Part-Time,Zone B,Temporary,Production       ,Executive,20-03-1993,MA,Male,Black,Married,Fully Meets,4,2022-09-07,5,3,3,2023-04-14,Project Management,External,Incomplete,3,164.22,27,4
2359,2020-12-13,Production Manager,SVG,Active,Full-Time,Zone B,Part-Time,Production       ,Engineers,01-07-1996,MA,Female,Other,Married,Fully Meets,2,2023-07-08,4,4,3,2023-05-30,Technical Skills,External,Failed,3,850.73,24,4
2360,2021-11-16,Production Manager,TNS,Terminated,Part-Time,Zone B,Part-Time,Production       ,Fielders,06-10-1990,MA,Female,Asian,Widowed,Fully Meets,1,2023-02-07,4,4,3,2022-10-13,Project Management,Internal,Passed,1,400.62,31,4
2361,2022-12-01,Production Manager,WBL,Terminated,Full-Time,Zone C,Full-Time,Production       ,Project Management - Con,05-12-1996,MA,Female,Asian,Divorced,Fully Meets,2,2023-02-12,4,4,2,2022-09-08,Customer Service,External,Failed,4,148.29,26,4
2362,2020-10-30,Production Manager,BPC,Active,Full-Time,Zone C,Part-Time,Production       ,Field Operations,06-05-1974,MA,Female,Asian,Married,Fully Meets,2,2023-01-21,5,4,5,2023-02-06,Project Management,Internal,Incomplete,3,543.65,46,4
2363,2021-02-08,Production Manager,CCDR,Active,Full-Time,Zone C,Temporary,Production       ,Wireline Construction,17-02-1983,MA,Female,Hispanic,Widowed,Fully Meets,2,2023-07-16,2,5,1,2023-02-04,Communication Skills,External,Incomplete,3,282.26,38,4
2364,2019-08-05,Production Manager,EW,Active,Full-Time,Zone A,Temporary,Production       ,Field Operations,24-08-1960,MA,Male,Black,Widowed,Fully Meets,5,2023-02-02,4,2,4,2022-12-04,Project Management,External,Completed,3,123.81,59,4
2365,2018-11-29,Production Manager,MSC,Terminated,Contract,Zone A,Temporary,Production       ,Engineers,25-08-1953,MA,Female,Black,Married,Fully Meets,1,2022-09-07,1,1,1,2022-08-11,Communication Skills,External,Passed,5,355.8,65,4
2366,2018-11-16,Production Manager,NEL,Terminated,Full-Time,Zone B,Part-Time,Production       ,Fielders,22-07-1944,MA,Female,Asian,Divorced,Fully Meets,2,2023-04-30,4,2,5,2022-08-16,Project Management,Internal,Incomplete,3,184.59,74,4
2367,2020-08-23,Production Manager,PL,Active,Contract,Zone C,Part-Time,Production       ,Wireline Construction,29-07-1959,MA,Female,Hispanic,Widowed,Fully Meets,5,2022-10-26,3,2,5,2023-04-27,Project Management,Internal,Completed,3,249.77,61,4
2368,2020-08-22,President & CEO,PYZ,Active,Full-Time,Zone B,Temporary,Production       ,Wireline Construction,31-03-1950,MA,Female,White,Single,Fully Meets,1,2022-11-06,5,2,1,2023-03-30,Technical Skills,External,Completed,4,285.54,70,4
2369,2021-10-19,Network Engineer,SVG,Active,Part-Time,Zone B,Full-Time,Production       ,Field Operations,16-09-1987,MA,Male,Other,Divorced,Fully Meets,5,2023-02-18,5,2,4,2023-07-26,Leadership Development,External,Failed,5,711.15,34,4
2370,2020-02-21,Network Engineer,TNS,Active,Contract,Zone B,Full-Time,Production       ,Field Operations,31-01-1952,MA,Male,Other,Widowed,Fully Meets,5,2022-10-03,1,2,4,2023-06-07,Leadership Development,External,Incomplete,3,644.97,68,4
2371,2022-11-21,Data Analyst,EW,Active,Contract,Zone B,Temporary,Production       ,Field Operations,30-05-2000,MA,Male,White,Married,Fully Meets,1,2023-01-10,2,1,5,2023-04-19,Customer Service,Internal,Passed,4,133.56,22,4
2372,2019-08-05,Data Analyst,CCDR,Active,Full-Time,Zone A,Part-Time,Production       ,Field Operations,10-03-1992,MA,Female,Hispanic,Single,Fully Meets,2,2023-08-02,3,4,5,2023-01-27,Leadership Development,Internal,Completed,2,784.93,27,4
2373,2020-11-05,Data Analyst ,BPC,Active,Full-Time,Zone A,Full-Time,IT/IS,Catv,22-10-1982,MA,Female,Other,Divorced,Fully Meets,2,2023-07-21,3,5,5,2023-02-16,Project Management,External,Completed,4,801.63,38,4
2374,2021-06-12,Data Analyst,WBL,Active,Part-Time,Zone A,Part-Time,IT/IS,Field Operations,09-08-1962,MA,Female,Asian,Divorced,Fully Meets,2,2023-01-16,1,2,1,2023-05-01,Customer Service,External,Incomplete,2,650.48,59,4
2375,2018-09-13,Data Analyst,TNS,Active,Contract,Zone B,Full-Time,IT/IS,General - Con,02-11-1958,MA,Male,Black,Single,Fully Meets,1,2022-08-14,2,4,2,2022-11-20,Project Management,External,Failed,5,770.33,60,4
2376,2023-04-09,Production Manager,CCDR,Active,Full-Time,Zone A,Temporary,Production       ,Field Operations,10-10-1983,MA,Female,Asian,Divorced,Fully Meets,4,2022-12-07,5,2,4,2023-04-26,Communication Skills,Internal,Completed,5,755.69,40,4
2377,2021-01-09,Production Manager,SVG,Active,Contract,Zone B,Part-Time,Production       ,Executive,14-06-1960,MA,Male,White,Single,Fully Meets,4,2022-12-31,1,2,1,2022-12-25,Leadership Development,External,Failed,1,921.26,61,4
2378,2020-03-23,Production Manager,EW,Active,Part-Time,Zone A,Full-Time,Production       ,Project Management - Eng,23-11-1944,MA,Female,Other,Married,Fully Meets,2,2023-07-04,2,5,3,2023-04-07,Leadership Development,Internal,Passed,3,751.79,76,4
2379,2019-10-19,Production Manager,MSC,Terminated,Full-Time,Zone C,Part-Time,Production       ,Fielders,22-12-1991,MA,Female,Asian,Divorced,Fully Meets,2,2023-07-01,2,5,1,2022-08-24,Communication Skills,External,Completed,4,146.18,28,4
2380,2023-07-02,Production Manager,TNS,Active,Full-Time,Zone A,Temporary,Production       ,General - Con,19-12-1956,MA,Female,Other,Married,Fully Meets,2,2022-10-25,2,1,3,2022-11-03,Customer Service,Internal,Completed,5,910.96,67,4
2381,2019-08-29,Production Manager,PYZ,Active,Part-Time,Zone B,Part-Time,Production       ,Catv,08-04-1988,MA,Female,Other,Divorced,Fully Meets,2,2023-02-15,2,3,3,2023-01-27,Technical Skills,External,Passed,1,404.78,31,4
2382,2023-07-17,Production Manager,WBL,Active,Part-Time,Zone C,Temporary,Production       ,Catv,10-12-1943,MA,Male,Asian,Single,Fully Meets,1,2022-11-19,4,3,4,2023-08-01,Project Management,Internal,Completed,1,751.78,80,4
2383,2020-02-02,Production Manager,NEL,Active,Full-Time,Zone A,Full-Time,Production       ,Field Operations,08-04-1973,MA,Male,Asian,Widowed,Fully Meets,4,2022-11-21,5,3,5,2022-08-09,Customer Service,External,Incomplete,1,374.73,47,4
2384,2021-10-14,Production Manager,PL,Terminated,Full-Time,Zone A,Temporary,Production       ,Field Operations,11-09-1979,MA,Female,Hispanic,Married,Fully Meets,5,2022-09-03,2,2,2,2022-10-03,Communication Skills,Internal,Failed,3,166.1,42,4
2385,2020-04-10,Production Manager,BPC,Active,Contract,Zone A,Part-Time,Production       ,Yard (Material Handling),19-11-1953,MA,Female,Asian,Single,Fully Meets,2,2023-01-15,2,1,3,2023-03-31,Technical Skills,Internal,Incomplete,1,574.91,67,4
2386,2018-12-14,Production Manager,CCDR,Active,Part-Time,Zone B,Part-Time,Production       ,Finance & Accounting,25-12-1975,MA,Female,Black,Widowed,Fully Meets,1,2022-12-16,1,4,3,2022-09-28,Customer Service,External,Failed,3,390.96,43,4
2387,2022-06-27,President & CEO,SVG,Active,Contract,Zone C,Temporary,Production       ,Safety,28-05-1994,MA,Male,Hispanic,Widowed,Fully Meets,1,2023-01-06,1,2,5,2023-03-05,Communication Skills,Internal,Failed,2,459.27,28,4
2388,2020-09-07,Network Engineer,EW,Active,Contract,Zone C,Temporary,Production       ,Fielders,15-05-1953,MA,Male,Other,Single,Fully Meets,2,2023-06-06,5,2,4,2023-06-30,Project Management,Internal,Completed,4,949.32,67,4
2389,2019-11-03,Data Analyst,EW,Active,Contract,Zone C,Part-Time,Production       ,General - Eng,22-05-1976,MA,Male,White,Widowed,Fully Meets,2,2023-06-06,1,4,2,2023-07-28,Technical Skills,Internal,Completed,1,718.39,43,4
2390,2020-05-15,Data Analyst,MSC,Active,Part-Time,Zone C,Part-Time,Production       ,Engineers,13-02-1943,MA,Female,Asian,Divorced,Fully Meets,1,2022-10-18,1,5,4,2023-07-19,Customer Service,External,Completed,5,923.06,77,4
2391,2023-04-28,Data Analyst ,TNS,Active,Part-Time,Zone B,Full-Time,IT/IS,Splicing,11-02-1964,MA,Female,Asian,Widowed,Fully Meets,1,2023-06-22,3,3,3,2022-12-10,Technical Skills,External,Failed,3,363.35,59,4
2392,2019-08-05,Data Analyst,BPC,Active,Full-Time,Zone A,Full-Time,IT/IS,People Services,27-09-1944,MA,Male,Black,Single,Fully Meets,1,2023-06-19,4,3,2,2022-12-17,Customer Service,External,Failed,5,652.9,75,4
2393,2018-12-05,Production Manager,NEL,Active,Full-Time,Zone C,Part-Time,Production       ,Engineers,04-09-1993,MA,Female,Other,Widowed,Fully Meets,5,2023-05-12,3,2,2,2023-02-27,Project Management,External,Completed,5,803.82,25,4
2394,2022-04-25,Production Manager,PL,Active,Full-Time,Zone C,Full-Time,Production       ,Field Operations,17-09-1980,MA,Male,White,Single,Fully Meets,2,2022-11-18,4,1,1,2022-09-22,Customer Service,Internal,Completed,1,661.88,42,4
2395,2019-12-10,Production Manager,PYZ,Active,Part-Time,Zone C,Part-Time,Production       ,General - Eng,24-06-1983,MA,Male,Black,Divorced,Fully Meets,1,2023-02-23,1,1,4,2023-03-29,Customer Service,External,Completed,5,337.08,36,4
2396,2022-06-30,Production Manager,SVG,Terminated,Contract,Zone C,Part-Time,Production       ,General - Eng,18-07-1960,MA,Female,Other,Single,Fully Meets,1,2022-12-14,3,4,2,2022-11-22,Project Management,External,Completed,5,887.46,62,4
2397,2018-09-19,Production Manager,TNS,Active,Part-Time,Zone B,Full-Time,Production       ,Field Operations,22-08-1990,MA,Female,Other,Widowed,Fully Meets,2,2022-09-08,2,5,2,2022-11-10,Project Management,External,Completed,5,514.94,28,4
2398,2019-07-08,Production Manager,WBL,Active,Contract,Zone C,Temporary,Production       ,General - Con,11-06-1959,MA,Female,White,Widowed,Fully Meets,5,2023-01-07,4,3,3,2022-12-13,Technical Skills,External,Incomplete,3,304.35,60,4
2399,2023-05-25,Production Manager,PYZ,Active,Full-Time,Zone B,Part-Time,Production       ,Wireline Construction,13-06-1958,MA,Male,White,Married,Fully Meets,4,2022-11-29,1,4,2,2023-03-15,Customer Service,External,Passed,1,329.83,65,4
2400,2018-11-03,Production Manager,WBL,Active,Contract,Zone A,Part-Time,Production       ,General - Sga,12-06-1961,MA,Male,Black,Married,Fully Meets,2,2023-03-28,4,4,3,2023-07-23,Communication Skills,External,Completed,4,872.57,57,4
2401,2022-11-09,Production Manager,NEL,Terminated,Full-Time,Zone C,Part-Time,Production       ,Field Operations,23-09-1945,MA,Female,Asian,Divorced,Fully Meets,5,2022-12-23,1,1,3,2022-11-01,Customer Service,Internal,Failed,4,935.2,77,4
2402,2022-04-14,Production Manager,PL,Terminated,Full-Time,Zone C,Full-Time,Production       ,Shop (Fleet),19-09-1985,MA,Female,Black,Widowed,Fully Meets,2,2022-10-29,3,2,2,2023-02-18,Communication Skills,External,Failed,1,478.73,37,4
2403,2020-08-06,Production Manager,BPC,Active,Full-Time,Zone C,Temporary,Production       ,Finance & Accounting,22-03-1958,MA,Female,Hispanic,Married,Fully Meets,4,2022-11-07,3,3,3,2022-08-25,Technical Skills,External,Failed,5,766.04,62,4
2404,2019-06-26,Production Manager,CCDR,Active,Contract,Zone C,Temporary,Production       ,General - Con,19-05-1949,MA,Female,White,Divorced,Fully Meets,2,2023-05-01,3,3,1,2023-04-21,Project Management,External,Failed,3,561.63,70,4
2405,2020-09-13,President & CEO,SVG,Terminated,Full-Time,Zone B,Part-Time,Production       ,Field Operations,06-04-1950,MA,Male,White,Divorced,Fully Meets,4,2023-07-25,4,1,2,2023-03-19,Technical Skills,External,Completed,1,722.5,70,4
2406,2018-11-13,Network Engineer,EW,Active,Part-Time,Zone B,Part-Time,Production       ,Engineers,25-03-1971,MA,Male,Black,Widowed,Fully Meets,1,2023-02-24,1,4,4,2023-05-19,Communication Skills,Internal,Failed,1,100.04,47,4
2407,2019-10-06,Data Analyst,EW,Active,Full-Time,Zone C,Temporary,Production       ,Finance & Accounting,17-04-1953,MA,Male,Other,Widowed,Fully Meets,4,2022-09-23,3,5,5,2022-11-15,Project Management,Internal,Completed,2,545.35,66,4
2408,2021-09-15,Data Analyst,MSC,Active,Full-Time,Zone B,Part-Time,IT/IS,Field Operations,10-01-1962,MA,Female,Black,Divorced,Fully Meets,5,2022-08-26,2,5,5,2022-09-04,Project Management,Internal,Failed,1,968.87,59,4
2409,2020-02-06,Data Analyst ,TNS,Active,Full-Time,Zone B,Full-Time,IT/IS,Engineers,30-10-1996,MA,Female,White,Single,Fully Meets,4,2023-01-11,3,3,3,2023-04-07,Customer Service,External,Passed,1,949.78,24,4
2410,2022-10-21,Data Analyst,PYZ,Active,Full-Time,Zone B,Part-Time,IT/IS,Engineers,19-11-1957,MA,Male,White,Divorced,Fully Meets,2,2023-05-03,4,4,1,2022-09-24,Technical Skills,External,Failed,3,341.65,65,4
2411,2022-10-11,Production Manager,NEL,Active,Part-Time,Zone B,Temporary,Production       ,General - Con,16-07-1994,MA,Female,Black,Widowed,Fully Meets,2,2023-01-23,2,3,3,2023-02-27,Project Management,External,Failed,4,798.7,28,4
2412,2022-01-30,Production Manager,PL,Active,Full-Time,Zone B,Part-Time,Production       ,Engineers,13-10-1994,MA,Male,White,Widowed,Fully Meets,2,2023-04-10,5,4,5,2023-01-21,Project Management,Internal,Passed,5,859.0,28,4
2413,2022-07-27,Production Manager,PYZ,Active,Full-Time,Zone B,Temporary,Production       ,General - Con,10-04-1942,MA,Female,White,Single,Fully Meets,4,2022-11-08,4,2,2,2022-09-01,Communication Skills,External,Failed,1,193.51,80,4
2414,2022-05-26,Production Manager,SVG,Active,Part-Time,Zone B,Part-Time,Production       ,General - Con,16-07-1952,MA,Female,Asian,Single,Fully Meets,2,2022-09-05,1,1,5,2022-09-01,Technical Skills,External,Failed,5,506.08,70,4
2415,2021-02-08,Production Manager,TNS,Active,Full-Time,Zone B,Full-Time,Production       ,Field Operations,10-09-1952,MA,Female,White,Married,Fully Meets,4,2023-02-08,1,2,5,2022-08-18,Customer Service,Internal,Failed,4,938.18,69,4
2416,2022-06-06,Production Manager,WBL,Active,Contract,Zone C,Full-Time,Production       ,General - Con,08-06-1994,MA,Male,Asian,Single,Fully Meets,2,2022-11-01,4,5,1,2023-05-06,Communication Skills,Internal,Failed,2,344.8,28,4
2417,2021-02-27,Production Manager,BPC,Active,Contract,Zone C,Full-Time,Production       ,Engineers,10-11-1986,MA,Male,White,Single,Fully Meets,4,2022-09-17,2,3,4,2022-10-31,Communication Skills,External,Passed,4,587.29,35,4
2418,2022-01-26,Production Manager,CCDR,Terminated,Contract,Zone B,Temporary,Production       ,Project Management - Con,20-06-1942,MA,Male,Black,Married,Fully Meets,1,2023-03-08,3,2,5,2023-01-27,Technical Skills,External,Failed,5,966.19,80,4
2419,2020-04-01,Production Manager,EW,Active,Part-Time,Zone A,Temporary,Production       ,Wireline Construction,16-08-2000,MA,Female,White,Married,Fully Meets,2,2022-12-22,2,2,1,2023-07-05,Project Management,External,Completed,4,433.85,20,4
2420,2020-06-03,Production Manager,MSC,Active,Contract,Zone B,Full-Time,Production       ,Project Management - Con,01-04-1949,MA,Female,White,Single,Fully Meets,5,2023-05-07,4,3,1,2023-01-29,Project Management,Internal,Passed,3,684.64,71,4
2421,2021-11-20,Production Manager,NEL,Active,Full-Time,Zone C,Part-Time,Production       ,Engineers,03-09-1986,MA,Female,Asian,Married,Fully Meets,2,2023-04-03,1,3,5,2023-07-08,Customer Service,Internal,Completed,3,442.48,35,4
2422,2021-12-21,Production Manager,PL,Terminated,Part-Time,Zone A,Temporary,Production       ,General - Con,16-03-1949,MA,Male,Hispanic,Widowed,Fully Meets,2,2022-10-18,5,4,5,2022-08-29,Leadership Development,External,Failed,1,400.73,72,4
2423,2018-10-10,President & CEO,PYZ,Active,Contract,Zone A,Full-Time,Production       ,General - Con,10-11-1977,MA,Male,Asian,Divorced,Fully Meets,1,2023-04-06,3,3,5,2023-06-15,Technical Skills,Internal,Failed,5,523.75,41,4
2424,2019-02-26,Network Engineer,SVG,Active,Full-Time,Zone C,Full-Time,Executive Office,Engineers,18-08-1974,MA,Male,Hispanic,Divorced,Fully Meets,2,2023-02-25,2,1,4,2022-10-18,Customer Service,Internal,Failed,1,292.85,45,4
2425,2022-06-19,Director of Operations,MSC,Active,Contract,Zone C,Full-Time,Production       ,Wireline Construction,15-06-1982,MA,Male,Asian,Divorced,Fully Meets,2,2023-03-28,2,2,2,2023-04-23,Technical Skills,External,Failed,3,136.76,40,4
2426,2020-07-20,Data Analyst,EW,Active,Full-Time,Zone C,Part-Time,Production       ,General - Con,03-03-1959,MA,Female,White,Widowed,Fully Meets,2,2022-10-21,5,5,3,2022-11-21,Leadership Development,External,Incomplete,4,107.48,61,4
2427,2020-01-17,Data Analyst,CCDR,Active,Part-Time,Zone C,Full-Time,IT/IS,Field Operations,22-11-1956,MA,Female,Asian,Divorced,Fully Meets,5,2023-04-14,2,2,1,2023-01-27,Communication Skills,Internal,Passed,2,528.76,64,4
2428,2021-06-04,Data Analyst ,BPC,Active,Part-Time,Zone B,Temporary,IT/IS,Yard (Material Handling),22-01-1963,MA,Female,White,Divorced,Fully Meets,4,2022-11-30,2,5,5,2023-07-13,Customer Service,External,Passed,4,549.8,58,4
2429,2019-04-19,Production Manager,BPC,Active,Part-Time,Zone C,Temporary,Production       ,Field Operations,01-05-1999,MA,Male,Black,Widowed,Fully Meets,4,2022-11-06,3,4,2,2022-12-09,Communication Skills,External,Completed,5,308.1,20,4
2430,2018-11-17,Production Manager,CCDR,Active,Full-Time,Zone B,Part-Time,Production       ,General - Con,25-04-1948,MA,Male,White,Single,Fully Meets,2,2022-09-22,2,1,1,2023-05-26,Technical Skills,External,Passed,2,622.08,70,4
2431,2022-08-18,Production Manager,SVG,Active,Contract,Zone A,Full-Time,Production       ,General - Con,12-03-1942,MA,Female,Asian,Widowed,Fully Meets,4,2022-10-31,4,2,5,2023-03-17,Customer Service,External,Incomplete,3,730.23,80,4
2432,2023-02-10,Production Manager,EW,Terminated,Contract,Zone C,Full-Time,Production       ,Yard (Material Handling),18-04-1963,MA,Female,Asian,Married,Fully Meets,2,2023-07-30,1,1,2,2022-08-17,Customer Service,External,Failed,1,353.71,60,4
2433,2020-04-22,Production Manager,MSC,Active,Contract,Zone C,Temporary,Production       ,Engineers,30-08-1976,MA,Male,White,Widowed,Fully Meets,1,2022-08-05,1,5,3,2023-04-20,Technical Skills,Internal,Completed,4,580.82,44,4
2434,2023-01-14,Production Manager,TNS,Active,Part-Time,Zone A,Full-Time,Production       ,General - Con,22-09-1991,MA,Male,Asian,Single,Fully Meets,5,2022-08-14,5,2,5,2022-09-06,Leadership Development,External,Failed,4,810.59,32,4
2435,2023-03-13,Production Manager,PYZ,Terminated,Full-Time,Zone C,Part-Time,Production       ,Engineers,05-06-1982,MA,Male,Other,Widowed,Fully Meets,2,2023-01-29,1,3,2,2023-03-26,Communication Skills,Internal,Incomplete,5,150.58,41,4
2436,2022-12-30,Production Manager,WBL,Terminated,Full-Time,Zone B,Part-Time,Production       ,Field Operations,23-04-1958,MA,Male,Asian,Widowed,Fully Meets,4,2022-11-04,1,3,3,2023-05-09,Project Management,External,Failed,5,985.02,64,4
2437,2020-06-04,Production Manager,NEL,Terminated,Full-Time,Zone A,Full-Time,Production       ,Shop (Fleet),30-05-1977,MA,Female,Other,Single,Fully Meets,2,2022-10-17,3,5,2,2023-05-02,Customer Service,External,Completed,2,669.99,43,4
2438,2022-03-13,Production Manager,PL,Active,Contract,Zone A,Full-Time,Production       ,Wireless,22-09-1964,MA,Female,Black,Divorced,Fully Meets,5,2022-11-09,4,1,4,2022-11-14,Customer Service,External,Failed,1,101.26,58,4
2439,2021-08-21,Production Manager,BPC,Active,Contract,Zone B,Part-Time,Production       ,Engineers,10-05-1944,MA,Female,White,Single,Fully Meets,5,2022-08-15,4,3,5,2022-10-29,Project Management,External,Failed,4,816.24,77,4
2440,2021-05-15,Production Manager,CCDR,Active,Contract,Zone B,Temporary,Production       ,General - Con,23-07-1962,MA,Male,Other,Divorced,Fully Meets,1,2023-03-08,2,5,2,2022-11-24,Communication Skills,Internal,Failed,4,809.02,59,4
2441,2021-07-14,President & CEO,SVG,Active,Contract,Zone B,Part-Time,Production       ,General - Sga,19-12-1973,MA,Male,Hispanic,Married,Fully Meets,2,2022-10-17,2,4,2,2022-10-17,Project Management,External,Passed,5,559.08,48,4
2442,2023-01-31,Director of Operations,SVG,Active,Contract,Zone C,Full-Time,Production       ,Executive,16-04-1973,MA,Female,Black,Divorced,Fully Meets,1,2023-01-26,2,1,5,2023-01-18,Communication Skills,Internal,Failed,2,688.8,50,4
2443,2020-07-27,Data Analyst,EW,Active,Part-Time,Zone B,Full-Time,Production       ,Wireline Construction,28-03-1976,MA,Female,White,Widowed,Fully Meets,1,2022-08-17,4,3,5,2022-12-30,Project Management,External,Completed,5,300.21,44,4
2444,2023-04-16,Data Analyst,MSC,Active,Part-Time,Zone C,Part-Time,IT/IS,Wireline Construction,07-09-1957,MA,Female,Black,Single,Fully Meets,4,2023-08-05,1,1,5,2022-11-03,Project Management,External,Completed,1,851.57,66,4
2445,2019-12-30,Production Manager,MSC,Active,Contract,Zone B,Temporary,Production       ,General - Con,31-12-1969,MA,Female,Asian,Widowed,Fully Meets,2,2022-11-20,3,4,5,2023-05-11,Leadership Development,External,Failed,1,833.89,50,4
2446,2021-12-06,Production Manager,NEL,Active,Contract,Zone C,Full-Time,Production       ,Executive,20-10-1948,MA,Male,Black,Divorced,Fully Meets,5,2023-06-09,1,2,5,2023-06-19,Communication Skills,External,Passed,1,129.32,73,4
2447,2020-02-02,Production Manager,PL,Active,Full-Time,Zone A,Full-Time,Production       ,Engineers,13-04-1992,MA,Female,White,Widowed,Fully Meets,4,2023-02-01,5,3,4,2022-08-21,Technical Skills,Internal,Completed,1,505.6,28,4
2448,2020-10-23,Production Manager,PYZ,Terminated,Full-Time,Zone C,Part-Time,Production       ,General - Eng,17-01-1989,MA,Female,Asian,Single,Fully Meets,4,2023-04-14,2,2,5,2022-09-29,Customer Service,Internal,Passed,5,633.54,31,4
2449,2020-04-29,Production Manager,SVG,Terminated,Part-Time,Zone B,Temporary,Production       ,Aerial,10-02-1986,MA,Female,Hispanic,Single,Fully Meets,4,2023-01-28,4,5,3,2023-01-18,Project Management,External,Passed,4,485.29,34,4
2450,2022-08-18,Production Manager,TNS,Active,Full-Time,Zone A,Part-Time,Production       ,Aerial,15-10-1996,MA,Male,Asian,Single,Fully Meets,1,2023-01-21,5,3,2,2023-01-18,Project Management,Internal,Completed,5,302.62,26,4
2451,2020-09-08,Production Manager,WBL,Active,Contract,Zone A,Temporary,Production       ,Splicing,14-11-1943,MA,Male,Black,Married,Fully Meets,5,2023-03-17,5,3,1,2023-07-31,Communication Skills,External,Incomplete,1,510.72,77,4
2452,2022-10-14,Production Manager,BPC,Active,Full-Time,Zone C,Part-Time,Production       ,Project Management - Con,23-10-1972,MA,Male,Asian,Married,Fully Meets,2,2022-09-02,3,3,1,2023-06-29,Communication Skills,Internal,Incomplete,3,241.25,50,4
2453,2023-05-13,Production Manager,CCDR,Active,Full-Time,Zone C,Full-Time,Production       ,Underground,22-09-1988,MA,Male,Other,Widowed,Fully Meets,1,2022-12-23,3,3,3,2022-11-28,Technical Skills,External,Incomplete,3,285.55,35,4
2454,2021-02-28,Production Manager,EW,Active,Full-Time,Zone A,Part-Time,Production       ,Fielders,12-03-1989,MA,Female,Asian,Married,Fully Meets,5,2022-09-24,1,4,3,2022-10-06,Leadership Development,Internal,Completed,1,524.51,32,4
2455,2020-03-03,Production Manager,MSC,Active,Full-Time,Zone B,Full-Time,Production       ,General - Con,06-12-1991,MA,Female,Hispanic,Single,Fully Meets,2,2023-06-11,3,3,1,2023-06-08,Customer Service,External,Completed,4,218.61,29,4
2456,2021-11-29,Production Manager,NEL,Active,Full-Time,Zone A,Full-Time,Production       ,Wireline Construction,27-08-1970,MA,Male,Asian,Single,Fully Meets,5,2022-09-22,4,5,3,2022-08-22,Customer Service,External,Failed,2,263.3,51,4
2457,2018-08-24,Production Manager,PL,Active,Part-Time,Zone A,Part-Time,Production       ,Field Operations,14-04-1961,MA,Male,Hispanic,Single,Fully Meets,2,2023-04-27,3,2,3,2023-05-19,Technical Skills,Internal,Incomplete,5,423.81,57,4
2458,2020-10-21,President & CEO,PYZ,Active,Part-Time,Zone B,Temporary,Production       ,Shop (Fleet),10-03-1979,MA,Male,Other,Widowed,Fully Meets,2,2022-09-19,5,3,1,2023-05-20,Customer Service,Internal,Failed,5,912.62,41,4
2459,2020-12-15,Director of Operations,SVG,Active,Full-Time,Zone A,Temporary,Production       ,Field Operations,10-07-1995,RI,Female,Asian,Married,Fully Meets,4,2022-10-14,5,5,5,2022-11-27,Project Management,External,Failed,4,973.11,25,4
2460,2018-09-05,Data Analyst,EW,Active,Contract,Zone C,Full-Time,IT/IS,Finance & Accounting,21-10-1959,MA,Female,White,Widowed,Fully Meets,2,2023-03-24,3,4,2,2022-11-25,Communication Skills,External,Passed,5,637.58,59,4
2461,2021-09-27,Shared Services Manager,EW,Active,Part-Time,Zone A,Full-Time,Admin Offices,Splicing,05-06-1979,MA,Male,Black,Divorced,Fully Meets,5,2022-12-03,3,2,4,2023-07-13,Communication Skills,External,Completed,2,103.04,42,4
2462,2020-01-09,Production Manager,NEL,Active,Part-Time,Zone C,Full-Time,Production       ,General - Con,03-11-1948,MA,Female,White,Married,Fully Meets,2,2023-05-09,4,1,2,2023-02-05,Customer Service,External,Completed,3,758.62,72,4
2463,2018-12-06,Production Manager,PL,Active,Part-Time,Zone A,Part-Time,Production       ,Fielders,03-04-1986,MA,Female,Hispanic,Widowed,Fully Meets,4,2022-12-04,3,5,5,2023-06-02,Leadership Development,Internal,Passed,3,792.67,32,4
2464,2022-08-11,Production Manager,BPC,Active,Full-Time,Zone B,Temporary,Production       ,Field Operations,24-05-1955,MA,Male,White,Widowed,Fully Meets,2,2023-02-18,2,3,2,2023-07-14,Leadership Development,External,Passed,1,795.5,67,4
2465,2020-04-13,Production Manager,CCDR,Active,Contract,Zone A,Full-Time,Production       ,Field Operations,09-11-1961,MA,Female,White,Single,Fully Meets,2,2023-01-06,3,3,1,2023-07-22,Project Management,Internal,Incomplete,3,475.26,59,4
2466,2021-11-14,Production Manager,SVG,Terminated,Contract,Zone A,Full-Time,Production       ,Fielders,13-09-1967,MA,Female,White,Widowed,Fully Meets,2,2022-09-14,2,4,1,2022-11-04,Customer Service,External,Failed,3,652.89,54,4
2467,2022-03-17,Production Manager,EW,Terminated,Full-Time,Zone B,Full-Time,Production       ,Engineers,02-01-1979,MA,Female,Other,Married,Fully Meets,5,2022-08-14,1,1,4,2023-03-08,Customer Service,External,Passed,1,832.16,43,4
2468,2019-05-06,Production Manager,MSC,Active,Part-Time,Zone A,Part-Time,Production       ,General - Con,15-11-1957,MA,Male,Hispanic,Married,Fully Meets,5,2023-03-23,5,4,3,2023-02-24,Communication Skills,Internal,Passed,3,629.25,62,4
2469,2021-11-27,Production Manager,TNS,Active,Part-Time,Zone C,Part-Time,Production       ,Field Operations,04-02-2001,MA,Male,Hispanic,Divorced,Fully Meets,4,2023-04-13,2,1,5,2022-09-15,Project Management,External,Completed,5,780.71,20,4
2470,2021-02-09,Production Manager,BPC,Active,Full-Time,Zone C,Temporary,Production       ,General - Con,24-10-1988,MA,Male,Asian,Single,Fully Meets,5,2022-10-21,5,5,2,2023-04-05,Communication Skills,Internal,Completed,2,999.0,33,4
2471,2022-01-06,Production Manager,CCDR,Active,Part-Time,Zone C,Part-Time,Production       ,Fielders,25-07-1959,MA,Male,Other,Divorced,Fully Meets,2,2023-01-23,5,5,3,2022-08-06,Leadership Development,External,Passed,3,489.29,63,4
2472,2023-07-28,Production Manager,EW,Active,Full-Time,Zone B,Temporary,Production       ,Aerial,26-10-1975,MA,Female,Asian,Married,Fully Meets,2,2023-06-22,5,2,3,2023-04-28,Project Management,External,Failed,1,942.75,48,4
2473,2021-03-27,Production Manager,MSC,Active,Contract,Zone B,Full-Time,Production       ,Corp Operations,15-07-1982,MA,Male,Hispanic,Single,Fully Meets,4,2022-09-16,4,4,3,2022-11-02,Leadership Development,Internal,Completed,5,938.63,39,4
2474,2023-03-12,Production Manager,NEL,Active,Contract,Zone A,Temporary,Production       ,Field Operations,13-01-1959,MA,Male,Black,Married,Fully Meets,4,2023-06-12,4,5,2,2022-11-18,Project Management,Internal,Completed,5,543.64,64,4
2475,2022-10-05,Production Manager,PL,Terminated,Part-Time,Zone C,Temporary,Production       ,General - Con,26-02-1942,MA,Male,White,Single,Fully Meets,4,2023-05-18,1,4,1,2022-11-30,Leadership Development,Internal,Failed,2,117.83,80,4
2476,2021-10-01,President & CEO,PYZ,Active,Part-Time,Zone B,Full-Time,Executive Office,Yard (Material Handling),11-07-1967,MA,Male,Other,Single,Fully Meets,2,2023-03-18,3,5,5,2023-06-29,Technical Skills,External,Completed,3,350.21,54,4
2477,2022-01-31,Director of Sales,PL,Active,Contract,Zone A,Full-Time,Sales,Field Operations,14-09-1982,RI,Female,Asian,Divorced,Fully Meets,2,2023-01-09,4,4,3,2022-10-26,Leadership Development,Internal,Passed,4,961.47,40,4
2478,2020-06-01,Director of Operations,PYZ,Active,Full-Time,Zone A,Temporary,Production       ,General - Con,26-07-1994,RI,Female,White,Single,Fully Meets,5,2023-01-30,4,4,1,2022-09-26,Customer Service,Internal,Passed,4,548.18,26,4
2479,2023-04-18,Data Analyst,SVG,Active,Contract,Zone C,Part-Time,IT/IS,General - Con,17-12-1946,MA,Female,Hispanic,Divorced,Fully Meets,4,2022-10-31,2,1,2,2023-06-18,Technical Skills,Internal,Passed,2,439.17,77,4
2480,2020-07-25,IT Director,CCDR,Active,Part-Time,Zone C,Part-Time,IT/IS,Splicing,26-03-1977,MA,Male,White,Widowed,Fully Meets,2,2023-02-12,3,2,3,2023-01-11,Customer Service,External,Passed,1,610.88,43,4
2481,2018-12-12,IT Manager - DB,PL,Active,Full-Time,Zone A,Part-Time,IT/IS,Aerial,03-07-1997,MA,Male,Black,Divorced,Fully Meets,1,2022-08-07,2,5,1,2022-11-11,Technical Skills,External,Incomplete,4,994.03,21,4
2482,2018-09-01,IT Manager - Support,PYZ,Active,Contract,Zone C,Full-Time,IT/IS,Isp,17-04-1950,MA,Male,Black,Married,Fully Meets,4,2023-01-19,4,2,5,2023-05-23,Customer Service,External,Incomplete,4,688.55,68,4
2483,2019-11-24,IT Manager - Infra,WBL,Active,Part-Time,Zone A,Temporary,IT/IS,Fielders,22-05-1944,MA,Male,Black,Divorced,Fully Meets,2,2023-03-08,5,1,3,2022-10-22,Communication Skills,Internal,Failed,4,889.91,75,4
2484,2021-12-26,BI Director,SVG,Active,Part-Time,Zone A,Part-Time,IT/IS,Field Operations,27-11-1947,MA,Male,Black,Single,Fully Meets,4,2023-06-01,1,2,2,2023-04-03,Communication Skills,External,Failed,3,163.61,74,4
2485,2020-03-04,Software Engineering Manager,NEL,Active,Part-Time,Zone B,Part-Time,Software Engineering,Wireless,25-10-1945,MA,Male,White,Widowed,Fully Meets,4,2023-05-14,3,5,5,2022-08-30,Communication Skills,Internal,Completed,2,642.68,75,4
2486,2020-05-03,IT Manager - DB,TNS,Active,Part-Time,Zone A,Temporary,IT/IS,General - Con,24-08-1985,MA,Male,Black,Married,Fully Meets,5,2022-12-31,1,1,5,2023-05-11,Technical Skills,Internal,Passed,4,703.29,35,4
2487,2019-07-20,IT Manager - DB,PYZ,Active,Part-Time,Zone A,Temporary,IT/IS,Splicing,09-12-1978,MA,Male,White,Single,Fully Meets,4,2023-05-06,1,1,4,2022-11-26,Technical Skills,Internal,Failed,4,102.96,41,4
2488,2022-05-26,IT Director,PL,Active,Contract,Zone A,Full-Time,IT/IS,Field Operations,31-01-1989,MA,Male,Other,Married,Fully Meets,1,2023-01-10,2,4,5,2022-12-03,Customer Service,External,Completed,5,278.96,33,4
2489,2021-07-24,Director of Sales,NEL,Active,Contract,Zone A,Part-Time,IT/IS,Field Operations,23-07-1954,MA,Male,Hispanic,Single,Fully Meets,5,2022-09-22,1,3,2,2023-03-30,Communication Skills,Internal,Incomplete,4,168.1,67,4
2490,2021-09-27,Director of Operations,MSC,Active,Contract,Zone A,Part-Time,IT/IS,General - Con,21-07-1954,MA,Male,Other,Widowed,Fully Meets,4,2023-01-25,2,2,4,2023-06-04,Leadership Development,Internal,Incomplete,1,886.63,67,4
2491,2019-04-07,Software Engineer,BPC,Active,Contract,Zone A,Full-Time,Software Engineering,General - Con,28-05-1944,MA,Male,Black,Single,Fully Meets,1,2023-02-23,4,5,2,2023-06-27,Customer Service,External,Incomplete,5,721.79,75,4
2492,2019-07-20,Software Engineer,CCDR,Active,Full-Time,Zone C,Temporary,Software Engineering,General - Con,04-12-1957,MA,Male,White,Married,Fully Meets,2,2023-01-02,3,2,5,2022-11-14,Leadership Development,External,Completed,4,765.32,62,4
2493,2022-12-03,Software Engineer,SVG,Active,Contract,Zone C,Full-Time,Software Engineering,Field Operations,16-05-1981,MA,Male,Black,Divorced,Fully Meets,4,2023-01-23,1,3,1,2023-01-07,Communication Skills,Internal,Completed,2,443.46,41,4
2494,2020-04-04,IT Manager - DB,MSC,Active,Contract,Zone A,Temporary,IT/IS,Field Operations,04-08-1978,MA,Male,Asian,Married,Fully Meets,4,2022-11-06,1,1,1,2022-11-06,Customer Service,Internal,Incomplete,2,203.97,42,4
2495,2020-03-08,IT Director,NEL,Active,Contract,Zone B,Part-Time,IT/IS,Fielders,26-01-1970,MA,Male,Black,Married,Fully Meets,1,2023-01-10,5,1,2,2022-08-27,Project Management,Internal,Incomplete,3,180.44,50,4
2496,2020-09-28,Director of Sales,PL,Active,Part-Time,Zone B,Temporary,IT/IS,Underground,18-03-1961,MA,Male,Other,Single,Fully Meets,2,2022-12-15,2,3,3,2023-02-12,Technical Skills,Internal,Passed,3,647.25,59,4
2497,2021-07-14,Director of Operations,PYZ,Active,Full-Time,Zone C,Temporary,IT/IS,Field Operations,05-09-1955,MA,Male,White,Single,Fully Meets,4,2022-10-27,5,2,5,2022-09-07,Customer Service,Internal,Passed,4,833.99,66,4
2498,2019-10-17,BI Developer,PYZ,Terminated,Full-Time,Zone A,Temporary,IT/IS,Field Operations,08-09-1999,MA,Female,Asian,Divorced,Fully Meets,4,2023-07-05,5,3,5,2022-11-30,Project Management,Internal,Incomplete,4,825.58,20,4
2499,2023-04-08,Software Engineer,PL,Active,Contract,Zone B,Full-Time,Software Engineering,Project Management - Con,04-09-1989,MA,Male,Asian,Married,Fully Meets,4,2023-05-01,5,5,3,2022-10-12,Project Management,Internal,Failed,2,190.49,34,4
2500,2019-07-25,Software Engineer,BPC,Active,Full-Time,Zone C,Part-Time,Software Engineering,Field Operations,17-06-1948,MA,Male,Hispanic,Married,Fully Meets,2,2023-07-01,1,3,5,2023-07-08,Project Management,Internal,Completed,3,961.33,71,4
2501,2022-12-25,Software Engineer,CCDR,Active,Full-Time,Zone A,Temporary,Software Engineering,Finance & Accounting,12-10-1952,MA,Male,Black,Divorced,Fully Meets,2,2023-01-21,1,5,3,2022-09-20,Communication Skills,Internal,Completed,2,608.46,70,4
2502,2019-01-27,Software Engineer,SVG,Active,Part-Time,Zone C,Temporary,Software Engineering,Wireline Construction,06-06-1999,MA,Male,White,Divorced,Fully Meets,2,2023-07-21,3,3,5,2022-08-08,Technical Skills,Internal,Passed,3,971.57,20,4
2503,2021-12-26,IT Manager - DB,PL,Active,Contract,Zone C,Temporary,IT/IS,General - Con,23-12-1949,MA,Male,White,Married,Fully Meets,5,2022-12-06,1,1,1,2023-05-14,Technical Skills,External,Incomplete,3,354.28,72,4
2504,2023-01-12,IT Director,BPC,Active,Full-Time,Zone A,Part-Time,IT/IS,Engineers,16-02-1976,MA,Male,Black,Single,Fully Meets,4,2022-10-22,1,5,3,2022-09-02,Communication Skills,Internal,Failed,5,108.02,47,4
2505,2019-07-02,Director of Sales,CCDR,Active,Contract,Zone B,Temporary,IT/IS,Splicing,01-05-1988,MA,Male,Asian,Single,Fully Meets,1,2022-10-30,3,2,3,2022-11-23,Communication Skills,External,Completed,5,508.85,31,4
2506,2022-06-30,Director of Operations,SVG,Active,Full-Time,Zone C,Full-Time,IT/IS,Field Operations,12-07-1947,MA,Male,White,Single,Fully Meets,5,2022-09-04,3,3,2,2023-02-13,Communication Skills,Internal,Passed,3,811.4,75,4
2507,2023-01-05,BI Developer,CCDR,Terminated,Part-Time,Zone B,Temporary,IT/IS,Aerial,06-09-1985,MA,Female,White,Single,Fully Meets,5,2023-07-31,2,3,4,2022-12-06,Technical Skills,External,Incomplete,2,680.09,38,4
2508,2018-11-18,BI Developer,SVG,Active,Full-Time,Zone A,Part-Time,IT/IS,Field Operations,20-06-1972,MA,Male,Other,Single,Fully Meets,5,2023-07-01,1,4,1,2023-04-25,Technical Skills,External,Completed,3,133.88,46,4
2509,2020-09-21,Software Engineer,EW,Active,Part-Time,Zone C,Full-Time,Software Engineering,Billable Consultants,19-03-1998,MA,Female,Hispanic,Married,Fully Meets,2,2023-03-10,1,2,3,2023-02-08,Communication Skills,Internal,Completed,1,433.69,22,4
2510,2019-11-25,Software Engineer,MSC,Active,Contract,Zone C,Temporary,Software Engineering,Aerial,24-03-1988,MA,Male,Asian,Single,Fully Meets,1,2022-09-10,2,2,2,2022-08-22,Customer Service,Internal,Completed,2,580.84,31,4
2511,2021-02-05,Software Engineer,NEL,Active,Full-Time,Zone C,Part-Time,Software Engineering,Engineers,27-12-1946,MA,Male,Asian,Single,Fully Meets,4,2023-06-24,4,3,1,2023-04-20,Technical Skills,External,Incomplete,4,830.45,75,4
2512,2023-04-16,Software Engineer,PL,Active,Part-Time,Zone B,Temporary,Software Engineering,Field Operations,06-03-1967,MA,Male,Hispanic,Widowed,Fully Meets,4,2022-09-02,1,4,2,2023-02-19,Communication Skills,External,Failed,5,802.2,56,4
2513,2021-08-19,IT Manager - DB,PYZ,Active,Full-Time,Zone A,Full-Time,IT/IS,General - Eng,18-10-1941,MA,Male,Asian,Divorced,Fully Meets,2,2023-03-28,5,2,4,2022-12-05,Communication Skills,Internal,Failed,4,337.06,80,4
2514,2022-01-14,IT Director,PL,Active,Part-Time,Zone A,Full-Time,IT/IS,Engineers,09-09-1957,MA,Male,White,Single,Fully Meets,1,2023-06-10,5,2,2,2023-06-14,Technical Skills,Internal,Incomplete,3,538.16,65,4
2515,2018-09-11,Director of Sales,NEL,Active,Contract,Zone A,Full-Time,IT/IS,General - Sga,10-06-1996,MA,Male,Hispanic,Single,Fully Meets,4,2023-03-28,1,1,1,2023-07-19,Technical Skills,Internal,Passed,1,190.1,22,4
2516,2022-02-18,Director of Operations,MSC,Active,Full-Time,Zone C,Temporary,IT/IS,Field Operations,25-07-1989,MA,Male,Hispanic,Widowed,Fully Meets,5,2023-05-15,5,1,5,2023-01-31,Customer Service,Internal,Completed,1,397.27,33,4
2517,2019-12-01,BI Developer,CCDR,Active,Full-Time,Zone A,Full-Time,IT/IS,Aerial,10-02-1963,MA,Male,Asian,Single,Fully Meets,2,2023-07-05,5,5,1,2023-04-01,Technical Skills,Internal,Incomplete,5,826.65,56,4
2518,2021-02-28,BI Developer,SVG,Active,Full-Time,Zone A,Full-Time,IT/IS,Wireline Construction,26-12-1963,MA,Male,White,Widowed,Fully Meets,4,2022-12-28,4,2,1,2022-10-29,Customer Service,Internal,Completed,4,732.18,58,4
2519,2021-11-13,Software Engineer,NEL,Active,Part-Time,Zone A,Part-Time,Software Engineering,Splicing,14-05-1963,MA,Female,White,Married,Fully Meets,4,2022-09-03,3,5,5,2023-02-08,Technical Skills,External,Failed,2,564.38,58,4
2520,2020-09-27,Software Engineer,PL,Active,Part-Time,Zone C,Part-Time,Software Engineering,Project Management - Con,17-06-1948,MA,Male,Asian,Divorced,Fully Meets,1,2023-02-06,2,1,1,2023-02-07,Customer Service,Internal,Incomplete,2,512.02,72,4
2521,2022-09-03,Software Engineer,BPC,Active,Contract,Zone C,Temporary,Software Engineering,Engineers,24-08-1954,MA,Male,White,Divorced,Fully Meets,1,2023-06-07,4,4,4,2022-11-18,Project Management,Internal,Completed,1,599.41,68,4
2522,2020-10-09,IT Manager - DB,PL,Active,Full-Time,Zone C,Temporary,IT/IS,Field Operations,21-01-1949,MA,Male,Other,Married,Fully Meets,4,2022-08-13,3,3,2,2023-06-30,Communication Skills,Internal,Passed,4,839.04,71,4
2523,2021-11-06,IT Director,BPC,Active,Full-Time,Zone A,Temporary,IT/IS,General - Con,08-09-1970,MA,Male,Hispanic,Single,Fully Meets,5,2023-02-17,1,1,3,2023-06-28,Customer Service,External,Incomplete,4,391.4,51,4
2524,2023-06-24,Director of Sales,CCDR,Active,Contract,Zone A,Part-Time,IT/IS,Finance & Accounting,17-03-1969,MA,Male,Black,Married,Fully Meets,1,2023-07-10,3,3,4,2022-10-15,Leadership Development,Internal,Incomplete,1,569.5,54,4
2525,2021-09-15,Director of Operations,SVG,Active,Full-Time,Zone B,Full-Time,Sales,General - Con,07-02-1952,MA,Male,Other,Married,Fully Meets,2,2023-07-23,2,5,1,2023-04-24,Leadership Development,External,Incomplete,3,450.81,69,4
2526,2022-10-14,BI Developer,NEL,Active,Contract,Zone C,Part-Time,IT/IS,Engineers,28-03-1964,MA,Female,Other,Single,Fully Meets,1,2022-10-22,1,1,1,2023-06-23,Technical Skills,Internal,Passed,2,265.46,58,4
2527,2019-07-22,BI Developer,PL,Active,Full-Time,Zone A,Temporary,IT/IS,Engineers,14-06-1991,MA,Male,Asian,Married,Fully Meets,2,2022-10-28,3,4,5,2022-11-24,Technical Skills,Internal,Passed,2,462.98,28,4
2528,2023-03-20,BI Developer,PYZ,Active,Part-Time,Zone C,Part-Time,IT/IS,Project Management - Con,09-06-1985,MA,Male,White,Married,Fully Meets,1,2023-07-10,2,4,2,2023-07-25,Communication Skills,Internal,Passed,3,760.34,38,4
2529,2022-05-02,Software Engineer,NEL,Active,Full-Time,Zone B,Part-Time,Software Engineering,Underground,17-05-1953,MA,Female,Other,Single,Fully Meets,2,2022-12-08,4,5,1,2022-10-16,Communication Skills,External,Failed,1,383.84,69,4
2530,2022-10-20,Software Engineer,PL,Active,Part-Time,Zone C,Temporary,Software Engineering,Yard (Material Handling),11-04-1980,MA,Male,White,Divorced,Fully Meets,2,2023-07-18,4,1,1,2022-12-11,Technical Skills,External,Failed,4,723.57,42,4
2531,2023-07-24,Software Engineer,BPC,Active,Part-Time,Zone B,Full-Time,Software Engineering,Executive,21-05-1951,MA,Male,Black,Widowed,Fully Meets,2,2022-08-28,2,5,4,2022-11-01,Communication Skills,Internal,Incomplete,1,725.34,72,4
2532,2020-07-18,IT Manager - DB,NEL,Active,Contract,Zone A,Part-Time,IT/IS,General - Con,04-09-1972,MA,Male,Other,Widowed,Fully Meets,4,2023-03-26,1,1,4,2023-05-18,Leadership Development,Internal,Incomplete,2,119.48,48,4
2533,2021-05-05,IT Manager - DB,PL,Active,Full-Time,Zone A,Temporary,IT/IS,Field Operations,13-06-1966,MA,Male,White,Divorced,Fully Meets,1,2022-08-20,1,1,3,2023-07-22,Communication Skills,External,Completed,1,226.93,55,4
2534,2019-04-15,IT Director,BPC,Active,Part-Time,Zone B,Temporary,IT/IS,Project Management - Con,05-07-1960,MA,Male,Other,Divorced,Fully Meets,1,2022-10-15,2,2,5,2022-08-22,Leadership Development,Internal,Passed,3,739.85,59,4
2535,2020-08-24,Director of Sales,CCDR,Active,Contract,Zone B,Part-Time,Sales,Field Operations,22-09-1978,MA,Male,Other,Single,Fully Meets,2,2022-08-06,2,5,2,2022-10-02,Project Management,Internal,Incomplete,2,369.68,42,4
2536,2022-12-31,Director of Operations,SVG,Active,Contract,Zone C,Temporary,Sales,Field Operations,03-02-1951,MA,Male,Hispanic,Married,Fully Meets,2,2022-12-16,2,1,2,2022-08-26,Leadership Development,External,Completed,1,243.63,71,4
2537,2022-09-18,BI Developer,PL,Active,Full-Time,Zone A,Full-Time,IT/IS,Field Operations,24-07-1951,MA,Female,White,Single,Fully Meets,2,2023-07-26,4,5,4,2023-03-19,Project Management,External,Failed,5,475.8,71,4
2538,2019-09-14,BI Developer,BPC,Active,Full-Time,Zone C,Part-Time,IT/IS,Wireline Construction,19-02-1986,MA,Female,Hispanic,Single,Fully Meets,5,2022-10-02,5,4,5,2023-04-06,Leadership Development,External,Passed,3,418.25,33,4
2539,2019-03-19,BI Developer,CCDR,Active,Part-Time,Zone B,Temporary,IT/IS,Wireline Construction,04-10-1953,MA,Male,Black,Married,Fully Meets,2,2022-12-08,4,2,3,2022-11-10,Communication Skills,Internal,Passed,4,703.84,66,4
2540,2022-10-18,Software Engineering Manager,CCDR,Active,Contract,Zone B,Part-Time,Software Engineering,Finance & Accounting,26-08-1994,MA,Female,Black,Divorced,Fully Meets,4,2023-04-16,3,4,4,2022-10-12,Project Management,Internal,Failed,2,602.26,28,4
2541,2022-07-31,Software Engineer,EW,Active,Full-Time,Zone B,Temporary,Software Engineering,Engineers,09-01-1973,MA,Female,Other,Married,Fully Meets,1,2023-07-22,3,4,3,2022-08-11,Communication Skills,Internal,Passed,2,517.83,49,4
2542,2023-03-06,Software Engineer,MSC,Active,Part-Time,Zone A,Part-Time,Software Engineering,Engineers,01-09-1959,MA,Male,Black,Single,Fully Meets,4,2022-09-21,2,1,3,2022-08-21,Communication Skills,External,Completed,5,605.99,64,4
2543,2019-01-30,Software Engineer,NEL,Terminated,Full-Time,Zone A,Full-Time,Software Engineering,General - Con,25-12-1991,MA,Male,White,Divorced,Fully Meets,2,2023-07-06,3,4,3,2022-09-04,Communication Skills,Internal,Passed,1,100.45,28,4
2544,2023-05-22,IT Manager - DB,SVG,Active,Full-Time,Zone C,Temporary,IT/IS,Splicing,14-04-1946,MA,Male,White,Married,Fully Meets,1,2023-07-07,2,3,2,2023-01-27,Communication Skills,Internal,Completed,2,767.56,77,4
2545,2018-12-22,IT Manager - DB,PYZ,Active,Contract,Zone B,Full-Time,IT/IS,Project Management - Con,08-10-1951,MA,Male,Hispanic,Widowed,Fully Meets,4,2023-02-12,3,2,3,2023-06-27,Leadership Development,Internal,Completed,1,352.45,67,4
2546,2022-11-08,IT Director,PL,Active,Part-Time,Zone A,Part-Time,IT/IS,Finance & Accounting,14-02-1990,MA,Male,Other,Married,Fully Meets,4,2022-11-06,4,4,5,2023-05-22,Customer Service,Internal,Completed,3,463.57,32,4
2547,2021-07-03,Director of Sales,NEL,Active,Full-Time,Zone A,Temporary,Sales,General - Con,15-07-1970,MA,Male,Hispanic,Widowed,Fully Meets,4,2023-05-26,2,5,1,2022-09-07,Leadership Development,Internal,Completed,4,372.08,51,4
2548,2018-11-14,BI Developer,PYZ,Active,Contract,Zone A,Temporary,IT/IS,General - Sga,16-02-1954,MA,Female,Other,Divorced,Fully Meets,1,2022-08-07,2,5,3,2023-01-14,Project Management,External,Failed,3,670.58,64,4
2549,2021-09-18,BI Developer,PL,Active,Contract,Zone A,Part-Time,IT/IS,Field Operations,04-07-1963,MA,Female,White,Divorced,Fully Meets,5,2023-01-18,4,3,5,2022-12-18,Project Management,Internal,Passed,2,399.97,58,4
2550,2020-11-19,Software Engineering Manager,WBL,Active,Contract,Zone A,Part-Time,Software Engineering,General - Con,25-04-1952,MA,Female,White,Widowed,Fully Meets,5,2023-01-01,3,1,1,2022-10-09,Project Management,Internal,Incomplete,5,997.89,68,4
2551,2023-05-04,Software Engineer,NEL,Active,Full-Time,Zone B,Temporary,Software Engineering,General - Con,12-05-1988,MA,Female,Other,Widowed,Fully Meets,1,2022-09-03,4,2,2,2023-08-02,Communication Skills,Internal,Completed,2,985.0,35,4
2552,2023-01-21,Software Engineer,PL,Active,Full-Time,Zone B,Temporary,Software Engineering,Project Management - Con,03-11-1954,MA,Male,White,Single,Fully Meets,5,2022-10-19,3,2,3,2022-09-21,Customer Service,Internal,Completed,5,573.47,69,4
2553,2022-08-19,IT Manager - DB,NEL,Active,Contract,Zone B,Part-Time,IT/IS,Aerial,09-10-1973,MA,Male,Other,Divorced,Fully Meets,2,2022-10-16,2,2,2,2022-10-03,Project Management,External,Failed,2,414.08,49,4
2554,2022-07-18,IT Manager - DB,PL,Active,Part-Time,Zone A,Full-Time,IT/IS,General - Eng,03-10-1991,MA,Male,Hispanic,Widowed,Fully Meets,1,2022-12-29,5,1,4,2023-07-29,Communication Skills,External,Completed,5,889.09,31,4
2555,2019-08-14,IT Director,BPC,Active,Full-Time,Zone A,Temporary,IT/IS,Wireless,26-10-1956,MA,Male,Other,Widowed,Fully Meets,2,2023-05-14,5,1,4,2023-01-18,Technical Skills,Internal,Passed,3,650.08,63,4
2556,2020-12-10,Director of Sales,CCDR,Active,Part-Time,Zone A,Full-Time,Sales,Project Management - Eng,25-04-1996,MA,Male,White,Married,Fully Meets,2,2023-02-01,4,1,3,2022-08-19,Customer Service,Internal,Passed,5,283.57,24,4
2557,2019-09-20,BI Developer,MSC,Active,Full-Time,Zone B,Temporary,IT/IS,Engineers,17-06-1964,MA,Female,Black,Married,Fully Meets,2,2022-09-04,1,3,1,2022-08-20,Technical Skills,Internal,Completed,1,908.5,55,4
2558,2021-11-19,Software Engineering Manager,WBL,Active,Full-Time,Zone B,Full-Time,Software Engineering,Field Operations,25-11-1965,MA,Female,Asian,Widowed,Fully Meets,4,2022-12-15,2,4,5,2022-11-07,Technical Skills,Internal,Failed,2,900.85,56,4
2559,2022-04-29,Software Engineer,NEL,Active,Part-Time,Zone B,Full-Time,Software Engineering,Field Operations,23-11-1957,MA,Male,White,Widowed,Fully Meets,1,2023-07-10,3,5,3,2022-09-19,Communication Skills,External,Passed,3,449.84,65,4
2560,2021-06-30,IT Manager - Infra,WBL,Active,Part-Time,Zone A,Part-Time,IT/IS,Field Operations,05-01-1977,MA,Male,Black,Widowed,Fully Meets,4,2022-10-19,5,1,5,2023-08-03,Communication Skills,External,Failed,5,981.9,44,4
2561,2021-07-15,IT Manager - DB,NEL,Active,Contract,Zone B,Temporary,IT/IS,General - Con,11-06-1956,MA,Male,Hispanic,Married,Fully Meets,2,2023-04-15,3,5,4,2022-12-19,Technical Skills,External,Failed,4,289.37,65,4
2562,2021-04-12,IT Manager - DB,PL,Active,Contract,Zone B,Full-Time,IT/IS,Field Operations,18-11-1967,MA,Male,Other,Married,Fully Meets,4,2023-04-17,1,4,3,2023-07-09,Customer Service,Internal,Failed,1,657.23,54,4
2563,2020-12-08,IT Director,BPC,Active,Contract,Zone B,Temporary,IT/IS,Fielders,17-11-1953,MA,Male,Other,Widowed,Fully Meets,2,2022-09-24,2,2,4,2023-08-03,Customer Service,External,Passed,5,416.37,67,4
2564,2019-10-31,Director of Sales,CCDR,Active,Contract,Zone B,Full-Time,Sales,General - Con,11-07-1995,MA,Male,Hispanic,Married,Fully Meets,1,2022-12-11,1,4,4,2023-07-18,Leadership Development,Internal,Completed,4,624.9,24,4
2565,2020-01-22,BI Developer,PL,Active,Contract,Zone C,Temporary,IT/IS,Field Operations,14-11-1985,MA,Female,White,Married,Fully Meets,2,2022-08-17,2,5,4,2022-09-11,Communication Skills,Internal,Passed,2,559.06,35,4
2566,2022-09-20,Software Engineering Manager,CCDR,Active,Full-Time,Zone B,Full-Time,Software Engineering,General - Con,30-09-1966,MA,Male,Other,Married,Fully Meets,2,2023-05-19,3,2,2,2023-07-29,Project Management,External,Incomplete,5,327.37,56,4
2567,2022-12-22,IT Manager - Infra,CCDR,Active,Full-Time,Zone B,Part-Time,IT/IS,Field Operations,15-10-1959,MA,Male,Black,Widowed,Fully Meets,5,2022-08-17,4,3,5,2022-10-24,Communication Skills,Internal,Failed,2,660.4,63,4
2568,2019-03-12,IT Manager - DB,EW,Active,Full-Time,Zone C,Full-Time,IT/IS,Aerial,27-04-1990,MA,Male,Asian,Widowed,Fully Meets,4,2023-06-22,3,5,2,2022-12-15,Leadership Development,External,Passed,5,477.46,29,4
2569,2021-10-07,IT Manager - DB,MSC,Active,Full-Time,Zone C,Temporary,IT/IS,General - Con,28-03-1995,MA,Male,Black,Single,Fully Meets,2,2023-05-28,3,4,3,2023-01-15,Project Management,Internal,Completed,2,694.21,26,4
2570,2019-06-16,IT Director,NEL,Active,Contract,Zone A,Full-Time,IT/IS,Field Operations,18-11-1991,MA,Male,Black,Single,Fully Meets,4,2023-04-15,3,3,1,2023-05-23,Customer Service,Internal,Incomplete,2,737.84,28,4
2571,2021-03-17,BI Director,SVG,Active,Part-Time,Zone A,Full-Time,IT/IS,Field Operations,11-02-1989,MA,Female,Asian,Divorced,Fully Meets,2,2023-06-19,3,3,5,2022-08-15,Technical Skills,Internal,Failed,2,919.95,32,4
2572,2022-08-07,BI Developer,PYZ,Active,Contract,Zone A,Temporary,IT/IS,Engineers,20-05-1994,MA,Male,Asian,Widowed,Fully Meets,4,2022-10-19,1,1,2,2022-09-02,Technical Skills,Internal,Completed,5,797.82,28,4
2573,2020-01-17,Area Sales Manager,NEL,Terminated,Contract,Zone A,Temporary,Sales,Field Operations,02-01-1987,VA,Female,Black,Divorced,Fully Meets,4,2023-04-24,1,4,3,2022-09-27,Customer Service,Internal,Passed,2,806.47,33,4
2574,2022-06-11,Area Sales Manager,EW,Active,Full-Time,Zone C,Full-Time,Sales,Billable Consultants,18-11-1971,UT,Male,Hispanic,Widowed,Fully Meets,2,2023-03-20,3,1,4,2023-07-18,Technical Skills,External,Failed,1,376.59,51,4
2575,2021-03-03,Area Sales Manager,PYZ,Active,Contract,Zone C,Temporary,Sales,Splicing,21-06-1951,ID,Male,Other,Widowed,Fully Meets,4,2023-05-26,4,3,4,2023-02-26,Communication Skills,Internal,Incomplete,2,157.17,70,4
2576,2020-04-16,Area Sales Manager,CCDR,Active,Contract,Zone B,Part-Time,Sales,General - Sga,27-12-1969,MT,Female,Asian,Widowed,Fully Meets,1,2022-11-19,2,4,1,2023-02-23,Leadership Development,External,Incomplete,2,608.82,51,4
2577,2022-09-22,Area Sales Manager,PYZ,Active,Full-Time,Zone A,Temporary,Sales,Wireline Construction,28-07-1963,WA,Female,Other,Married,Fully Meets,2,2022-09-18,5,2,4,2023-07-04,Communication Skills,Internal,Failed,5,928.48,59,4
2578,2023-05-30,Area Sales Manager,MSC,Active,Part-Time,Zone A,Full-Time,Sales,Shop (Fleet),28-01-1996,VT,Female,Black,Single,Fully Meets,5,2023-06-17,4,5,3,2022-10-10,Customer Service,External,Incomplete,1,812.01,27,4
2579,2021-01-14,Area Sales Manager,MSC,Active,Full-Time,Zone C,Full-Time,Sales,General - Eng,29-06-1977,AZ,Female,White,Married,Fully Meets,2,2023-08-05,3,4,4,2022-10-02,Project Management,External,Incomplete,4,941.61,44,4
2580,2020-04-29,Area Sales Manager,BPC,Active,Full-Time,Zone A,Part-Time,Sales,Finance & Accounting,07-04-1954,NH,Male,White,Single,Fully Meets,2,2022-10-28,1,2,4,2023-03-07,Communication Skills,Internal,Incomplete,1,227.13,66,4
2581,2021-07-07,Area Sales Manager,MSC,Active,Full-Time,Zone A,Full-Time,Sales,Field Operations,12-11-1970,AL,Male,Other,Divorced,Fully Meets,1,2023-02-20,2,3,4,2023-05-13,Project Management,External,Passed,1,257.4,51,4
2582,2020-07-28,Area Sales Manager,MSC,Active,Part-Time,Zone C,Temporary,Sales,Wireline Construction,31-08-1992,OH,Female,Hispanic,Single,Fully Meets,1,2022-09-20,3,2,5,2023-03-17,Leadership Development,Internal,Incomplete,2,360.65,28,4
2583,2020-09-16,Area Sales Manager,PYZ,Active,Contract,Zone B,Temporary,Sales,Engineers,29-02-1996,NY,Male,Black,Married,Fully Meets,5,2023-05-20,5,5,3,2023-05-25,Customer Service,External,Completed,5,892.97,24,4
2584,2023-04-23,Area Sales Manager,TNS,Active,Part-Time,Zone C,Part-Time,Sales,Engineers,27-09-1956,ME,Male,White,Single,Fully Meets,4,2023-07-20,4,4,5,2023-03-16,Technical Skills,Internal,Incomplete,4,746.93,67,4
2585,2021-06-04,Area Sales Manager,PYZ,Active,Contract,Zone A,Temporary,Sales,General - Con,21-05-2001,TN,Male,Asian,Divorced,Fully Meets,2,2023-05-03,5,1,4,2023-02-18,Customer Service,External,Incomplete,1,909.6,20,4
2586,2020-04-15,Area Sales Manager,CCDR,Active,Full-Time,Zone B,Temporary,Sales,Field Operations,25-04-1980,NC,Male,Asian,Divorced,Fully Meets,4,2022-11-04,2,4,2,2022-08-05,Customer Service,Internal,Completed,5,222.04,40,4
2587,2019-09-04,Area Sales Manager,NEL,Active,Full-Time,Zone A,Part-Time,Sales,Field Operations,31-07-2000,MA,Male,Other,Widowed,Fully Meets,5,2022-11-24,4,4,4,2023-01-27,Project Management,Internal,Failed,3,583.69,19,4
2588,2020-08-18,Area Sales Manager,PL,Active,Full-Time,Zone C,Full-Time,Sales,Field Operations,24-07-1988,MA,Male,Other,Single,Fully Meets,5,2022-12-12,5,1,5,2023-07-09,Communication Skills,Internal,Passed,3,856.44,32,4
2589,2020-12-05,Area Sales Manager,BPC,Active,Contract,Zone A,Temporary,Sales,Fielders,26-12-1950,AZ,Male,Asian,Single,Fully Meets,5,2022-11-25,2,5,1,2023-04-03,Communication Skills,External,Completed,4,919.1,70,4
2590,2023-01-13,Area Sales Manager,CCDR,Active,Part-Time,Zone A,Full-Time,Sales,Engineers,07-02-1998,AZ,Male,Asian,Married,Fully Meets,5,2022-08-28,1,1,4,2023-06-14,Leadership Development,External,Incomplete,3,606.76,25,4
2591,2019-09-17,Area Sales Manager,SVG,Active,Full-Time,Zone B,Full-Time,Sales,General - Con,08-08-1993,AZ,Male,Asian,Single,Fully Meets,4,2023-07-28,4,5,5,2022-10-06,Customer Service,Internal,Completed,2,745.31,26,4
2592,2020-10-15,Area Sales Manager,EW,Active,Contract,Zone B,Part-Time,Sales,Field Operations,12-06-1949,TN,Male,Asian,Single,Fully Meets,2,2023-06-27,5,1,2,2023-02-10,Technical Skills,Internal,Incomplete,3,240.57,71,4
2593,2018-12-01,Area Sales Manager,MSC,Active,Contract,Zone A,Temporary,Sales,General - Con,08-02-1972,TN,Male,Other,Widowed,Fully Meets,1,2023-04-04,3,1,2,2022-08-16,Communication Skills,Internal,Failed,3,659.82,46,4
2594,2023-07-24,Area Sales Manager,TNS,Active,Part-Time,Zone C,Temporary,Sales,Fielders,27-03-1956,TN,Male,Other,Divorced,Fully Meets,1,2022-12-04,1,5,3,2022-12-01,Communication Skills,Internal,Failed,3,273.94,67,4
2595,2019-10-08,Area Sales Manager,PYZ,Active,Part-Time,Zone A,Full-Time,Sales,Aerial,25-03-1998,TN,Male,Asian,Divorced,Fully Meets,4,2022-12-18,3,5,4,2022-08-12,Customer Service,External,Failed,4,920.91,21,4
2596,2021-10-16,Area Sales Manager,WBL,Active,Contract,Zone A,Full-Time,Sales,Corp Operations,20-05-1977,ID,Male,Black,Divorced,Fully Meets,2,2023-06-06,4,1,2,2023-02-22,Communication Skills,External,Incomplete,2,114.28,44,4
2597,2020-04-03,Area Sales Manager,NEL,Active,Contract,Zone A,Full-Time,Sales,Field Operations,25-09-1944,ID,Male,Asian,Divorced,Fully Meets,2,2023-05-08,4,5,4,2022-10-22,Communication Skills,External,Passed,3,242.28,76,4
2598,2020-01-08,Area Sales Manager,PL,Active,Part-Time,Zone A,Temporary,Sales,General - Con,05-09-1964,ID,Male,Asian,Divorced,Fully Meets,4,2023-05-21,5,3,2,2022-12-14,Customer Service,External,Completed,3,420.06,56,4
2599,2022-03-27,Administrative Assistant,BPC,Active,Contract,Zone A,Temporary,Sales,Yard (Material Handling),11-07-1942,ID,Female,Black,Widowed,Fully Meets,2,2023-03-31,1,4,2,2023-02-13,Customer Service,External,Failed,2,288.93,80,4
2600,2018-09-18,Administrative Assistant,CCDR,Active,Full-Time,Zone C,Temporary,Sales,Aerial,16-01-1965,WA,Female,Asian,Widowed,Fully Meets,2,2022-09-28,5,2,4,2023-05-14,Project Management,Internal,Completed,3,637.45,53,4
2601,2019-11-29,Administrative Assistant,SVG,Active,Full-Time,Zone C,Part-Time,Sales,General - Con,02-03-2001,WA,Female,Hispanic,Widowed,Fully Meets,1,2022-10-06,3,5,5,2023-06-29,Communication Skills,External,Failed,5,944.24,18,4
2602,2019-04-16,Accountant I,EW,Active,Full-Time,Zone C,Full-Time,Admin Offices,Wireline Construction,07-08-1982,MA,Female,Other,Widowed,Fully Meets,2,2023-02-10,5,5,2,2022-12-25,Leadership Development,Internal,Failed,4,364.41,37,4
2603,2019-03-05,Area Sales Manager,NEL,Active,Part-Time,Zone A,Full-Time,Sales,Splicing,08-06-1999,MA,Male,Other,Divorced,Fully Meets,2,2022-12-04,4,1,4,2022-10-20,Communication Skills,Internal,Passed,5,605.84,20,4
2604,2018-12-20,Area Sales Manager,PL,Active,Contract,Zone C,Full-Time,Sales,Aerial,10-03-1987,MA,Male,Other,Divorced,Fully Meets,5,2023-01-23,1,1,2,2022-11-01,Leadership Development,Internal,Failed,5,990.59,31,4
2605,2021-03-08,Area Sales Manager,BPC,Active,Full-Time,Zone C,Part-Time,Sales,Wireline Construction,11-08-1968,AZ,Male,Black,Married,Fully Meets,4,2023-02-25,3,4,3,2022-11-14,Project Management,External,Completed,4,549.19,53,4
2606,2020-10-23,Area Sales Manager,CCDR,Active,Full-Time,Zone C,Part-Time,Sales,Project Management - Con,02-08-1951,AZ,Male,White,Single,Fully Meets,2,2022-12-23,1,5,1,2022-11-15,Leadership Development,External,Incomplete,1,587.34,69,4
2607,2019-03-29,Area Sales Manager,SVG,Active,Contract,Zone B,Part-Time,Sales,Fielders,14-10-1976,AL,Male,White,Married,Fully Meets,2,2023-02-26,3,1,2,2022-12-26,Technical Skills,External,Completed,3,918.96,43,4
2608,2020-10-25,Area Sales Manager,EW,Active,Contract,Zone A,Full-Time,Sales,Field Operations,01-12-1977,TN,Male,Asian,Married,Fully Meets,4,2022-08-07,1,4,5,2023-01-21,Project Management,Internal,Incomplete,2,525.41,43,4
2609,2019-12-06,Area Sales Manager,MSC,Active,Part-Time,Zone B,Temporary,Sales,General - Sga,13-08-1971,TN,Male,Asian,Widowed,Fully Meets,2,2023-04-29,3,3,4,2022-09-04,Communication Skills,External,Passed,1,484.08,48,4
2610,2022-09-23,Area Sales Manager,TNS,Active,Full-Time,Zone B,Full-Time,Sales,General - Con,30-12-1947,TN,Male,White,Widowed,Fully Meets,2,2022-11-04,5,1,2,2023-06-25,Customer Service,External,Passed,5,184.63,75,4
2611,2019-12-26,Area Sales Manager,PYZ,Active,Part-Time,Zone A,Temporary,Sales,Wireline Construction,22-09-1956,TN,Male,Black,Widowed,Fully Meets,2,2023-06-25,5,3,1,2022-10-29,Customer Service,Internal,Failed,3,793.77,63,4
2612,2018-08-27,Area Sales Manager,WBL,Active,Part-Time,Zone B,Part-Time,Sales,Field Operations,01-07-1963,ID,Male,White,Married,Fully Meets,4,2023-03-26,2,2,5,2023-04-23,Customer Service,Internal,Completed,3,301.02,55,4
2613,2022-12-12,Area Sales Manager,NEL,Active,Part-Time,Zone B,Full-Time,Sales,Project Management - Eng,16-07-1944,ID,Male,Black,Single,Fully Meets,5,2023-03-04,2,1,2,2022-10-28,Leadership Development,Internal,Failed,3,253.86,78,4
2614,2021-05-13,Area Sales Manager,PL,Active,Part-Time,Zone A,Full-Time,Sales,Field Operations,14-03-1987,ID,Male,Black,Divorced,Fully Meets,5,2022-11-19,5,1,1,2022-11-09,Project Management,External,Completed,2,468.59,34,4
2615,2021-03-31,Administrative Assistant,BPC,Active,Contract,Zone B,Part-Time,Sales,Finance & Accounting,25-05-1962,WA,Female,Black,Single,Fully Meets,4,2022-12-05,5,1,3,2023-03-10,Leadership Development,Internal,Completed,5,689.87,59,4
2616,2019-08-14,Administrative Assistant,CCDR,Active,Full-Time,Zone A,Part-Time,Sales,Engineers,18-12-1972,WA,Female,Black,Married,Fully Meets,1,2022-09-12,3,1,3,2023-04-16,Customer Service,External,Failed,5,428.33,47,4
2617,2020-08-02,Administrative Assistant,SVG,Active,Full-Time,Zone C,Full-Time,Sales,Catv,26-04-1995,WA,Female,Hispanic,Single,Fully Meets,4,2022-12-23,4,4,2,2023-07-24,Project Management,External,Completed,2,806.47,25,4
2618,2019-06-04,Accountant I,EW,Active,Part-Time,Zone A,Full-Time,Admin Offices,Wireline Construction,20-11-1994,MA,Female,White,Married,Fully Meets,4,2023-08-01,5,3,3,2023-01-23,Communication Skills,Internal,Passed,3,399.63,25,4
2619,2020-06-17,Area Sales Manager,WBL,Active,Contract,Zone A,Temporary,Sales,Field Operations,06-04-1946,MA,Male,Hispanic,Divorced,Fully Meets,5,2023-03-21,1,2,1,2022-12-30,Technical Skills,Internal,Completed,3,440.24,74,4
2620,2021-03-04,Area Sales Manager,NEL,Active,Full-Time,Zone B,Full-Time,Sales,General - Con,02-10-1973,MA,Male,Asian,Married,Fully Meets,1,2023-02-04,4,3,4,2023-01-24,Communication Skills,External,Passed,1,485.2,48,4
2621,2018-09-14,Area Sales Manager,PL,Active,Part-Time,Zone B,Temporary,Sales,Technology / It,06-08-1942,AZ,Male,White,Single,Fully Meets,2,2023-01-02,3,5,4,2023-03-03,Project Management,Internal,Incomplete,2,451.56,76,4
2622,2020-07-20,Area Sales Manager,BPC,Active,Contract,Zone B,Full-Time,Sales,Executive,30-09-1991,AZ,Male,Asian,Widowed,Fully Meets,4,2022-10-06,3,5,1,2022-12-08,Leadership Development,External,Passed,5,159.37,29,4
2623,2020-05-21,Area Sales Manager,CCDR,Active,Contract,Zone C,Full-Time,Sales,Field Operations,13-07-1953,AZ,Male,Asian,Divorced,Fully Meets,2,2022-11-10,2,5,3,2022-08-28,Leadership Development,Internal,Incomplete,4,310.28,67,4
2624,2023-06-11,Area Sales Manager,SVG,Active,Part-Time,Zone C,Temporary,Sales,Wireline Construction,22-07-1984,AL,Male,Other,Single,Fully Meets,2,2023-01-24,1,4,3,2022-11-04,Customer Service,Internal,Incomplete,2,227.91,39,4
2625,2022-11-27,Area Sales Manager,EW,Active,Full-Time,Zone B,Full-Time,Sales,Splicing,09-11-1943,TN,Male,Asian,Divorced,Fully Meets,2,2022-10-11,5,5,3,2022-10-01,Technical Skills,Internal,Failed,3,379.25,79,4
2626,2020-03-02,Area Sales Manager,MSC,Active,Full-Time,Zone C,Temporary,Sales,Project Management - Con,04-09-1976,TN,Male,Asian,Widowed,Fully Meets,4,2022-10-23,1,4,2,2023-01-05,Technical Skills,Internal,Incomplete,3,197.3,44,4
2627,2023-01-29,Area Sales Manager,TNS,Active,Full-Time,Zone C,Part-Time,Sales,Wireline Construction,26-05-1990,TN,Male,Other,Divorced,Fully Meets,4,2022-08-15,5,3,3,2022-08-18,Customer Service,Internal,Completed,4,862.64,33,4
2628,2021-12-07,Area Sales Manager,BPC,Active,Part-Time,Zone A,Temporary,Sales,Sales & Marketing,19-11-1991,TN,Male,Hispanic,Divorced,Fully Meets,2,2022-12-06,5,4,2,2022-09-05,Technical Skills,Internal,Passed,1,896.12,30,4
2629,2023-03-19,Area Sales Manager,CCDR,Active,Contract,Zone B,Temporary,Sales,Underground,04-02-1975,ID,Male,White,Single,Fully Meets,1,2022-10-24,1,5,4,2023-01-05,Communication Skills,External,Completed,4,750.65,48,4
2630,2022-06-10,Area Sales Manager,EW,Active,Part-Time,Zone B,Full-Time,Sales,Field Operations,04-11-1994,ID,Male,Asian,Widowed,Fully Meets,5,2022-09-04,1,5,4,2022-09-07,Technical Skills,External,Incomplete,4,424.19,28,4
2631,2021-03-03,Area Sales Manager,MSC,Active,Full-Time,Zone C,Full-Time,Sales,Catv,09-04-1998,ID,Female,Black,Widowed,Fully Meets,2,2023-01-08,5,1,4,2022-10-11,Customer Service,External,Incomplete,4,775.32,23,4
2632,2022-03-06,Administrative Assistant,NEL,Active,Contract,Zone C,Part-Time,Sales,Field Operations,20-10-1975,WA,Female,Hispanic,Divorced,Fully Meets,4,2023-07-07,1,4,2,2023-04-19,Customer Service,External,Incomplete,2,209.47,47,4
2633,2022-08-08,Administrative Assistant,PL,Active,Part-Time,Zone C,Full-Time,Sales,Project Management - Con,09-09-1985,WA,Female,White,Single,Fully Meets,5,2023-07-01,5,2,3,2023-02-09,Project Management,Internal,Completed,2,859.39,37,4
2634,2023-03-12,Administrative Assistant,PYZ,Active,Part-Time,Zone B,Temporary,Sales,Field Operations,16-02-1943,WA,Female,Asian,Single,Fully Meets,4,2022-12-12,3,5,3,2023-05-26,Project Management,External,Completed,1,532.85,80,4
2635,2019-05-01,Accountant I,SVG,Active,Full-Time,Zone B,Temporary,Admin Offices,General - Con,26-07-1957,MA,Female,Asian,Divorced,Fully Meets,1,2023-06-21,3,1,3,2023-02-03,Communication Skills,External,Passed,2,136.6,62,4
2636,2018-09-13,Area Sales Manager,PYZ,Active,Full-Time,Zone B,Temporary,Sales,General - Eng,20-11-1970,MA,Male,Asian,Married,Fully Meets,5,2022-12-20,5,3,3,2023-07-14,Communication Skills,Internal,Passed,4,483.54,48,4
2637,2022-11-16,Area Sales Manager,WBL,Active,Contract,Zone A,Temporary,Sales,Project Management - Con,04-10-1967,MA,Male,Asian,Divorced,Fully Meets,5,2023-06-27,2,2,2,2023-04-24,Communication Skills,Internal,Completed,1,709.79,55,4
2638,2021-11-20,Area Sales Manager,NEL,Active,Contract,Zone B,Full-Time,Sales,Catv,10-01-1957,AZ,Male,Asian,Divorced,Fully Meets,2,2023-04-28,1,2,2,2023-05-28,Technical Skills,External,Passed,2,152.85,64,4
2639,2020-09-29,Area Sales Manager,PL,Active,Part-Time,Zone C,Temporary,Sales,Project Management - Con,22-09-1975,AZ,Male,Asian,Married,Fully Meets,2,2023-01-31,1,3,3,2023-02-19,Project Management,Internal,Completed,4,977.29,45,4
2640,2021-08-28,Area Sales Manager,BPC,Active,Contract,Zone B,Full-Time,Sales,Wireline Construction,06-11-1962,AZ,Male,Black,Single,Fully Meets,4,2023-07-17,1,5,2,2023-02-20,Project Management,Internal,Failed,4,237.14,59,4
2641,2021-04-28,Area Sales Manager,CCDR,Active,Full-Time,Zone A,Full-Time,Sales,Aerial,20-07-1975,AZ,Male,Asian,Married,Fully Meets,2,2022-11-25,2,3,5,2022-08-25,Technical Skills,Internal,Passed,5,637.84,46,4
2642,2022-06-15,Area Sales Manager,SVG,Active,Full-Time,Zone C,Full-Time,Sales,Field Operations,13-06-1951,AL,Male,Asian,Divorced,Fully Meets,4,2022-12-09,2,3,1,2023-07-01,Project Management,Internal,Completed,1,889.73,71,4
2643,2022-04-15,Area Sales Manager,EW,Active,Full-Time,Zone A,Temporary,Sales,Wireline Construction,24-12-1966,TN,Male,Black,Divorced,Fully Meets,5,2023-05-01,4,3,5,2023-06-15,Project Management,Internal,Failed,2,357.94,56,4
2644,2020-07-19,Area Sales Manager,MSC,Active,Full-Time,Zone C,Part-Time,Sales,Aerial,23-01-1999,TN,Male,Other,Single,Fully Meets,5,2022-11-22,4,1,2,2023-04-01,Customer Service,Internal,Incomplete,1,150.96,21,4
2645,2020-07-02,Area Sales Manager,TNS,Active,Contract,Zone C,Temporary,Sales,Wireline Construction,27-06-1947,TN,Male,Asian,Married,Fully Meets,4,2022-10-25,4,3,5,2022-11-02,Technical Skills,Internal,Completed,2,933.2,73,4
2646,2019-08-04,Area Sales Manager,PYZ,Active,Contract,Zone A,Part-Time,Sales,Project Management - Con,17-06-2001,ID,Male,Black,Widowed,Fully Meets,1,2022-12-14,4,2,2,2023-07-15,Project Management,External,Failed,3,378.6,18,4
2647,2019-01-09,Area Sales Manager,WBL,Active,Contract,Zone A,Temporary,Sales,Project Management - Con,03-11-1950,ID,Male,Hispanic,Single,Fully Meets,5,2022-08-23,5,5,3,2023-01-28,Project Management,Internal,Completed,5,162.93,69,4
2648,2022-10-01,Area Sales Manager,NEL,Active,Part-Time,Zone A,Part-Time,Sales,Fielders,05-07-1994,ID,Male,Other,Married,Fully Meets,2,2023-04-22,4,2,1,2023-03-07,Project Management,External,Incomplete,3,294.91,28,4
2649,2020-09-28,Area Sales Manager,PL,Active,Part-Time,Zone A,Full-Time,Sales,Project Management - Con,21-03-1973,NY,Female,White,Widowed,Fully Meets,4,2022-12-26,4,4,1,2022-09-25,Communication Skills,Internal,Passed,1,836.76,47,4
2650,2018-11-15,Administrative Assistant,BPC,Active,Part-Time,Zone B,Full-Time,Sales,Project Management - Con,15-08-1964,WA,Female,Black,Single,Fully Meets,1,2023-03-24,1,1,1,2022-08-29,Communication Skills,Internal,Passed,1,136.23,54,4
2651,2020-11-24,Administrative Assistant,CCDR,Active,Contract,Zone C,Full-Time,Sales,Project Management - Con,02-03-1992,WA,Female,Hispanic,Divorced,Fully Meets,2,2023-05-31,1,3,2,2023-06-12,Customer Service,External,Completed,3,236.69,28,4
2652,2023-07-09,Administrative Assistant,SVG,Active,Contract,Zone C,Temporary,Sales,General - Sga,08-03-1954,MA,Female,Other,Widowed,Fully Meets,4,2022-11-11,1,4,2,2022-10-23,Customer Service,External,Incomplete,1,424.44,69,4
2653,2023-04-20,Area Sales Manager,PYZ,Active,Full-Time,Zone C,Part-Time,Sales,Wireline Construction,21-04-1944,MA,Male,White,Widowed,Fully Meets,1,2023-02-23,4,5,3,2023-01-24,Technical Skills,Internal,Incomplete,3,139.71,79,4
2654,2019-08-22,Area Sales Manager,WBL,Active,Full-Time,Zone C,Temporary,Sales,General - Con,09-07-1955,MA,Male,Black,Divorced,Fully Meets,4,2023-03-07,4,1,3,2023-03-18,Communication Skills,External,Passed,3,428.13,64,4
2655,2022-08-02,Area Sales Manager,NEL,Active,Contract,Zone A,Part-Time,Sales,General - Con,08-11-1964,AZ,Male,Black,Divorced,Fully Meets,2,2022-08-29,2,5,5,2023-05-31,Project Management,External,Incomplete,3,972.66,58,4
2656,2018-10-31,Area Sales Manager,PL,Active,Part-Time,Zone B,Part-Time,Sales,Aerial,10-02-1957,AZ,Male,Hispanic,Single,Fully Meets,4,2023-03-15,5,4,3,2023-02-25,Communication Skills,External,Failed,1,877.57,61,4
2657,2021-11-23,Area Sales Manager,BPC,Active,Contract,Zone B,Temporary,Sales,Isp,06-06-1995,AZ,Male,White,Widowed,Fully Meets,2,2023-03-04,4,3,3,2023-05-08,Project Management,External,Failed,3,751.13,26,4
2658,2023-07-01,Area Sales Manager,CCDR,Active,Full-Time,Zone A,Temporary,Sales,Engineers,28-03-1960,AZ,Male,Black,Married,Fully Meets,2,2022-10-22,3,1,1,2023-06-29,Technical Skills,External,Passed,1,471.89,63,4
2659,2022-07-18,Area Sales Manager,SVG,Active,Part-Time,Zone B,Temporary,Sales,General - Con,13-07-1990,AL,Male,Black,Single,Fully Meets,2,2023-05-22,5,3,2,2022-08-30,Customer Service,External,Failed,3,957.63,32,4
2660,2019-08-09,Area Sales Manager,EW,Active,Part-Time,Zone C,Part-Time,Sales,Shop (Fleet),27-10-1959,TN,Male,Asian,Divorced,Fully Meets,4,2022-08-23,5,1,1,2022-09-07,Project Management,External,Passed,1,788.33,60,4
2661,2021-07-06,Area Sales Manager,MSC,Active,Part-Time,Zone A,Temporary,Sales,Engineers,11-08-1970,TN,Male,Black,Married,Fully Meets,2,2023-02-25,3,3,2,2023-01-12,Communication Skills,Internal,Completed,4,220.32,51,4
2662,2021-02-02,Area Sales Manager,TNS,Active,Contract,Zone A,Part-Time,Sales,General - Con,12-09-1945,ID,Male,Asian,Single,Fully Meets,2,2023-07-08,4,1,1,2023-03-10,Project Management,External,Completed,5,406.1,76,4
2663,2023-01-06,Area Sales Manager,PYZ,Active,Part-Time,Zone B,Part-Time,Sales,Splicing,21-07-1971,ID,Male,Hispanic,Divorced,Fully Meets,5,2022-08-07,3,4,1,2022-12-17,Customer Service,External,Passed,4,819.64,52,4
2664,2021-11-13,Area Sales Manager,WBL,Active,Full-Time,Zone C,Full-Time,Sales,Project Management - Con,25-06-1961,ID,Male,Hispanic,Divorced,Fully Meets,1,2023-06-13,5,2,2,2022-09-13,Project Management,External,Incomplete,3,355.84,60,4
2665,2020-03-15,Area Sales Manager,NEL,Active,Contract,Zone A,Part-Time,Sales,Splicing,14-07-1991,NY,Male,Hispanic,Married,Fully Meets,4,2022-10-05,1,5,5,2022-09-03,Communication Skills,Internal,Completed,4,786.38,29,4
2666,2018-11-07,Area Sales Manager,PL,Active,Part-Time,Zone C,Full-Time,Sales,Yard (Material Handling),19-01-1946,WA,Female,Other,Single,Fully Meets,4,2023-05-24,5,5,3,2023-02-02,Project Management,Internal,Failed,2,460.62,72,4
2667,2019-10-03,Administrative Assistant,BPC,Active,Full-Time,Zone B,Part-Time,Sales,Billable Consultants,08-10-1965,WA,Female,Other,Widowed,Fully Meets,2,2022-12-28,3,2,3,2023-02-05,Leadership Development,External,Passed,4,821.39,54,4
2668,2022-08-12,Administrative Assistant,CCDR,Active,Contract,Zone C,Part-Time,Sales,General - Con,12-11-1978,MA,Female,Asian,Married,Fully Meets,2,2023-04-28,4,4,1,2023-01-19,Project Management,Internal,Passed,3,968.31,44,4
2669,2018-12-22,Administrative Assistant,SVG,Active,Part-Time,Zone C,Full-Time,Sales,Field Operations,19-01-1952,MA,Female,Black,Single,Fully Meets,1,2023-04-27,4,2,1,2023-03-17,Project Management,Internal,Completed,3,912.22,66,4
2670,2021-03-27,Area Sales Manager,PYZ,Active,Part-Time,Zone A,Full-Time,Sales,Engineers,06-03-1994,MA,Male,Other,Widowed,Fully Meets,1,2023-06-26,4,2,1,2023-06-28,Project Management,External,Completed,4,144.83,27,4
2671,2022-07-18,Area Sales Manager,WBL,Active,Part-Time,Zone C,Temporary,Sales,Field Operations,23-06-1944,MA,Male,Asian,Widowed,Fully Meets,5,2023-02-12,1,2,5,2023-01-14,Project Management,Internal,Passed,4,425.59,78,4
2672,2020-04-09,Area Sales Manager,NEL,Active,Contract,Zone A,Full-Time,Sales,Fielders,23-07-1999,AZ,Male,Asian,Married,Fully Meets,1,2023-06-04,5,2,2,2023-07-18,Project Management,Internal,Incomplete,2,118.43,21,4
2673,2022-01-07,Area Sales Manager,PL,Active,Full-Time,Zone B,Full-Time,Sales,Splicing,19-07-1999,AZ,Male,Other,Single,Fully Meets,4,2022-10-13,5,1,1,2023-05-11,Customer Service,Internal,Incomplete,2,281.27,23,4
2674,2022-07-15,Area Sales Manager,BPC,Active,Part-Time,Zone A,Part-Time,Sales,Fielders,16-12-1968,AZ,Male,White,Widowed,Fully Meets,1,2022-11-06,1,1,4,2023-04-05,Customer Service,External,Incomplete,5,283.65,54,4
2675,2020-11-29,Area Sales Manager,CCDR,Active,Part-Time,Zone C,Part-Time,Sales,Engineers,07-06-1946,AL,Male,Hispanic,Divorced,Fully Meets,5,2023-01-30,2,4,4,2022-10-07,Customer Service,Internal,Completed,3,475.75,74,4
2676,2019-03-20,Area Sales Manager,SVG,Active,Part-Time,Zone C,Part-Time,Sales,Engineers,01-08-1972,AL,Male,Asian,Single,Fully Meets,2,2022-10-16,4,3,4,2022-10-11,Leadership Development,External,Failed,3,188.07,47,4
2677,2019-03-16,Area Sales Manager,EW,Active,Contract,Zone B,Full-Time,Sales,Splicing,13-10-1990,TN,Male,Hispanic,Divorced,Fully Meets,1,2022-11-29,2,1,5,2022-12-30,Technical Skills,External,Incomplete,4,843.69,29,4
2678,2021-05-30,Area Sales Manager,MSC,Active,Full-Time,Zone C,Part-Time,Sales,Field Operations,01-05-1966,ID,Male,White,Single,Fully Meets,5,2023-07-18,5,3,3,2023-04-06,Project Management,External,Failed,3,166.28,55,4
2679,2022-11-17,Area Sales Manager,TNS,Active,Contract,Zone A,Part-Time,Sales,General - Con,20-10-1951,ID,Male,Hispanic,Divorced,Fully Meets,5,2023-02-02,4,4,1,2022-08-17,Communication Skills,External,Completed,2,119.62,71,4
2680,2020-12-25,Area Sales Manager,PYZ,Active,Contract,Zone A,Full-Time,Sales,Billable Consultants,24-01-1948,ID,Male,Black,Single,Fully Meets,2,2022-08-31,1,4,4,2023-05-11,Customer Service,Internal,Failed,2,400.81,72,4
2681,2020-06-16,Area Sales Manager,WBL,Active,Part-Time,Zone C,Full-Time,Sales,Field Operations,04-02-1984,ID,Male,Black,Married,Fully Meets,1,2023-07-22,3,3,3,2023-01-26,Leadership Development,Internal,Completed,1,318.38,36,4
2682,2020-07-28,Area Sales Manager,NEL,Active,Contract,Zone A,Temporary,Sales,Field Operations,05-06-1976,NY,Male,Asian,Widowed,Fully Meets,2,2022-11-02,1,2,2,2023-05-05,Communication Skills,External,Failed,3,238.12,44,4
2683,2021-12-31,Area Sales Manager,PL,Active,Contract,Zone A,Temporary,Sales,General - Con,14-10-1952,WA,Female,Other,Divorced,Fully Meets,4,2022-12-23,3,4,2,2022-08-26,Technical Skills,External,Passed,2,412.34,69,4
2684,2022-02-07,Administrative Assistant,BPC,Active,Full-Time,Zone C,Part-Time,Sales,General - Sga,07-10-1983,MA,Female,White,Widowed,Fully Meets,5,2022-09-14,3,4,2,2023-01-23,Communication Skills,Internal,Passed,5,776.58,39,4
2685,2021-11-23,Administrative Assistant,CCDR,Active,Full-Time,Zone B,Temporary,Sales,General - Sga,08-08-1964,MA,Female,Black,Divorced,Fully Meets,2,2023-07-09,3,1,1,2023-02-07,Project Management,External,Passed,4,231.34,57,4
2686,2021-08-15,Area Sales Manager,PYZ,Active,Contract,Zone C,Part-Time,Sales,Project Management - Con,09-05-1955,MA,Male,Other,Single,Fully Meets,4,2023-01-23,5,3,4,2022-11-12,Project Management,External,Completed,1,278.7,66,4
2687,2021-06-21,Area Sales Manager,WBL,Active,Part-Time,Zone A,Full-Time,Sales,Engineers,16-03-1945,AZ,Male,White,Single,Fully Meets,2,2023-02-20,4,5,5,2023-07-20,Technical Skills,External,Incomplete,1,272.22,76,4
2688,2021-02-13,Area Sales Manager,NEL,Active,Contract,Zone B,Full-Time,Sales,Engineers,09-02-1967,AZ,Male,Black,Married,Fully Meets,1,2022-11-21,2,3,3,2022-11-18,Customer Service,External,Completed,2,638.6,54,4
2689,2020-12-28,Area Sales Manager,PL,Active,Part-Time,Zone C,Part-Time,Sales,Wireline Construction,09-05-1954,AZ,Male,Other,Single,Fully Meets,1,2022-10-06,2,1,1,2023-07-12,Project Management,External,Passed,1,812.6,66,4
2690,2022-04-12,Area Sales Manager,BPC,Active,Part-Time,Zone B,Part-Time,Sales,Project Management - Con,14-04-1997,AZ,Male,Black,Married,Fully Meets,4,2022-10-29,1,3,2,2023-02-23,Technical Skills,External,Completed,1,134.11,25,4
2691,2019-01-02,Area Sales Manager,CCDR,Active,Part-Time,Zone C,Full-Time,Sales,General - Sga,29-11-1972,AL,Male,Black,Widowed,Fully Meets,1,2022-12-21,4,1,1,2022-12-29,Project Management,External,Failed,3,934.3,47,4
2692,2020-08-01,Area Sales Manager,SVG,Active,Full-Time,Zone A,Full-Time,Sales,Underground,22-11-1997,TN,Male,White,Widowed,Fully Meets,4,2023-05-04,4,5,2,2023-05-30,Communication Skills,External,Completed,1,614.11,23,4
2693,2020-10-14,Area Sales Manager,EW,Active,Part-Time,Zone C,Temporary,Sales,General - Sga,26-09-1987,TN,Male,White,Married,Fully Meets,4,2022-11-06,2,5,2,2023-05-16,Project Management,External,Failed,2,175.75,33,4
2694,2023-05-26,Area Sales Manager,MSC,Active,Full-Time,Zone C,Full-Time,Sales,Engineers,15-12-1980,ID,Male,Black,Widowed,Fully Meets,4,2022-12-29,3,4,4,2022-08-08,Customer Service,External,Failed,2,167.34,43,4
2695,2021-08-26,Area Sales Manager,TNS,Active,Full-Time,Zone A,Temporary,Sales,Underground,24-10-1960,ID,Male,Other,Married,Fully Meets,2,2022-12-04,5,2,3,2023-01-25,Customer Service,External,Passed,2,123.83,61,4
2696,2022-11-20,Area Sales Manager,PYZ,Active,Contract,Zone A,Temporary,Sales,Project Management - Con,09-03-1953,ID,Male,Other,Married,Fully Meets,4,2023-05-13,3,1,3,2023-03-29,Technical Skills,External,Incomplete,2,932.48,69,4
2697,2020-02-22,Area Sales Manager,WBL,Active,Full-Time,Zone A,Full-Time,Sales,Splicing,08-02-1964,NY,Male,White,Married,Fully Meets,1,2023-05-30,1,5,3,2023-02-19,Project Management,Internal,Completed,4,714.81,56,4
2698,2021-04-04,Area Sales Manager,NEL,Active,Contract,Zone B,Full-Time,Sales,Field Operations,01-02-1969,NY,Male,Hispanic,Single,Fully Meets,4,2023-05-24,5,4,5,2022-12-12,Project Management,Internal,Incomplete,3,152.78,52,4
2699,2023-08-05,Area Sales Manager,PL,Active,Contract,Zone C,Temporary,Sales,Engineers,24-08-1985,WA,Female,Other,Married,Fully Meets,5,2022-12-07,1,1,5,2023-01-31,Technical Skills,External,Incomplete,2,717.16,38,4
2700,2023-01-10,Administrative Assistant,BPC,Active,Full-Time,Zone B,Temporary,Sales,Project Management - Con,01-09-1992,MA,Female,Other,Single,Fully Meets,4,2023-01-17,3,5,1,2023-06-29,Technical Skills,External,Failed,1,272.59,31,4
2701,2019-04-19,Administrative Assistant,CCDR,Active,Contract,Zone A,Full-Time,Sales,Field Operations,06-09-1959,MA,Female,Black,Married,Fully Meets,5,2023-07-20,5,5,3,2023-04-20,Leadership Development,External,Incomplete,5,155.14,60,4
2702,2019-10-02,Area Sales Manager,BPC,Active,Contract,Zone B,Full-Time,Sales,Aerial,18-09-1962,MA,Male,Asian,Married,Fully Meets,2,2023-04-12,5,1,2,2022-09-05,Communication Skills,Internal,Completed,1,328.74,57,4
2703,2018-11-14,Area Sales Manager,CCDR,Active,Full-Time,Zone A,Part-Time,Sales,General - Con,07-04-1986,AZ,Male,Other,Single,Fully Meets,5,2023-05-27,1,5,4,2023-03-31,Leadership Development,Internal,Passed,2,775.58,32,4
2704,2020-01-27,Area Sales Manager,EW,Active,Part-Time,Zone A,Full-Time,Sales,Field Operations,30-07-1998,AZ,Male,Black,Widowed,Fully Meets,4,2022-09-14,2,4,4,2022-12-10,Leadership Development,Internal,Incomplete,2,499.97,22,4
2705,2018-11-04,Area Sales Manager,MSC,Active,Full-Time,Zone B,Temporary,Sales,General - Con,24-10-2000,AZ,Female,Hispanic,Divorced,Fully Meets,2,2023-07-08,3,2,2,2023-05-24,Communication Skills,External,Incomplete,1,826.31,18,4
2706,2018-12-13,Area Sales Manager,NEL,Active,Part-Time,Zone A,Part-Time,Sales,Field Operations,24-09-1975,NC,Male,Asian,Widowed,Fully Meets,2,2022-12-18,3,2,5,2023-03-28,Leadership Development,Internal,Failed,5,258.38,43,4
2707,2022-11-28,Area Sales Manager,PL,Active,Full-Time,Zone B,Part-Time,Sales,General - Con,20-08-1992,AL,Male,White,Married,Fully Meets,4,2023-01-28,1,2,1,2022-11-16,Customer Service,External,Incomplete,3,412.09,30,4
2708,2022-06-08,Area Sales Manager,PYZ,Active,Full-Time,Zone C,Part-Time,Sales,General - Con,31-07-1965,TN,Male,Asian,Married,Fully Meets,2,2023-01-15,1,3,5,2022-12-04,Leadership Development,Internal,Failed,5,294.23,57,4
2709,2022-04-03,Area Sales Manager,SVG,Active,Full-Time,Zone A,Full-Time,Sales,Field Operations,28-01-1985,ID,Male,Asian,Married,Fully Meets,2,2022-08-28,1,2,2,2022-10-15,Technical Skills,Internal,Failed,2,415.45,37,4
2710,2022-02-28,Area Sales Manager,TNS,Active,Part-Time,Zone C,Full-Time,Sales,Field Operations,14-04-1994,ID,Male,Black,Single,Fully Meets,5,2022-08-12,4,2,3,2023-07-20,Customer Service,Internal,Failed,5,807.71,28,4
2711,2021-08-19,Area Sales Manager,WBL,Active,Contract,Zone C,Temporary,Sales,Field Operations,09-06-1973,ID,Male,Black,Divorced,Fully Meets,2,2023-02-07,4,2,5,2022-09-13,Leadership Development,Internal,Completed,1,408.39,48,4
2712,2018-08-19,Area Sales Manager,PYZ,Active,Full-Time,Zone A,Full-Time,Sales,General - Con,08-07-1992,NY,Male,Other,Married,Fully Meets,1,2023-06-24,3,2,5,2023-01-30,Communication Skills,External,Passed,1,741.6,26,4
2713,2019-10-15,Area Sales Manager,WBL,Active,Full-Time,Zone A,Full-Time,Sales,Aerial,09-02-1997,NY,Male,Black,Married,Fully Meets,5,2022-12-22,5,2,4,2023-04-09,Technical Skills,External,Completed,3,193.48,22,4
2714,2023-02-23,Area Sales Manager,NEL,Active,Part-Time,Zone C,Temporary,Sales,Field Operations,11-07-1972,WA,Male,Asian,Widowed,Fully Meets,1,2022-10-20,3,1,3,2023-01-08,Technical Skills,Internal,Incomplete,5,831.09,51,4
2715,2023-02-01,Area Sales Manager,PL,Active,Full-Time,Zone B,Temporary,Sales,Field Operations,18-08-1995,WA,Female,Asian,Divorced,Fully Meets,4,2023-01-11,3,5,1,2022-10-14,Customer Service,External,Completed,5,573.56,28,4
2716,2023-05-07,Administrative Assistant,BPC,Active,Contract,Zone A,Temporary,Sales,Executive,21-12-1969,MA,Female,Asian,Widowed,Fully Meets,2,2022-09-28,3,2,2,2023-01-16,Leadership Development,Internal,Completed,4,247.11,54,4
2717,2020-05-26,Area Sales Manager,PYZ,Active,Full-Time,Zone A,Temporary,Sales,Field Operations,05-11-1995,MA,Male,Black,Divorced,Fully Meets,1,2023-07-25,1,1,2,2023-03-25,Communication Skills,Internal,Passed,5,866.13,25,4
2718,2022-02-09,Area Sales Manager,WBL,Active,Part-Time,Zone A,Part-Time,Sales,Aerial,26-01-1999,AZ,Male,Other,Married,Fully Meets,5,2023-06-01,3,5,5,2022-11-13,Project Management,Internal,Incomplete,5,760.24,23,4
2719,2022-06-20,Area Sales Manager,NEL,Active,Contract,Zone C,Temporary,Sales,Finance & Accounting,11-02-1996,AZ,Male,Hispanic,Divorced,Fully Meets,4,2022-11-09,5,5,5,2023-07-25,Leadership Development,Internal,Passed,5,992.93,26,4
2720,2022-01-08,Area Sales Manager,PL,Active,Contract,Zone A,Temporary,Sales,Field Operations,13-08-1994,NC,Female,Asian,Widowed,Fully Meets,4,2022-12-12,3,3,2,2023-05-09,Customer Service,External,Failed,2,960.4,28,4
2721,2020-03-01,Area Sales Manager,BPC,Active,Full-Time,Zone A,Full-Time,Sales,Shop (Fleet),15-11-1981,NC,Male,Hispanic,Married,Fully Meets,4,2023-03-26,1,4,3,2022-10-19,Project Management,Internal,Incomplete,4,173.54,39,4
2722,2020-10-05,Area Sales Manager,CCDR,Active,Contract,Zone C,Temporary,Sales,General - Con,02-12-1979,AL,Male,White,Single,Fully Meets,2,2022-12-18,3,4,2,2023-07-17,Leadership Development,External,Passed,1,334.08,41,4
2723,2021-05-12,Area Sales Manager,SVG,Active,Part-Time,Zone C,Temporary,Sales,Field Operations,17-03-1975,TN,Male,White,Widowed,Fully Meets,2,2023-01-31,3,1,5,2023-07-22,Leadership Development,External,Incomplete,3,763.23,46,4
2724,2023-01-01,Area Sales Manager,EW,Active,Part-Time,Zone B,Temporary,Sales,Catv,15-01-1943,ID,Male,Other,Divorced,Fully Meets,1,2023-01-01,5,3,4,2023-06-03,Leadership Development,External,Completed,2,611.51,80,4
2725,2019-11-18,Area Sales Manager,MSC,Active,Contract,Zone B,Full-Time,Sales,Field Operations,21-07-1969,ID,Male,White,Single,Fully Meets,4,2023-01-30,4,1,5,2022-12-29,Technical Skills,Internal,Incomplete,2,354.21,50,4
2726,2021-05-12,Area Sales Manager,TNS,Active,Contract,Zone B,Full-Time,Sales,Wireline Construction,23-02-1971,NY,Male,Asian,Single,Fully Meets,2,2023-07-29,2,4,2,2023-01-16,Customer Service,External,Passed,3,502.39,50,4
2727,2020-02-14,Area Sales Manager,PYZ,Active,Contract,Zone C,Full-Time,Sales,General - Con,12-10-1984,NY,Male,White,Divorced,Fully Meets,5,2023-06-17,1,3,3,2022-12-31,Communication Skills,Internal,Incomplete,2,687.99,36,4
2728,2020-05-08,Area Sales Manager,WBL,Active,Full-Time,Zone B,Full-Time,Sales,Splicing,07-09-1956,WA,Male,Hispanic,Single,Fully Meets,2,2022-12-03,3,2,1,2023-01-27,Project Management,Internal,Completed,5,877.47,64,4
2729,2018-12-10,Area Sales Manager,NEL,Active,Part-Time,Zone B,Full-Time,Sales,Engineers,10-03-1948,WA,Female,Hispanic,Divorced,Fully Meets,2,2023-02-24,3,5,1,2023-07-06,Leadership Development,External,Passed,2,700.04,70,4
2730,2021-12-08,Area Sales Manager,PL,Active,Contract,Zone B,Part-Time,Sales,Underground,28-07-1967,VT,Female,Hispanic,Single,Fully Meets,2,2022-09-16,2,3,4,2023-05-20,Project Management,External,Incomplete,5,486.43,54,4
2731,2019-01-31,Administrative Assistant,BPC,Active,Part-Time,Zone C,Full-Time,Sales,General - Con,30-12-1949,MA,Female,Other,Married,Fully Meets,1,2023-04-26,2,3,2,2023-04-20,Technical Skills,Internal,Failed,1,897.96,70,4
2732,2022-08-31,Area Sales Manager,PYZ,Active,Contract,Zone A,Full-Time,Sales,Shop (Fleet),07-04-1989,ME,Male,Black,Single,Fully Meets,2,2022-11-04,1,5,3,2023-02-23,Customer Service,Internal,Completed,3,147.28,33,4
2733,2022-02-01,Area Sales Manager,WBL,Active,Contract,Zone A,Temporary,Sales,General - Sga,05-01-1996,AZ,Male,Black,Single,Fully Meets,5,2023-04-03,3,4,1,2023-02-12,Leadership Development,Internal,Completed,5,612.96,26,4
2734,2020-12-02,Area Sales Manager,NEL,Active,Contract,Zone C,Part-Time,Sales,General - Con,03-12-1948,AZ,Female,Black,Married,Fully Meets,4,2023-05-14,2,2,3,2023-02-22,Communication Skills,External,Completed,5,953.92,72,4
2735,2020-10-16,Area Sales Manager,PL,Active,Contract,Zone B,Part-Time,Sales,Field Operations,10-04-2001,NC,Female,Asian,Single,Fully Meets,2,2023-06-02,5,1,2,2022-11-12,Leadership Development,External,Incomplete,1,519.23,19,4
2736,2020-05-27,Area Sales Manager,BPC,Active,Contract,Zone A,Full-Time,Sales,General - Con,13-02-1963,AL,Male,Other,Married,Fully Meets,5,2022-11-26,4,2,2,2023-03-05,Technical Skills,Internal,Passed,1,297.94,57,4
2737,2021-08-20,Area Sales Manager,CCDR,Active,Full-Time,Zone C,Temporary,Sales,General - Con,26-05-1972,UT,Male,Black,Married,Fully Meets,4,2022-09-20,5,5,3,2023-04-18,Communication Skills,Internal,Failed,5,317.55,49,4
2738,2019-02-07,Area Sales Manager,SVG,Active,Full-Time,Zone C,Full-Time,Sales,Field Operations,23-09-1957,TN,Male,Hispanic,Married,Fully Meets,5,2023-03-16,4,3,1,2022-10-01,Communication Skills,Internal,Incomplete,5,880.42,62,4
2739,2021-02-18,Area Sales Manager,EW,Active,Contract,Zone A,Part-Time,Sales,General - Con,21-09-1944,ID,Male,Black,Single,Fully Meets,4,2023-06-26,1,2,5,2022-08-21,Customer Service,Internal,Completed,1,457.71,77,4
2740,2022-12-02,Area Sales Manager,MSC,Active,Full-Time,Zone B,Part-Time,Sales,General - Sga,25-09-1983,ID,Male,Black,Single,Fully Meets,1,2023-06-06,2,5,1,2023-05-17,Communication Skills,Internal,Completed,3,200.27,39,4
2741,2021-07-29,Area Sales Manager,TNS,Active,Full-Time,Zone A,Part-Time,Sales,Wireline Construction,27-10-1974,NY,Male,Asian,Divorced,Fully Meets,4,2022-10-09,4,3,1,2022-09-26,Technical Skills,External,Failed,5,573.08,47,4
2742,2022-04-23,Area Sales Manager,PYZ,Active,Full-Time,Zone B,Full-Time,Sales,Field Operations,09-10-1991,NH,Male,Asian,Married,Fully Meets,2,2022-11-25,5,3,4,2022-09-05,Communication Skills,Internal,Incomplete,4,785.39,31,4
2743,2021-07-31,Area Sales Manager,WBL,Active,Full-Time,Zone B,Temporary,Sales,Field Operations,28-01-1982,WA,Male,Black,Married,Fully Meets,4,2022-08-31,3,2,5,2023-04-20,Technical Skills,Internal,Failed,3,437.36,39,4
2744,2020-06-12,Area Sales Manager,NEL,Active,Contract,Zone C,Full-Time,Sales,Field Operations,21-07-1954,VT,Female,Asian,Married,Fully Meets,4,2023-06-25,2,4,2,2022-10-29,Technical Skills,External,Incomplete,5,955.17,66,4
2745,2019-01-25,Area Sales Manager,PL,Active,Contract,Zone B,Part-Time,Sales,Executive,29-04-2001,VA,Female,Hispanic,Divorced,Fully Meets,5,2023-01-13,1,2,2,2022-10-12,Technical Skills,Internal,Failed,3,542.56,18,4
2746,2020-10-24,Administrative Assistant,BPC,Terminated,Full-Time,Zone A,Full-Time,Sales,Project Management - Con,17-05-1977,MA,Female,Hispanic,Widowed,Fully Meets,5,2023-07-13,4,4,5,2023-02-12,Project Management,External,Incomplete,5,399.23,43,4
2747,2018-08-18,Production Technician I,SVG,Active,Part-Time,Zone B,Part-Time,Production       ,General - Con,23-11-1960,MA,Female,Hispanic,Married,Fully Meets,4,2023-05-13,3,1,5,2022-10-15,Technical Skills,External,Failed,2,677.74,58,4
2748,2022-07-11,Production Technician I,PYZ,Active,Full-Time,Zone C,Full-Time,Production       ,General - Sga,15-06-1964,MA,Female,Hispanic,Widowed,Fully Meets,1,2023-08-04,5,2,5,2023-01-14,Project Management,External,Completed,2,301.42,58,4
2749,2018-11-15,Production Technician I,BPC,Terminated,Full-Time,Zone B,Part-Time,Production       ,Technology / It,08-04-1949,MA,Female,Black,Widowed,Fully Meets,5,2023-06-24,5,3,4,2022-11-19,Customer Service,External,Failed,5,149.65,69,4
2750,2022-06-04,Production Technician II,TNS,Active,Full-Time,Zone B,Full-Time,Production       ,Field Operations,03-04-1949,MA,Male,Asian,Divorced,Fully Meets,4,2023-07-11,3,4,4,2023-02-27,Customer Service,Internal,Passed,1,462.45,73,4
2752,2022-10-21,Production Technician I,TNS,Active,Part-Time,Zone A,Temporary,Production       ,General - Con,28-05-1976,MA,Male,Hispanic,Divorced,Fully Meets,4,2023-05-07,3,5,1,2022-12-06,Customer Service,Internal,Incomplete,5,450.64,46,4
2753,2023-01-13,Production Technician I,CCDR,Active,Contract,Zone B,Part-Time,Production       ,Field Operations,11-06-1984,MA,Female,Black,Widowed,Fully Meets,4,2023-05-05,3,1,4,2022-10-18,Communication Skills,Internal,Completed,1,437.7,39,4
2754,2020-04-05,Production Technician I,SVG,Active,Full-Time,Zone C,Full-Time,Production       ,Engineers,05-05-1977,MA,Male,Other,Married,Fully Meets,2,2023-02-14,1,5,1,2023-04-04,Project Management,Internal,Failed,1,823.08,43,4
2755,2022-05-26,Production Technician I,EW,Active,Contract,Zone B,Temporary,Production       ,General - Con,20-11-1955,MA,Male,Other,Single,Fully Meets,2,2022-12-15,5,5,4,2022-12-21,Technical Skills,Internal,Completed,4,118.68,67,4
2756,2021-05-05,Production Technician II,TNS,Active,Part-Time,Zone A,Part-Time,Production       ,Field Operations,21-07-1986,MA,Male,White,Divorced,Fully Meets,2,2022-10-30,1,3,1,2023-04-04,Communication Skills,External,Completed,5,120.79,35,4
2758,2018-12-20,Production Technician I,TNS,Terminated,Part-Time,Zone A,Full-Time,Production       ,Wireline Construction,12-02-1946,MA,Male,Other,Divorced,Fully Meets,2,2023-02-15,1,3,1,2023-05-17,Technical Skills,External,Incomplete,4,100.17,72,4
2759,2018-08-26,Production Technician I,PYZ,Active,Full-Time,Zone B,Full-Time,Production       ,Aerial,04-05-1989,MA,Male,White,Divorced,Fully Meets,2,2022-11-06,3,1,3,2023-06-30,Project Management,Internal,Incomplete,1,662.8,29,4
2760,2020-12-06,Production Technician II,BPC,Active,Part-Time,Zone B,Temporary,Production       ,Fielders,20-07-1969,MA,Male,Other,Single,Fully Meets,2,2022-09-26,2,1,4,2023-05-03,Leadership Development,Internal,Completed,3,287.59,51,4
2761,2021-12-13,Production Technician I,EW,Active,Contract,Zone C,Temporary,Production       ,Wireline Construction,07-02-1997,MA,Female,Asian,Married,Fully Meets,4,2023-02-15,1,4,3,2022-11-26,Project Management,External,Incomplete,4,653.32,24,4
2762,2021-06-27,Production Technician II,CCDR,Terminated,Part-Time,Zone A,Temporary,Production       ,Field Operations,09-12-1944,MA,Female,Asian,Single,Fully Meets,4,2023-01-08,3,1,2,2023-04-26,Leadership Development,Internal,Failed,3,254.85,77,4
2763,2019-10-19,Production Technician I,NEL,Active,Part-Time,Zone C,Full-Time,Production       ,Field Operations,18-05-1991,MA,Female,Hispanic,Single,Fully Meets,2,2022-08-05,4,2,4,2022-11-24,Technical Skills,External,Completed,4,430.35,28,4
2764,2022-11-26,Production Technician I,WBL,Active,Part-Time,Zone C,Full-Time,Production       ,Engineers,24-03-1993,MA,Male,Black,Single,Fully Meets,2,2022-10-22,2,4,3,2023-06-14,Communication Skills,External,Incomplete,5,755.77,29,4
2765,2019-08-19,Production Technician I,PL,Active,Full-Time,Zone C,Full-Time,Production       ,Wireline Construction,09-07-1967,MA,Male,Black,Widowed,Fully Meets,4,2023-01-05,3,1,3,2023-03-30,Customer Service,Internal,Incomplete,2,529.91,52,4
2766,2018-08-22,Production Technician II,EW,Terminated,Part-Time,Zone A,Full-Time,Production       ,Engineers,28-06-1957,MA,Female,Hispanic,Married,Fully Meets,2,2022-09-22,3,5,5,2023-03-25,Technical Skills,External,Completed,1,440.14,61,4
2767,2022-05-04,Production Technician I,BPC,Active,Full-Time,Zone A,Full-Time,Production       ,Field Operations,15-01-1949,MA,Female,Asian,Divorced,Fully Meets,2,2022-12-14,3,3,4,2023-01-21,Customer Service,Internal,Passed,2,972.3,73,4
2768,2022-06-12,Production Technician I,WBL,Active,Part-Time,Zone B,Temporary,Production       ,Underground,20-02-1981,MA,Male,Asian,Married,Fully Meets,2,2022-08-20,2,1,5,2022-10-24,Project Management,Internal,Incomplete,5,176.6,41,4
2769,2018-11-08,Production Technician I,NEL,Active,Contract,Zone A,Part-Time,Production       ,Aerial,31-08-1950,MA,Male,Other,Widowed,Fully Meets,4,2022-08-07,3,1,3,2023-07-17,Project Management,Internal,Completed,1,747.74,68,4
2770,2021-07-05,Production Technician I,PL,Active,Part-Time,Zone A,Part-Time,Production       ,Field Operations,19-11-1945,MA,Male,Black,Divorced,Fully Meets,5,2023-02-25,1,2,3,2023-07-07,Customer Service,External,Passed,5,451.03,76,4
2771,2020-07-08,Production Technician I,BPC,Terminated,Full-Time,Zone A,Temporary,Production       ,Wireline Construction,10-03-1950,MA,Male,Other,Divorced,Fully Meets,5,2023-01-28,2,4,2,2022-12-11,Technical Skills,Internal,Incomplete,5,255.16,70,4
2772,2020-03-13,Production Technician I,CCDR,Active,Full-Time,Zone A,Temporary,Production       ,Wireline Construction,15-04-1973,MA,Male,Other,Married,Fully Meets,1,2023-04-25,2,4,5,2023-02-06,Leadership Development,Internal,Passed,5,258.08,47,4
2773,2022-12-28,Production Technician I,SVG,Active,Full-Time,Zone B,Full-Time,Production       ,Splicing,20-06-1964,MA,Male,White,Widowed,Fully Meets,2,2023-05-29,2,5,4,2023-02-02,Communication Skills,Internal,Completed,4,697.67,58,4
2774,2020-03-17,Production Technician I,EW,Active,Full-Time,Zone B,Part-Time,Production       ,Field Operations,05-06-1993,MA,Male,Other,Divorced,Fully Meets,5,2023-05-28,1,5,3,2023-08-05,Communication Skills,Internal,Passed,5,694.23,27,4
2775,2023-01-07,Production Technician I,MSC,Active,Part-Time,Zone B,Temporary,Production       ,Field Operations,19-02-1966,MA,Female,White,Single,Fully Meets,2,2023-08-04,1,4,3,2022-11-05,Technical Skills,Internal,Incomplete,1,703.45,57,4
2776,2021-12-22,Production Technician I,TNS,Active,Full-Time,Zone B,Part-Time,Production       ,General - Eng,06-02-1975,MA,Male,White,Single,Fully Meets,4,2022-12-26,5,3,5,2023-07-09,Leadership Development,External,Incomplete,1,134.44,46,4
2777,2020-04-29,Production Technician I,PYZ,Active,Part-Time,Zone B,Full-Time,Production       ,General - Con,31-07-1944,MA,Male,Hispanic,Single,Fully Meets,5,2023-08-02,5,1,3,2023-07-25,Communication Skills,Internal,Failed,2,458.37,76,4
2778,2020-12-02,Production Technician I,WBL,Active,Part-Time,Zone C,Temporary,Production       ,Wireless,28-02-1955,MA,Male,Asian,Divorced,Fully Meets,5,2023-02-19,1,1,4,2022-10-06,Project Management,External,Failed,5,594.73,65,4
2779,2021-12-08,Production Technician I,NEL,Active,Contract,Zone A,Part-Time,Production       ,Field Operations,16-07-1957,MA,Male,Hispanic,Married,Fully Meets,2,2022-08-28,4,1,1,2023-02-13,Leadership Development,Internal,Completed,3,330.68,64,4
2780,2022-04-13,Production Technician I,PL,Active,Contract,Zone B,Part-Time,Production       ,General - Con,26-04-1951,MA,Male,White,Married,Fully Meets,4,2022-08-29,3,5,2,2022-12-24,Communication Skills,Internal,Incomplete,3,625.69,71,4
2781,2020-12-23,Production Technician I,BPC,Terminated,Contract,Zone A,Part-Time,Production       ,Field Operations,22-10-1969,MA,Male,Asian,Divorced,Fully Meets,4,2023-02-12,1,2,2,2022-11-12,Leadership Development,Internal,Completed,5,437.26,51,4
2782,2019-03-31,Production Technician I,CCDR,Active,Full-Time,Zone C,Temporary,Production       ,General - Con,18-06-1987,MA,Female,Black,Single,Fully Meets,2,2022-10-07,3,5,3,2022-10-17,Leadership Development,Internal,Passed,2,134.99,32,4
2783,2023-06-11,Production Technician II,SVG,Active,Part-Time,Zone A,Temporary,Production       ,Wireline Construction,21-10-1977,MA,Male,White,Married,Fully Meets,1,2023-01-06,3,1,1,2023-05-20,Technical Skills,External,Incomplete,4,880.21,46,4
2784,2021-05-20,Production Technician II,TNS,Active,Contract,Zone B,Full-Time,Production       ,Field Operations,08-03-1981,MA,Male,White,Divorced,Fully Meets,2,2023-01-09,4,3,4,2022-09-08,Customer Service,Internal,Completed,5,427.99,40,4
2785,2020-11-14,Production Technician II,WBL,Active,Full-Time,Zone C,Full-Time,Production       ,Field Operations,06-07-1967,MA,Male,Hispanic,Widowed,Fully Meets,4,2022-08-15,3,1,5,2022-11-26,Technical Skills,Internal,Completed,1,925.68,53,4
2786,2018-12-29,Production Technician II,PYZ,Active,Contract,Zone A,Full-Time,Production       ,Field Operations,13-07-2000,MA,Female,Asian,Widowed,Fully Meets,1,2022-12-07,4,3,1,2023-06-16,Communication Skills,External,Incomplete,4,485.05,18,4
2787,2021-04-22,Production Technician II,WBL,Active,Contract,Zone A,Full-Time,Production       ,Executive,10-12-1948,MA,Female,White,Divorced,Fully Meets,4,2023-04-10,4,2,5,2023-04-18,Technical Skills,External,Passed,5,720.07,73,4
2788,2023-06-03,Production Technician II,NEL,Terminated,Contract,Zone C,Full-Time,Production       ,Project Management - Con,07-02-1949,MA,Female,Black,Widowed,Fully Meets,1,2023-05-29,4,1,3,2023-01-21,Project Management,External,Incomplete,5,161.15,74,4
2789,2021-04-26,Production Technician I,CCDR,Active,Contract,Zone B,Temporary,Production       ,Wireless,04-06-1942,MA,Male,Asian,Divorced,Fully Meets,4,2022-12-03,1,2,2,2023-06-06,Project Management,Internal,Completed,4,899.17,79,4
2790,2019-04-30,Production Technician I,EW,Active,Contract,Zone B,Part-Time,Production       ,Catv,08-08-1959,MA,Male,Hispanic,Widowed,Fully Meets,4,2023-01-03,1,5,2,2022-09-20,Communication Skills,External,Incomplete,1,438.31,60,4
2791,2021-07-04,Production Technician I,MSC,Active,Contract,Zone B,Temporary,Production       ,Field Operations,28-10-1946,MA,Male,White,Widowed,Fully Meets,2,2023-01-19,1,3,1,2023-04-08,Communication Skills,Internal,Passed,3,903.18,75,4
2792,2023-02-24,Production Technician I,NEL,Active,Part-Time,Zone A,Temporary,Production       ,Engineers,10-05-1953,MA,Male,Black,Single,Fully Meets,1,2022-09-09,3,4,4,2023-05-21,Technical Skills,External,Passed,2,607.81,70,4
2793,2021-03-02,Production Technician I,PL,Active,Full-Time,Zone A,Full-Time,Production       ,Yard (Material Handling),19-08-1981,MA,Male,Black,Divorced,Fully Meets,1,2023-03-27,2,5,3,2022-10-09,Project Management,External,Incomplete,1,774.44,40,4
2794,2021-12-27,Production Technician I,PYZ,Active,Contract,Zone B,Temporary,Production       ,Field Operations,16-05-1976,MA,Male,Hispanic,Single,Fully Meets,5,2022-09-03,5,4,4,2023-01-10,Customer Service,Internal,Incomplete,3,644.38,45,4
2795,2022-07-10,Production Technician I,SVG,Active,Part-Time,Zone C,Temporary,Production       ,General - Eng,26-01-1949,MA,Female,Asian,Single,Fully Meets,4,2023-06-06,5,1,1,2023-04-30,Customer Service,Internal,Failed,4,457.74,73,4
2796,2022-09-19,Production Technician I,TNS,Active,Contract,Zone A,Full-Time,Production       ,Engineers,01-09-1991,MA,Female,Asian,Married,Fully Meets,1,2023-08-05,2,4,2,2022-10-19,Communication Skills,External,Incomplete,2,840.27,31,4
2797,2021-05-30,Production Technician I,WBL,Active,Contract,Zone A,Temporary,Production       ,Aerial,13-11-1964,MA,Male,Other,Married,Exceeds,1,2022-08-05,2,1,2,2022-12-18,Communication Skills,External,Failed,1,559.59,57,5
2798,2020-04-07,Production Technician I,BPC,Active,Contract,Zone A,Part-Time,Production       ,Engineers,17-05-1969,MA,Male,Asian,Divorced,Fully Meets,2,2023-05-29,3,4,2,2023-04-24,Leadership Development,External,Completed,1,840.65,51,4
2799,2021-04-20,Production Technician I,CCDR,Active,Part-Time,Zone A,Part-Time,Production       ,Engineers,21-02-1988,MA,Male,White,Divorced,Fully Meets,2,2023-02-01,2,1,1,2023-07-28,Communication Skills,Internal,Incomplete,1,543.46,33,4
2800,2019-08-02,Production Technician I,EW,Active,Contract,Zone B,Temporary,Production       ,General - Con,10-07-1948,MA,Male,Black,Married,Fully Meets,1,2023-06-20,1,2,2,2022-12-20,Customer Service,External,Incomplete,1,729.03,71,4
2801,2022-01-11,Production Technician I,MSC,Active,Full-Time,Zone C,Temporary,Production       ,Field Operations,28-09-1995,MA,Male,White,Divorced,Fully Meets,5,2022-09-20,1,3,4,2023-06-14,Leadership Development,External,Incomplete,4,449.65,27,4
2802,2020-11-15,Production Technician I,NEL,Active,Contract,Zone C,Part-Time,Production       ,General - Con,11-08-1977,MA,Female,White,Married,Fully Meets,4,2023-07-01,2,3,5,2023-04-21,Technical Skills,External,Passed,3,213.38,43,4
2803,2020-05-08,Production Technician I,PL,Active,Part-Time,Zone B,Part-Time,Production       ,General - Con,03-09-1965,MA,Female,Asian,Married,Fully Meets,5,2022-11-04,4,4,5,2023-01-29,Leadership Development,Internal,Failed,4,106.21,55,4
2804,2019-03-10,Production Technician II,SVG,Active,Part-Time,Zone B,Full-Time,Production       ,Project Management - Con,01-03-1953,MA,Male,Hispanic,Married,Fully Meets,4,2022-12-05,5,4,2,2023-01-26,Leadership Development,Internal,Completed,5,483.07,66,4
2805,2022-04-19,Production Technician II,TNS,Active,Full-Time,Zone C,Part-Time,Production       ,Field Operations,30-07-1988,MA,Male,White,Widowed,Fully Meets,1,2023-05-19,5,3,2,2023-07-18,Project Management,Internal,Passed,2,515.31,34,4
2806,2019-11-30,Production Technician II,WBL,Active,Full-Time,Zone A,Part-Time,Production       ,Catv,22-06-1962,MA,Female,Asian,Divorced,Fully Meets,2,2023-04-14,1,3,1,2023-05-27,Communication Skills,Internal,Incomplete,5,290.8,57,4
2807,2021-07-06,Production Technician II,BPC,Terminated,Part-Time,Zone A,Part-Time,Production       ,Wireline Construction,17-04-1977,MA,Female,White,Married,Fully Meets,2,2023-01-13,3,2,4,2023-04-16,Customer Service,Internal,Passed,4,977.46,44,4
2808,2018-11-27,Production Technician II,CCDR,Active,Part-Time,Zone B,Temporary,Production       ,Billable Consultants,25-12-1993,MA,Female,Asian,Divorced,Fully Meets,4,2023-03-13,5,2,4,2022-09-23,Communication Skills,External,Passed,5,105.41,25,4
2809,2023-01-30,Production Technician I,WBL,Active,Full-Time,Zone C,Part-Time,Production       ,Splicing,24-02-1964,MA,Male,Hispanic,Single,Fully Meets,2,2023-02-13,1,1,5,2022-12-21,Technical Skills,Internal,Failed,2,856.23,59,4
2810,2022-11-17,Production Technician I,NEL,Active,Full-Time,Zone A,Part-Time,Production       ,Field Operations,10-04-1959,MA,Male,Other,Married,Fully Meets,4,2023-07-13,2,5,5,2023-04-05,Technical Skills,Internal,Incomplete,3,964.33,63,4
2811,2018-08-13,Production Technician I,PL,Active,Part-Time,Zone A,Full-Time,Production       ,Field Operations,04-01-1996,MA,Male,Hispanic,Widowed,Fully Meets,2,2023-04-13,3,4,3,2022-11-04,Technical Skills,External,Completed,3,589.88,22,4
2812,2021-07-02,Production Technician I,BPC,Terminated,Part-Time,Zone B,Temporary,Production       ,General - Eng,16-05-1946,MA,Male,White,Divorced,Fully Meets,4,2022-08-14,3,2,5,2022-11-25,Leadership Development,External,Incomplete,4,663.36,75,4
2813,2022-06-28,Production Technician I,CCDR,Active,Contract,Zone B,Full-Time,Production       ,Wireline Construction,27-08-1973,MA,Male,Other,Single,Fully Meets,1,2022-08-28,4,4,2,2023-04-20,Technical Skills,Internal,Completed,2,249.88,49,4
2814,2019-01-25,Production Technician I,SVG,Active,Part-Time,Zone A,Temporary,Production       ,Field Operations,28-09-1975,MA,Male,Hispanic,Single,Fully Meets,2,2023-07-13,4,1,1,2023-07-31,Leadership Development,Internal,Passed,2,809.89,44,4
2815,2023-07-23,Production Technician I,EW,Active,Contract,Zone C,Part-Time,Production       ,Project Management - Con,29-07-1978,MA,Female,Asian,Single,Fully Meets,4,2022-09-22,2,5,3,2023-05-10,Project Management,Internal,Completed,5,224.58,45,4
2816,2022-07-25,Production Technician I,MSC,Active,Full-Time,Zone C,Temporary,Production       ,General - Con,04-12-1992,MA,Female,Black,Married,Fully Meets,5,2023-07-13,4,2,4,2023-03-17,Project Management,External,Incomplete,3,251.78,30,4
2817,2023-01-11,Production Technician I,TNS,Active,Contract,Zone A,Part-Time,Production       ,Field Operations,12-09-1998,MA,Male,White,Widowed,Fully Meets,4,2022-08-12,4,1,5,2023-01-13,Technical Skills,External,Failed,2,314.0,25,4
2818,2023-07-28,Production Technician I,PYZ,Active,Part-Time,Zone B,Temporary,Production       ,Fielders,19-01-1964,MA,Male,Hispanic,Single,Exceeds,2,2023-06-21,4,3,3,2023-02-27,Technical Skills,External,Completed,5,453.51,59,5
2819,2023-05-06,Production Technician I,WBL,Active,Full-Time,Zone C,Part-Time,Production       ,General - Con,03-02-2000,MA,Male,White,Widowed,Fully Meets,4,2022-12-31,2,3,4,2023-07-31,Leadership Development,Internal,Failed,2,595.4,23,4
2820,2022-09-18,Production Technician I,NEL,Active,Full-Time,Zone C,Temporary,Production       ,Wireline Construction,09-07-1979,MA,Male,Hispanic,Divorced,Fully Meets,2,2022-10-16,2,1,5,2022-10-23,Project Management,External,Completed,2,606.3,43,4
2821,2019-09-08,Production Technician I,PL,Active,Full-Time,Zone B,Temporary,Production       ,Field Operations,22-09-1998,MA,Male,Hispanic,Single,Fully Meets,2,2023-04-12,2,5,5,2023-03-06,Technical Skills,Internal,Incomplete,5,841.22,21,4
2822,2019-08-30,Production Technician I,BPC,Active,Part-Time,Zone B,Part-Time,Production       ,Aerial,15-03-1959,MA,Female,White,Divorced,Fully Meets,4,2023-05-24,2,3,3,2022-09-18,Communication Skills,Internal,Failed,4,912.5,60,4
2823,2023-05-22,Production Technician I,CCDR,Active,Contract,Zone B,Part-Time,Production       ,General - Con,07-12-1985,MA,Female,White,Divorced,Fully Meets,2,2023-01-23,5,2,1,2022-09-04,Communication Skills,External,Incomplete,2,196.27,38,4
2824,2021-03-02,Production Technician II,EW,Active,Part-Time,Zone A,Full-Time,Production       ,Wireline Construction,25-12-1962,MA,Male,Hispanic,Widowed,Fully Meets,5,2022-09-09,1,4,1,2022-09-07,Project Management,Internal,Incomplete,1,224.09,59,4
2825,2023-02-13,Production Technician II,MSC,Active,Full-Time,Zone C,Temporary,Production       ,Project Management - Eng,29-12-1982,MA,Male,Hispanic,Widowed,Fully Meets,4,2023-02-22,5,4,4,2022-11-02,Technical Skills,External,Completed,2,363.8,41,4
2827,2020-02-19,Production Technician II,PYZ,Terminated,Full-Time,Zone A,Full-Time,Production       ,Field Operations,09-08-1980,MA,Female,Other,Married,Fully Meets,4,2022-08-30,4,4,5,2022-09-07,Leadership Development,Internal,Incomplete,1,629.85,40,4
2828,2021-10-15,Production Technician II,WBL,Terminated,Full-Time,Zone A,Temporary,Production       ,Field Operations,11-05-1944,MA,Female,Black,Single,Fully Meets,2,2023-02-26,5,5,3,2023-01-30,Communication Skills,Internal,Completed,3,915.92,77,4
2829,2022-11-16,Production Technician I,WBL,Active,Part-Time,Zone B,Part-Time,Production       ,Engineers,14-04-1947,MA,Male,Other,Single,Fully Meets,2,2023-02-07,2,5,3,2022-10-26,Customer Service,External,Passed,3,487.27,75,4
2830,2022-06-30,Production Technician I,NEL,Active,Full-Time,Zone B,Part-Time,Production       ,General - Eng,26-05-1994,MA,Male,White,Married,Fully Meets,1,2022-12-09,1,2,2,2022-12-06,Project Management,External,Completed,1,266.42,28,4
2831,2021-07-28,Production Technician I,PL,Active,Full-Time,Zone C,Full-Time,Production       ,Aerial,29-04-1952,MA,Male,White,Widowed,Fully Meets,2,2023-07-13,5,1,4,2023-02-09,Communication Skills,External,Incomplete,1,277.22,69,4
2832,2021-11-21,Production Technician I,BPC,Active,Contract,Zone C,Full-Time,Production       ,Field Operations,03-01-1975,MA,Male,White,Married,Fully Meets,5,2022-11-14,4,5,5,2022-12-23,Customer Service,Internal,Incomplete,1,545.87,46,4
2833,2020-10-12,Production Technician I,CCDR,Active,Contract,Zone A,Full-Time,Production       ,General - Con,25-03-1989,MA,Male,Asian,Married,Fully Meets,2,2022-09-02,2,5,2,2022-08-24,Leadership Development,External,Incomplete,3,182.84,31,4
2834,2018-10-02,Production Technician I,SVG,Active,Full-Time,Zone A,Full-Time,Production       ,General - Con,16-11-1943,MA,Female,Asian,Divorced,Fully Meets,5,2023-04-30,5,3,3,2023-06-10,Technical Skills,External,Completed,4,149.67,75,4
2835,2021-07-17,Production Technician I,EW,Active,Contract,Zone C,Part-Time,Production       ,Engineers,11-04-1995,MA,Female,White,Divorced,Fully Meets,5,2023-03-30,4,5,3,2022-11-22,Customer Service,Internal,Completed,4,939.72,26,4
2836,2022-04-13,Production Technician I,MSC,Active,Contract,Zone C,Part-Time,Production       ,Catv,07-10-1988,MA,Female,Black,Divorced,Fully Meets,2,2022-08-13,5,4,1,2023-05-18,Customer Service,External,Completed,5,410.04,34,4
2837,2021-03-20,Production Technician I,TNS,Active,Part-Time,Zone C,Temporary,Production       ,Splicing,10-07-1944,MA,Male,Asian,Single,Fully Meets,4,2022-08-08,4,1,4,2023-06-08,Communication Skills,External,Incomplete,1,945.59,77,4
2838,2021-09-09,Production Technician I,PYZ,Active,Part-Time,Zone A,Temporary,Production       ,General - Sga,13-05-1945,MA,Male,Black,Single,Fully Meets,5,2023-07-03,4,4,2,2023-05-18,Communication Skills,Internal,Completed,4,539.06,76,4
2839,2019-12-06,Production Technician I,WBL,Active,Part-Time,Zone C,Part-Time,Production       ,General - Con,06-09-1969,MA,Male,Black,Married,Fully Meets,1,2022-10-23,1,4,5,2022-08-07,Customer Service,External,Incomplete,2,837.22,50,4
2840,2023-04-26,Production Technician I,NEL,Active,Contract,Zone B,Part-Time,Production       ,Fielders,29-04-2000,MA,Male,Hispanic,Divorced,Fully Meets,2,2023-05-07,3,2,3,2022-10-04,Customer Service,Internal,Incomplete,3,360.08,23,4
2841,2019-04-06,Production Technician I,PL,Active,Contract,Zone B,Temporary,Production       ,General - Con,14-10-1961,MA,Male,Hispanic,Married,Fully Meets,5,2022-10-10,2,2,2,2023-04-22,Customer Service,Internal,Completed,2,405.48,58,4
2842,2020-10-19,Production Technician I,BPC,Terminated,Part-Time,Zone B,Temporary,Production       ,General - Con,16-07-1965,MA,Female,Black,Widowed,Fully Meets,1,2022-11-10,2,1,5,2022-12-22,Project Management,Internal,Failed,4,577.78,55,4
2843,2021-11-22,Production Technician II,SVG,Active,Full-Time,Zone C,Temporary,Production       ,General - Con,02-12-1942,MA,Male,Black,Married,Fully Meets,1,2022-10-03,5,1,4,2022-10-01,Leadership Development,External,Completed,2,102.16,79,4
2845,2020-09-03,Production Technician II,WBL,Active,Full-Time,Zone B,Part-Time,Production       ,General - Con,18-06-1979,MA,Female,White,Single,Fully Meets,4,2022-11-14,3,4,2,2023-02-06,Customer Service,External,Completed,2,764.22,41,4
2846,2019-10-14,Production Technician II,BPC,Terminated,Contract,Zone C,Full-Time,Production       ,Wireless,02-09-1955,MA,Female,White,Divorced,Fully Meets,5,2023-04-05,1,1,4,2022-09-02,Communication Skills,Internal,Incomplete,2,326.54,64,4
2848,2022-03-13,Production Technician I,BPC,Terminated,Full-Time,Zone A,Temporary,Production       ,Project Management - Con,28-01-1946,MA,Male,White,Single,Exceeds,1,2022-08-11,2,1,1,2023-07-21,Customer Service,Internal,Failed,2,510.12,76,5
2849,2018-10-02,Production Technician I,CCDR,Active,Part-Time,Zone C,Full-Time,Production       ,General - Con,27-07-1949,MA,Male,Hispanic,Single,Fully Meets,5,2023-02-09,5,1,1,2023-05-06,Technical Skills,Internal,Failed,3,706.23,69,4
2850,2022-10-06,Production Technician I,EW,Active,Full-Time,Zone C,Part-Time,Production       ,General - Con,29-07-1972,MA,Male,Hispanic,Divorced,Exceeds,1,2023-03-31,4,1,4,2023-04-26,Technical Skills,External,Passed,2,634.36,50,5
2851,2020-09-21,Production Technician I,MSC,Active,Full-Time,Zone B,Part-Time,Production       ,Field Operations,05-03-1967,MA,Male,Black,Divorced,Fully Meets,4,2022-10-16,4,3,3,2023-07-16,Communication Skills,Internal,Failed,2,718.77,53,4
2852,2021-12-06,Production Technician I,NEL,Active,Part-Time,Zone C,Temporary,Production       ,Field Operations,20-11-1946,MA,Male,Other,Widowed,Fully Meets,1,2023-02-02,2,1,2,2023-06-23,Communication Skills,Internal,Incomplete,3,820.39,75,4
2853,2022-11-16,Production Technician I,PL,Terminated,Contract,Zone B,Part-Time,Production       ,General - Con,06-04-1994,MA,Male,Other,Widowed,Needs Improvement,5,2023-07-31,5,1,1,2023-01-01,Leadership Development,Internal,Passed,1,835.07,28,2
2854,2022-08-02,Production Technician I,PYZ,Active,Part-Time,Zone A,Full-Time,Production       ,Executive,18-12-1945,MA,Female,Hispanic,Married,Needs Improvement,2,2023-03-05,1,3,4,2023-04-18,Project Management,External,Incomplete,4,670.82,77,2
2855,2022-01-19,Production Technician I,SVG,Active,Part-Time,Zone C,Full-Time,Production       ,Field Operations,18-02-1979,MA,Female,Black,Single,Needs Improvement,4,2023-03-27,3,5,5,2022-09-05,Technical Skills,External,Passed,1,596.23,43,2
2856,2022-04-09,Production Technician I,TNS,Active,Full-Time,Zone A,Temporary,Production       ,Sales & Marketing,16-08-1952,MA,Female,White,Married,Needs Improvement,5,2023-01-23,4,5,2,2023-01-03,Customer Service,Internal,Completed,2,842.67,70,2
2857,2019-07-19,Production Technician I,WBL,Active,Full-Time,Zone A,Part-Time,Production       ,General - Con,01-11-1974,MA,Male,White,Single,Fully Meets,2,2022-12-24,5,2,5,2022-12-25,Customer Service,Internal,Completed,3,229.18,45,4
2858,2021-09-02,Production Technician I,BPC,Active,Full-Time,Zone C,Temporary,Production       ,Engineers,14-01-1974,MA,Male,Other,Married,Fully Meets,5,2023-07-12,1,2,5,2022-11-10,Project Management,Internal,Failed,3,851.72,47,4
2859,2019-02-01,Production Technician I,CCDR,Active,Full-Time,Zone C,Part-Time,Production       ,Field Operations,07-03-1945,MA,Male,Other,Divorced,Needs Improvement,2,2022-08-19,1,3,3,2022-09-23,Technical Skills,Internal,Completed,1,798.08,74,2
2860,2023-04-13,Production Technician I,EW,Active,Part-Time,Zone C,Part-Time,Production       ,General - Con,31-10-1961,MA,Male,Black,Married,Fully Meets,2,2023-01-31,2,1,4,2022-09-13,Leadership Development,External,Passed,3,587.16,62,4
2861,2018-10-06,Production Technician I,MSC,Active,Full-Time,Zone C,Full-Time,Production       ,General - Con,13-07-1986,MA,Male,White,Widowed,Fully Meets,2,2023-07-21,2,4,5,2022-11-07,Project Management,External,Completed,2,828.48,32,4
2862,2020-03-24,Production Technician II,SVG,Active,Part-Time,Zone B,Part-Time,Production       ,Engineers,14-07-1943,MA,Male,Other,Single,Fully Meets,4,2023-03-10,1,2,3,2023-04-11,Communication Skills,Internal,Incomplete,3,192.39,77,4
2863,2021-10-08,Production Technician II,EW,Active,Full-Time,Zone B,Temporary,Production       ,Yard (Material Handling),09-12-1943,MA,Male,Other,Widowed,Needs Improvement,4,2023-03-13,2,2,1,2022-12-08,Customer Service,Internal,Completed,4,422.27,78,2
2864,2022-05-16,Production Technician II,MSC,Active,Part-Time,Zone B,Full-Time,Production       ,Field Operations,26-12-1995,MA,Male,Asian,Single,Fully Meets,2,2022-11-16,1,3,4,2023-06-16,Leadership Development,External,Failed,4,242.25,27,4
2865,2022-05-10,Production Technician II,TNS,Terminated,Part-Time,Zone C,Part-Time,Production       ,General - Con,27-08-1969,MA,Female,White,Divorced,Fully Meets,1,2022-10-23,2,2,3,2023-03-22,Customer Service,External,Passed,4,653.99,53,4
2866,2021-11-16,Production Technician II,BPC,Active,Part-Time,Zone C,Temporary,Production       ,Field Operations,07-09-1951,MA,Female,Hispanic,Single,Fully Meets,2,2023-07-09,3,3,2,2023-04-11,Project Management,External,Passed,5,792.46,70,4
2867,2019-02-25,Production Technician II,CCDR,Active,Part-Time,Zone A,Temporary,Production       ,Technology / It,15-06-1994,MA,Female,White,Single,Fully Meets,2,2023-03-07,3,1,3,2023-02-21,Leadership Development,External,Incomplete,4,317.26,25,4
2868,2022-07-01,Production Technician I,TNS,Active,Full-Time,Zone A,Temporary,Production       ,Executive,25-05-1946,MA,Male,Black,Married,Fully Meets,5,2023-02-13,3,4,1,2023-06-17,Leadership Development,External,Failed,5,866.79,76,4
2869,2022-12-17,Production Technician I,PYZ,Active,Contract,Zone A,Full-Time,Production       ,Aerial,22-03-1943,MA,Male,Black,Widowed,Fully Meets,2,2023-03-24,2,5,4,2023-05-04,Leadership Development,Internal,Completed,2,422.63,79,4
2870,2023-07-26,Production Technician I,WBL,Active,Part-Time,Zone B,Part-Time,Production       ,Sales & Marketing,08-09-1950,MA,Male,Black,Married,Fully Meets,4,2022-11-28,5,3,2,2023-02-24,Project Management,Internal,Passed,5,413.42,73,4
2871,2022-03-11,Production Technician I,NEL,Active,Contract,Zone A,Part-Time,Production       ,Catv,27-04-1953,MA,Male,Hispanic,Divorced,Fully Meets,5,2023-05-31,2,5,2,2022-10-16,Communication Skills,External,Incomplete,5,900.02,69,4
2872,2020-06-29,Production Technician I,PL,Active,Contract,Zone B,Full-Time,Production       ,Wireline Construction,03-12-1967,MA,Male,Hispanic,Married,Fully Meets,2,2023-06-08,3,5,1,2023-03-20,Communication Skills,Internal,Passed,3,573.84,53,4
2873,2022-03-28,Production Technician I,BPC,Active,Part-Time,Zone A,Full-Time,Production       ,Field Operations,12-09-1998,MA,Male,Hispanic,Divorced,Fully Meets,4,2022-12-15,4,2,3,2023-06-05,Project Management,Internal,Failed,2,801.16,24,4
2874,2022-02-14,Production Technician I,CCDR,Active,Part-Time,Zone A,Full-Time,Production       ,Fielders,12-12-1953,MA,Male,White,Divorced,Fully Meets,1,2023-03-14,3,5,1,2022-09-27,Project Management,Internal,Passed,5,107.25,69,4
2875,2020-12-25,Production Technician I,SVG,Active,Full-Time,Zone C,Temporary,Production       ,General - Con,03-06-1981,MA,Female,Black,Divorced,Fully Meets,4,2023-06-12,3,5,4,2022-09-17,Project Management,External,Incomplete,1,892.56,39,4
2876,2023-04-27,Production Technician I,EW,Active,Part-Time,Zone A,Temporary,Production       ,Field Operations,09-04-1957,MA,Female,Asian,Divorced,Fully Meets,4,2022-12-21,3,3,2,2023-07-05,Project Management,External,Failed,1,429.89,66,4
2877,2022-11-11,Production Technician I,MSC,Active,Contract,Zone B,Part-Time,Production       ,Project Management - Con,28-12-1944,MA,Female,Asian,Widowed,Fully Meets,2,2023-03-02,2,4,1,2022-12-10,Customer Service,Internal,Failed,4,664.5,78,4
2878,2021-05-04,Production Technician I,TNS,Active,Part-Time,Zone A,Part-Time,Production       ,General - Sga,11-08-1957,MA,Male,Black,Married,Fully Meets,2,2022-12-09,2,3,3,2022-12-01,Project Management,Internal,Incomplete,5,925.8,64,4
2879,2018-12-20,Production Technician I,PYZ,Active,Full-Time,Zone A,Full-Time,Production       ,Executive,15-11-1962,MA,Male,Black,Married,Fully Meets,2,2023-01-07,1,5,2,2023-06-15,Customer Service,External,Failed,3,118.94,56,4
2880,2021-06-11,Production Technician I,WBL,Active,Contract,Zone A,Temporary,Production       ,General - Con,21-08-2000,MA,Female,Black,Single,Fully Meets,4,2023-01-13,1,1,2,2023-02-15,Project Management,Internal,Failed,4,932.34,21,4
2881,2023-06-07,Production Technician I,NEL,Active,Contract,Zone B,Full-Time,Production       ,Field Operations,22-04-1956,MA,Male,Asian,Divorced,Fully Meets,4,2022-10-20,5,4,1,2023-05-18,Leadership Development,External,Incomplete,1,624.59,67,4
2882,2019-05-21,Production Technician I,PL,Terminated,Part-Time,Zone B,Full-Time,Production       ,Shop (Fleet),29-11-1978,MA,Male,Asian,Widowed,Fully Meets,4,2023-01-10,3,2,5,2023-04-21,Leadership Development,Internal,Failed,4,835.35,41,4
2883,2019-03-01,Production Technician II,CCDR,Active,Part-Time,Zone C,Full-Time,Production       ,General - Con,02-07-1960,MA,Male,Hispanic,Married,Fully Meets,4,2023-06-14,4,3,4,2023-05-11,Customer Service,External,Completed,4,597.63,59,4
2884,2022-02-26,Production Technician II,SVG,Active,Part-Time,Zone A,Part-Time,Production       ,Wireline Construction,14-09-1979,MA,Male,Other,Married,Fully Meets,2,2022-08-08,3,2,4,2023-05-01,Technical Skills,External,Passed,4,974.28,43,4
2886,2020-08-06,Production Technician II,MSC,Active,Contract,Zone A,Temporary,Production       ,Field Operations,30-10-1983,MA,Male,Asian,Married,Fully Meets,2,2023-02-17,5,5,1,2023-07-09,Technical Skills,External,Incomplete,4,263.04,37,4
2887,2020-01-28,Production Technician II,TNS,Terminated,Full-Time,Zone A,Temporary,Production       ,Shop (Fleet),27-04-1987,MA,Female,Black,Married,Fully Meets,5,2023-06-24,5,1,1,2023-04-15,Communication Skills,Internal,Completed,5,411.52,33,4
2890,2022-10-07,Production Technician I,TNS,Active,Full-Time,Zone A,Full-Time,Production       ,General - Sga,20-07-1988,MA,Male,Black,Single,Fully Meets,2,2023-01-17,3,5,5,2022-10-10,Technical Skills,Internal,Completed,5,838.84,34,4
2891,2021-08-11,Production Technician I,PYZ,Active,Contract,Zone A,Temporary,Production       ,Wireline Construction,16-08-1995,MA,Male,Black,Widowed,Fully Meets,1,2023-05-27,5,2,3,2022-12-31,Technical Skills,External,Incomplete,4,767.51,26,4
2892,2021-04-10,Production Technician I,WBL,Active,Contract,Zone A,Full-Time,Production       ,Catv,06-12-1960,MA,Male,Hispanic,Divorced,Fully Meets,2,2023-02-05,2,1,5,2022-08-10,Technical Skills,External,Passed,5,990.52,61,4
2893,2022-02-24,Production Technician I,NEL,Active,Full-Time,Zone A,Temporary,Production       ,Field Operations,25-01-1945,MA,Male,White,Divorced,Fully Meets,2,2022-10-14,3,1,1,2023-06-05,Leadership Development,Internal,Completed,5,205.24,77,4
2894,2022-07-01,Production Technician I,PL,Active,Part-Time,Zone B,Full-Time,Production       ,Field Operations,22-07-1949,MA,Male,White,Single,Fully Meets,4,2023-01-20,1,4,4,2023-06-30,Customer Service,Internal,Completed,5,203.06,73,4
2895,2023-04-04,Production Technician I,BPC,Terminated,Full-Time,Zone A,Temporary,Production       ,Field Operations,11-04-1998,MA,Male,Asian,Married,Fully Meets,2,2023-05-31,1,2,5,2022-11-15,Project Management,External,Incomplete,4,555.6,25,4
2896,2021-10-25,Production Technician I,CCDR,Active,Full-Time,Zone B,Part-Time,Production       ,Field Operations,28-11-1979,MA,Male,Other,Divorced,Fully Meets,4,2023-07-01,5,4,1,2023-07-01,Technical Skills,Internal,Passed,5,794.92,42,4
2897,2022-03-04,Production Technician I,SVG,Active,Full-Time,Zone C,Part-Time,Production       ,Field Operations,10-06-1963,MA,Female,Hispanic,Widowed,Fully Meets,4,2023-04-04,3,5,2,2022-11-26,Leadership Development,Internal,Passed,2,926.17,59,4
2898,2019-12-20,Production Technician I,EW,Active,Contract,Zone A,Full-Time,Production       ,Field Operations,09-01-1987,MA,Female,Other,Single,Fully Meets,4,2022-11-20,1,4,3,2023-06-22,Leadership Development,Internal,Completed,1,832.37,32,4
2899,2020-09-11,Production Technician I,MSC,Active,Part-Time,Zone B,Part-Time,Production       ,Project Management - Con,29-04-1992,MA,Male,Other,Single,Fully Meets,5,2022-10-24,1,5,3,2023-03-26,Leadership Development,Internal,Completed,5,128.8,28,4
2900,2021-10-31,Production Technician I,TNS,Active,Part-Time,Zone B,Temporary,Production       ,General - Con,01-10-1952,MA,Male,White,Widowed,Exceeds,2,2022-10-29,1,4,1,2023-01-16,Customer Service,External,Passed,4,255.02,69,5
2901,2018-10-21,Production Technician I,PYZ,Active,Part-Time,Zone A,Part-Time,Production       ,Wireline Construction,21-12-1991,MA,Female,White,Single,Fully Meets,4,2023-05-20,1,4,5,2023-07-13,Leadership Development,Internal,Incomplete,4,674.34,27,4
2902,2021-01-07,Production Technician I,WBL,Active,Part-Time,Zone B,Part-Time,Production       ,Field Operations,11-03-1961,MA,Female,Black,Widowed,Fully Meets,1,2022-10-23,5,4,3,2023-03-31,Project Management,External,Incomplete,2,778.36,60,4
2903,2023-02-09,Production Technician I,NEL,Active,Part-Time,Zone A,Full-Time,Production       ,Engineers,26-02-1998,MA,Male,Asian,Single,Needs Improvement,5,2022-08-09,3,3,5,2023-06-22,Customer Service,External,Failed,2,906.63,25,2
2904,2020-02-15,Production Technician I,PL,Terminated,Full-Time,Zone A,Part-Time,Production       ,Project Management - Con,05-10-1946,MA,Female,Other,Widowed,Exceeds,4,2022-08-27,4,2,4,2023-05-06,Technical Skills,External,Failed,4,986.01,74,5
2905,2022-10-14,Production Technician II,PL,Active,Full-Time,Zone C,Full-Time,Production       ,Yard (Material Handling),05-12-1973,MA,Male,Asian,Divorced,Fully Meets,1,2022-09-10,2,5,1,2022-10-14,Leadership Development,External,Passed,5,846.88,49,4
2906,2018-10-02,Production Technician II,PYZ,Active,Contract,Zone B,Part-Time,Production       ,Field Operations,11-02-1979,MA,Male,Asian,Divorced,Needs Improvement,5,2023-07-15,2,5,4,2022-12-06,Technical Skills,External,Incomplete,1,998.74,39,2
2907,2020-06-22,Production Technician II,SVG,Active,Full-Time,Zone C,Part-Time,Production       ,Yard (Material Handling),04-03-1962,MA,Male,White,Widowed,Needs Improvement,4,2023-03-15,1,4,5,2023-02-12,Communication Skills,External,Completed,4,510.69,58,2
2908,2021-03-19,Production Technician II,TNS,Active,Contract,Zone C,Temporary,Production       ,Project Management - Con,06-04-1980,MA,Male,Asian,Single,Exceeds,1,2023-05-14,4,2,5,2022-11-28,Leadership Development,External,Passed,1,100.55,41,5
2909,2019-03-28,Production Technician II,WBL,Active,Full-Time,Zone C,Part-Time,Production       ,Field Operations,02-10-1941,MA,Female,Hispanic,Single,Needs Improvement,1,2023-02-13,2,4,4,2023-05-12,Technical Skills,Internal,Passed,4,818.39,78,2
2910,2022-05-01,Production Technician II,BPC,Active,Part-Time,Zone A,Full-Time,Production       ,Field Operations,10-01-1946,MA,Female,White,Divorced,Exceeds,1,2023-05-05,5,1,3,2022-09-19,Technical Skills,Internal,Incomplete,1,763.78,76,5
2911,2018-08-07,Production Technician I,TNS,Active,Part-Time,Zone A,Full-Time,Production       ,Finance & Accounting,17-12-1952,MA,Male,Asian,Divorced,Exceeds,2,2022-10-27,5,2,2,2023-03-28,Technical Skills,Internal,Passed,1,292.36,66,5
2912,2022-05-01,Production Technician I,PYZ,Active,Full-Time,Zone C,Temporary,Production       ,Project Management - Con,30-05-1962,MA,Male,Black,Widowed,Needs Improvement,4,2023-07-07,3,5,3,2023-01-11,Communication Skills,Internal,Completed,2,990.45,60,2
2913,2019-12-03,Production Technician I,WBL,Active,Full-Time,Zone B,Part-Time,Production       ,Splicing,15-10-1950,MA,Male,Hispanic,Divorced,Needs Improvement,2,2023-05-05,4,1,2,2022-12-01,Communication Skills,External,Completed,3,989.75,69,2
2914,2020-01-02,Production Technician I,NEL,Active,Full-Time,Zone C,Part-Time,Production       ,Splicing,02-12-1972,MA,Male,Hispanic,Widowed,Exceeds,2,2023-05-29,5,3,3,2022-10-15,Communication Skills,Internal,Failed,1,194.13,48,5
2915,2022-04-30,Production Technician I,PL,Terminated,Full-Time,Zone B,Part-Time,Production       ,Field Operations,03-09-1992,MA,Male,Asian,Widowed,Exceeds,1,2023-04-29,3,4,2,2023-03-25,Technical Skills,Internal,Incomplete,2,993.79,30,5
2916,2020-07-04,Production Technician I,BPC,Terminated,Part-Time,Zone C,Temporary,Production       ,General - Sga,27-01-1953,MA,Male,White,Single,Needs Improvement,2,2023-02-20,4,4,2,2022-10-09,Technical Skills,Internal,Incomplete,2,932.4,67,2
2917,2020-02-05,Production Technician I,CCDR,Active,Contract,Zone A,Part-Time,Production       ,Field Operations,25-12-1991,MA,Male,Other,Widowed,Exceeds,4,2023-01-17,1,4,5,2022-10-15,Customer Service,External,Passed,3,636.37,29,5
2918,2018-12-22,Production Technician I,SVG,Active,Part-Time,Zone B,Full-Time,Production       ,Field Operations,08-05-1979,MA,Female,Black,Widowed,Exceeds,4,2022-12-11,4,3,1,2022-08-28,Project Management,External,Failed,1,333.03,39,5
2919,2019-04-21,Production Technician I,EW,Active,Full-Time,Zone A,Part-Time,Production       ,Field Operations,07-11-1988,MA,Female,White,Single,Needs Improvement,5,2023-06-11,5,1,2,2023-04-23,Technical Skills,Internal,Failed,1,195.63,31,2
2920,2020-04-03,Production Technician I,MSC,Active,Full-Time,Zone A,Part-Time,Production       ,Field Operations,11-02-1959,MA,Male,Hispanic,Single,Exceeds,5,2023-02-04,2,4,4,2022-09-27,Technical Skills,External,Completed,2,140.27,61,5
2921,2018-09-22,Production Technician I,TNS,Active,Full-Time,Zone B,Part-Time,Production       ,Aerial,08-08-1957,MA,Female,Asian,Divorced,Exceeds,2,2023-03-15,5,2,3,2023-01-11,Customer Service,External,Incomplete,1,465.54,61,5
2922,2022-10-14,Production Technician I,BPC,Active,Part-Time,Zone B,Full-Time,Production       ,General - Con,25-04-1993,MA,Female,Other,Married,Exceeds,5,2023-04-29,4,2,5,2023-05-19,Technical Skills,External,Incomplete,1,713.3,29,5
2923,2022-02-12,Production Technician I,CCDR,Active,Part-Time,Zone A,Part-Time,Production       ,Field Operations,01-07-1980,MA,Female,White,Married,Needs Improvement,4,2023-05-06,5,1,2,2022-10-15,Technical Skills,Internal,Failed,4,632.73,42,2
2924,2021-03-23,Production Technician I,EW,Terminated,Contract,Zone B,Part-Time,Production       ,Field Operations,15-05-1979,MA,Male,Asian,Married,Exceeds,5,2023-05-16,5,4,4,2022-10-31,Technical Skills,External,Failed,1,244.84,42,5
2925,2018-08-30,Production Technician II,CCDR,Active,Part-Time,Zone B,Temporary,Production       ,General - Sga,18-09-1972,MA,Male,Other,Divorced,Exceeds,4,2023-07-30,1,3,1,2023-04-14,Communication Skills,External,Failed,4,689.93,46,5
2928,2021-01-10,Production Technician II,MSC,Active,Full-Time,Zone B,Part-Time,Production       ,General - Con,12-04-1972,MA,Female,Hispanic,Divorced,Fully Meets,5,2022-08-28,5,4,1,2023-06-21,Communication Skills,External,Incomplete,2,175.63,49,4
2929,2020-08-19,Production Technician II,TNS,Terminated,Full-Time,Zone B,Temporary,Production       ,Field Operations,05-06-1986,MA,Female,White,Widowed,Needs Improvement,2,2023-01-28,1,3,4,2022-09-23,Project Management,Internal,Passed,5,120.14,34,2
2930,2023-04-21,Production Technician II,PYZ,Active,Part-Time,Zone A,Full-Time,Production       ,Wireless,20-03-1999,MA,Female,Black,Widowed,Exceeds,2,2023-06-19,1,4,2,2023-02-23,Technical Skills,External,Failed,5,871.29,24,5
2931,2020-01-29,Production Technician I,MSC,Terminated,Full-Time,Zone B,Temporary,Production       ,Field Operations,11-07-1969,MA,Male,Hispanic,Single,Exceeds,2,2022-09-20,5,4,4,2023-07-23,Leadership Development,External,Passed,1,485.84,51,5
2932,2021-08-19,Production Technician I,TNS,Terminated,Part-Time,Zone A,Full-Time,Production       ,Finance & Accounting,13-01-1948,MA,Male,Hispanic,Widowed,Fully Meets,4,2023-04-28,4,4,3,2023-05-17,Communication Skills,External,Completed,2,275.36,73,4
2933,2021-03-18,Production Technician I,PYZ,Active,Full-Time,Zone A,Part-Time,Production       ,Wireline Construction,13-03-1949,MA,Male,White,Single,Needs Improvement,1,2023-05-02,3,1,4,2023-07-02,Communication Skills,External,Incomplete,3,933.67,72,2
2934,2021-10-24,Production Technician I,WBL,Active,Contract,Zone B,Temporary,Production       ,Field Operations,14-11-1963,MA,Male,Asian,Widowed,Fully Meets,2,2022-11-16,4,3,1,2023-03-14,Technical Skills,Internal,Passed,4,927.08,58,4
2935,2020-10-03,Production Technician I,NEL,Active,Contract,Zone B,Part-Time,Production       ,Wireline Construction,09-12-1995,MA,Male,White,Divorced,Fully Meets,5,2023-02-14,5,1,1,2023-07-25,Communication Skills,External,Passed,4,395.52,25,4
2936,2023-02-21,Production Technician I,PL,Active,Contract,Zone C,Part-Time,Production       ,General - Con,15-09-1984,MA,Male,Asian,Married,Needs Improvement,1,2022-09-18,4,3,1,2022-12-23,Leadership Development,Internal,Completed,3,123.26,39,2
2937,2020-08-01,Production Technician I,BPC,Active,Contract,Zone A,Temporary,Production       ,Yard (Material Handling),23-07-1952,MA,Male,Black,Married,Needs Improvement,2,2022-12-09,1,4,4,2023-07-25,Leadership Development,Internal,Completed,3,198.45,68,2
2938,2023-01-08,Production Technician I,CCDR,Active,Full-Time,Zone C,Full-Time,Production       ,Aerial,11-12-1972,MA,Male,White,Married,Needs Improvement,1,2023-01-30,2,5,1,2023-05-18,Communication Skills,Internal,Passed,2,478.07,51,2
2939,2022-07-26,Production Technician I,SVG,Active,Contract,Zone B,Full-Time,Production       ,General - Eng,23-07-1980,MA,Female,Hispanic,Single,Needs Improvement,2,2023-04-13,4,3,3,2022-09-06,Project Management,External,Completed,3,285.5,42,2
2940,2020-08-31,Production Technician I,EW,Active,Contract,Zone A,Part-Time,Production       ,Yard (Material Handling),05-12-1972,MA,Female,Black,Single,Needs Improvement,5,2023-04-18,5,1,3,2023-06-14,Communication Skills,External,Passed,2,490.26,48,2
2941,2022-11-05,Production Technician I,MSC,Active,Part-Time,Zone B,Full-Time,Production       ,Engineers,26-04-1994,MA,Male,Hispanic,Divorced,Needs Improvement,2,2022-12-14,5,2,5,2022-11-11,Customer Service,Internal,Completed,3,828.68,28,2
2942,2019-05-30,Production Technician I,TNS,Active,Full-Time,Zone C,Part-Time,Production       ,General - Sga,01-03-1949,MA,Female,Black,Widowed,Needs Improvement,2,2022-10-17,3,3,4,2023-02-20,Technical Skills,External,Incomplete,2,858.29,70,2
2943,2019-12-09,Production Technician I,PYZ,Active,Full-Time,Zone B,Part-Time,Production       ,General - Sga,14-02-1963,MA,Female,Other,Single,Needs Improvement,2,2022-10-18,4,1,5,2023-04-04,Communication Skills,External,Completed,3,494.19,56,2
2944,2019-05-10,Production Technician I,WBL,Active,Part-Time,Zone C,Part-Time,Production       ,General - Eng,08-04-1952,MA,Female,Other,Widowed,Needs Improvement,1,2023-05-21,2,4,1,2023-02-17,Communication Skills,Internal,Passed,4,502.56,67,2
2945,2019-09-03,Production Technician I,NEL,Terminated,Full-Time,Zone B,Temporary,Production       ,Aerial,21-08-1976,MA,Male,White,Widowed,Needs Improvement,4,2022-09-21,4,2,1,2023-07-01,Communication Skills,External,Failed,5,826.82,43,2
2946,2018-09-13,Production Technician II,BPC,Active,Contract,Zone A,Full-Time,Production       ,Splicing,29-06-1984,MA,Male,Black,Divorced,Needs Improvement,2,2023-01-20,4,5,3,2023-07-12,Leadership Development,Internal,Failed,4,655.83,34,2
2947,2021-06-10,Production Technician II,CCDR,Active,Part-Time,Zone C,Temporary,Production       ,Wireline Construction,18-08-1958,MA,Male,Asian,Divorced,Fully Meets,1,2023-02-11,3,4,2,2022-08-13,Project Management,External,Incomplete,1,543.81,63,4
2950,2018-09-14,Production Technician II,MSC,Terminated,Part-Time,Zone C,Temporary,Production       ,People Services,04-01-1943,MA,Female,White,Married,Needs Improvement,4,2022-08-21,3,3,5,2023-03-19,Technical Skills,Internal,Completed,2,331.52,75,2
2951,2019-05-26,Production Technician II,TNS,Active,Full-Time,Zone C,Part-Time,Production       ,General - Con,05-10-1943,MA,Female,Black,Widowed,Fully Meets,2,2023-05-31,3,1,3,2022-09-07,Leadership Development,External,Passed,3,973.96,76,4
2952,2019-07-05,Production Technician II,PYZ,Active,Contract,Zone C,Full-Time,Production       ,General - Eng,26-04-1952,MA,Female,Black,Widowed,Fully Meets,4,2023-04-01,5,3,2,2023-05-08,Communication Skills,Internal,Completed,3,149.09,67,4
2953,2019-11-05,Production Technician I,TNS,Active,Full-Time,Zone B,Full-Time,Production       ,Field Operations,19-03-1957,MA,Male,Other,Widowed,Fully Meets,5,2023-06-01,2,3,4,2022-12-11,Leadership Development,External,Incomplete,4,925.16,62,4
2954,2019-07-22,Production Technician I,WBL,Active,Part-Time,Zone B,Part-Time,Production       ,Field Operations,10-08-1955,MA,Female,Black,Widowed,Fully Meets,2,2023-07-24,5,2,1,2022-10-23,Project Management,External,Passed,2,833.13,64,4
2955,2020-09-21,Production Technician I,PYZ,Active,Full-Time,Zone A,Part-Time,Production       ,General - Con,14-06-1959,MA,Male,Other,Married,Fully Meets,1,2023-06-12,5,2,3,2023-06-04,Project Management,External,Failed,5,191.49,61,4
2956,2019-11-11,Production Technician I,WBL,Active,Part-Time,Zone C,Full-Time,Production       ,Engineers,15-12-1999,MA,Male,Hispanic,Widowed,Fully Meets,2,2023-02-06,5,4,1,2022-10-13,Customer Service,External,Passed,3,474.15,20,4
2957,2021-02-08,Production Technician I,NEL,Active,Part-Time,Zone B,Temporary,Production       ,Field Operations,13-01-1960,MA,Male,Hispanic,Single,Fully Meets,1,2023-02-21,1,3,4,2022-08-30,Project Management,External,Failed,1,550.42,61,4
2958,2020-06-01,Production Technician I,PL,Active,Contract,Zone C,Full-Time,Production       ,People Services,09-04-1945,MA,Male,Black,Divorced,Fully Meets,4,2023-05-16,1,2,4,2023-02-09,Technical Skills,External,Incomplete,1,681.23,75,4
2959,2022-10-26,Production Technician I,BPC,Terminated,Part-Time,Zone A,Temporary,Production       ,Aerial,30-08-1942,MA,Male,Hispanic,Widowed,Fully Meets,2,2023-07-05,1,5,2,2023-07-06,Customer Service,Internal,Incomplete,5,657.64,80,4
2960,2019-02-12,Production Technician I,CCDR,Active,Full-Time,Zone C,Part-Time,Production       ,General - Con,21-09-1976,MA,Female,White,Divorced,Fully Meets,2,2022-09-23,2,4,3,2022-12-16,Project Management,Internal,Incomplete,4,449.66,43,4
2961,2022-10-19,Production Technician I,SVG,Active,Full-Time,Zone A,Full-Time,Production       ,Field Operations,20-12-1977,MA,Female,Asian,Divorced,Fully Meets,2,2023-02-12,2,2,4,2023-01-19,Leadership Development,External,Passed,5,587.25,45,4
2962,2019-12-12,Production Technician I,EW,Active,Full-Time,Zone A,Full-Time,Production       ,Engineers,03-10-1982,MA,Female,Hispanic,Single,Fully Meets,1,2022-12-19,1,2,3,2022-08-28,Customer Service,Internal,Failed,2,198.55,37,4
2963,2021-11-29,Production Technician I,MSC,Active,Full-Time,Zone B,Full-Time,Production       ,Field Operations,04-09-1975,MA,Male,Other,Married,Fully Meets,2,2022-10-02,1,3,2,2023-06-08,Customer Service,External,Completed,5,629.24,46,4
2964,2021-05-15,Production Technician I,TNS,Active,Part-Time,Zone B,Full-Time,Production       ,Field Operations,02-06-1958,MA,Female,Other,Divorced,Fully Meets,2,2022-12-15,4,1,3,2022-10-14,Communication Skills,Internal,Incomplete,2,614.06,63,4
2965,2023-01-27,Production Technician I,PYZ,Active,Contract,Zone B,Temporary,Production       ,Field Operations,04-01-1957,MA,Female,Hispanic,Divorced,Fully Meets,1,2023-07-13,4,4,5,2023-03-07,Project Management,External,Completed,3,426.26,66,4
2966,2020-07-03,Production Technician I,WBL,Active,Full-Time,Zone A,Temporary,Production       ,Aerial,23-04-1961,MA,Male,White,Divorced,Fully Meets,4,2023-03-06,5,2,5,2022-10-17,Project Management,Internal,Passed,5,197.73,59,4
2967,2022-12-26,Production Technician I,NEL,Active,Full-Time,Zone A,Part-Time,Production       ,Field Operations,06-12-1983,MA,Female,Other,Married,Fully Meets,4,2022-08-11,2,3,1,2023-07-21,Customer Service,External,Incomplete,3,145.68,39,4
2968,2018-12-23,Production Technician I,CCDR,Active,Part-Time,Zone B,Temporary,Production       ,General - Con,05-06-1981,MA,Female,Black,Single,Fully Meets,4,2023-05-23,1,5,4,2022-11-20,Customer Service,Internal,Failed,3,764.74,37,4
2969,2020-09-28,Production Technician II,WBL,Terminated,Contract,Zone A,Part-Time,Production       ,General - Con,28-12-1987,MA,Female,Hispanic,Married,Fully Meets,2,2022-11-21,4,5,5,2022-10-18,Customer Service,Internal,Passed,3,405.4,33,4
2970,2020-09-16,Production Technician I,MSC,Active,Full-Time,Zone B,Temporary,Production       ,General - Con,30-04-1982,MA,Female,Hispanic,Widowed,Fully Meets,5,2022-10-23,5,5,5,2023-01-16,Leadership Development,External,Failed,4,689.49,38,4
2971,2020-02-09,Production Technician II,TNS,Active,Contract,Zone C,Temporary,Production       ,Aerial,07-10-1996,MA,Female,White,Divorced,Fully Meets,1,2022-10-14,3,5,4,2023-04-12,Project Management,Internal,Incomplete,2,141.14,24,4
2972,2023-02-13,Production Technician I,TNS,Active,Full-Time,Zone B,Part-Time,Production       ,General - Con,03-04-1948,MA,Female,Other,Widowed,Fully Meets,1,2022-11-24,3,4,3,2023-03-01,Leadership Development,Internal,Passed,1,788.69,75,4
2973,2019-12-01,Production Technician I,SVG,Active,Part-Time,Zone C,Part-Time,Production       ,General - Con,14-06-1951,MA,Female,Other,Married,Fully Meets,5,2022-12-09,1,3,3,2023-07-13,Technical Skills,Internal,Failed,5,458.81,68,4
2974,2022-11-04,Production Technician I,SVG,Active,Full-Time,Zone C,Part-Time,Production       ,Field Operations,06-02-1945,MA,Female,Black,Single,Fully Meets,5,2022-11-26,4,5,4,2023-04-27,Project Management,Internal,Passed,5,140.91,77,4
2975,2021-04-14,Production Technician I,WBL,Active,Full-Time,Zone A,Temporary,Production       ,Billable Consultants,17-06-1948,MA,Male,Asian,Married,Fully Meets,4,2022-12-29,2,3,4,2023-07-12,Leadership Development,External,Completed,5,551.76,73,4
2977,2020-08-28,Production Technician II,NEL,Active,Part-Time,Zone A,Temporary,Production       ,Yard (Material Handling),10-12-1987,MA,Male,Black,Divorced,Fully Meets,2,2023-03-21,2,4,3,2023-04-01,Project Management,Internal,Passed,4,640.05,33,4
2978,2022-08-16,Production Technician I,CCDR,Active,Full-Time,Zone C,Part-Time,Production       ,Yard (Material Handling),11-09-1981,MA,Male,Hispanic,Divorced,Fully Meets,4,2022-08-29,5,2,4,2022-11-02,Communication Skills,Internal,Failed,1,470.62,41,4
2979,2022-02-26,Production Technician I,PL,Active,Full-Time,Zone A,Temporary,Production       ,Field Operations,16-06-2001,MA,Female,Other,Widowed,Fully Meets,2,2023-01-08,4,5,4,2023-06-10,Leadership Development,External,Failed,4,257.87,21,4
2980,2019-12-30,Production Technician I,SVG,Active,Part-Time,Zone A,Temporary,Production       ,General - Con,09-09-1957,MA,Female,Hispanic,Divorced,Fully Meets,2,2023-02-06,1,3,5,2023-02-17,Customer Service,External,Passed,4,970.09,62,4
2981,2022-07-23,Production Technician I,TNS,Active,Part-Time,Zone B,Full-Time,Production       ,Aerial,25-12-1979,MA,Female,Black,Single,Fully Meets,1,2022-09-21,5,3,2,2023-06-25,Communication Skills,External,Completed,2,197.96,43,4
2982,2018-10-14,Production Technician II,WBL,Active,Full-Time,Zone B,Temporary,Production       ,Field Operations,24-01-1952,MA,Female,Other,Married,Fully Meets,2,2022-09-13,5,4,3,2022-10-31,Project Management,External,Failed,2,166.78,66,4
2983,2021-02-20,Production Technician II,PL,Active,Full-Time,Zone C,Temporary,Production       ,Splicing,15-04-1962,MA,Male,Hispanic,Widowed,Fully Meets,2,2023-07-01,4,5,4,2023-06-25,Project Management,External,Passed,4,267.6,59,4
2984,2020-03-28,Production Technician II,PYZ,Active,Contract,Zone B,Temporary,Production       ,Engineers,03-04-1975,MA,Female,Black,Divorced,Fully Meets,5,2022-12-09,4,1,1,2023-05-24,Project Management,Internal,Incomplete,1,671.21,45,4
2985,2019-02-05,Production Technician I,SVG,Active,Contract,Zone A,Part-Time,Production       ,General - Sga,17-09-1970,MA,Male,Hispanic,Married,Fully Meets,1,2023-07-14,3,5,2,2022-10-25,Customer Service,Internal,Failed,4,813.43,49,4
2986,2023-04-19,Production Technician I,NEL,Active,Full-Time,Zone B,Temporary,Production       ,General - Eng,11-01-1971,MA,Female,Asian,Single,Fully Meets,1,2023-07-12,4,5,3,2023-02-20,Communication Skills,Internal,Completed,1,501.89,52,4
2987,2020-09-24,Production Technician I,TNS,Active,Contract,Zone B,Full-Time,Production       ,Shop (Fleet),20-02-1966,MA,Male,Other,Single,Fully Meets,4,2023-07-06,4,3,3,2023-01-20,Leadership Development,External,Failed,4,133.4,54,4
2988,2020-11-14,Production Technician I,MSC,Active,Full-Time,Zone A,Part-Time,Production       ,General - Con,18-01-1972,MA,Male,Hispanic,Married,Fully Meets,1,2023-07-15,4,4,4,2023-01-03,Customer Service,Internal,Failed,4,312.8,48,4
2989,2021-09-16,Production Technician I,TNS,Active,Contract,Zone B,Temporary,Production       ,Engineers,26-05-1942,MA,Female,Hispanic,Widowed,Fully Meets,4,2023-06-18,2,3,3,2022-11-24,Communication Skills,External,Failed,3,272.76,79,4
2990,2019-04-21,Production Technician I,PYZ,Active,Full-Time,Zone C,Part-Time,Production       ,General - Con,28-05-1999,MA,Female,White,Single,Fully Meets,2,2023-05-21,2,2,3,2023-05-14,Project Management,External,Passed,3,494.03,20,4
2991,2020-03-13,Production Technician I,WBL,Active,Contract,Zone A,Full-Time,Production       ,General - Con,17-03-1999,MA,Female,White,Single,Exceeds,2,2022-08-23,5,5,3,2022-12-02,Project Management,Internal,Completed,3,722.92,21,5
2992,2022-04-16,Production Technician I,NEL,Active,Full-Time,Zone A,Part-Time,Production       ,Field Operations,18-10-1973,MA,Female,Asian,Married,Fully Meets,4,2022-12-07,1,4,2,2023-02-03,Leadership Development,Internal,Passed,1,125.34,49,4
2993,2019-03-18,Production Technician I,PL,Active,Full-Time,Zone A,Full-Time,Production       ,General - Con,07-01-1946,MA,Male,White,Widowed,Fully Meets,4,2022-12-14,5,5,1,2022-11-03,Communication Skills,Internal,Incomplete,3,559.24,73,4
2994,2022-02-18,Production Technician I,BPC,Active,Part-Time,Zone B,Temporary,Production       ,Engineers,10-05-1953,MA,Male,Other,Married,Fully Meets,4,2022-12-16,5,5,3,2022-12-14,Project Management,External,Incomplete,1,936.24,69,4
2995,2018-09-03,Production Technician I,CCDR,Active,Full-Time,Zone A,Full-Time,Production       ,General - Con,17-10-1954,MA,Male,Other,Single,Needs Improvement,4,2023-01-19,1,5,2,2023-07-03,Technical Skills,Internal,Passed,1,440.35,64,2
2996,2022-06-15,Production Technician I,SVG,Active,Contract,Zone B,Temporary,Production       ,General - Con,30-09-1989,MA,Female,Other,Widowed,Fully Meets,4,2022-08-27,3,2,2,2022-09-30,Technical Skills,Internal,Passed,2,727.12,33,4
2997,2022-02-14,Production Technician I,EW,Active,Contract,Zone B,Part-Time,Production       ,General - Con,30-06-1985,MA,Female,Other,Married,Fully Meets,2,2022-11-30,1,2,5,2023-02-16,Communication Skills,External,Completed,4,433.14,37,4
2998,2023-07-09,Production Technician I,MSC,Active,Contract,Zone C,Part-Time,Production       ,General - Con,02-06-1968,MA,Male,White,Widowed,Needs Improvement,1,2023-02-04,4,3,3,2022-10-17,Customer Service,External,Failed,1,764.14,55,2
2999,2018-10-28,Production Technician I,TNS,Active,Contract,Zone B,Part-Time,Production       ,Field Operations,16-03-1970,MA,Male,Asian,Divorced,Fully Meets,2,2023-01-24,2,1,4,2023-06-14,Customer Service,Internal,Passed,5,800.21,48,4
3000,2022-07-09,Production Technician I,PYZ,Active,Contract,Zone B,Full-Time,Production       ,Isp,27-09-1973,MA,Male,Other,Single,Fully Meets,1,2023-07-17,2,2,5,2023-05-11,Technical Skills,External,Incomplete,2,172.72,49,4
3001,2018-09-27,Production Technician I,WBL,Active,Full-Time,Zone C,Part-Time,Production       ,General - Con,15-10-1942,MA,Male,Asian,Widowed,Fully Meets,5,2023-04-13,5,4,3,2022-12-26,Communication Skills,Internal,Passed,5,346.93,76,4
3002,2020-10-27,Production Technician II,BPC,Active,Full-Time,Zone A,Part-Time,Production       ,General - Con,16-05-1991,MA,Female,White,Widowed,Fully Meets,2,2022-09-10,3,3,3,2023-02-05,Leadership Development,Internal,Passed,4,247.81,29,4
3003,2021-10-01,Production Technician II,CCDR,Active,Full-Time,Zone A,Part-Time,Production       ,Field Operations,31-08-1990,MA,Female,Other,Single,Fully Meets,5,2023-01-17,4,3,5,2022-11-16,Technical Skills,Internal,Passed,4,144.84,31,4
3004,2019-08-29,Production Technician II,EW,Active,Full-Time,Zone B,Full-Time,Production       ,General - Con,24-01-1996,MA,Female,Asian,Divorced,Fully Meets,5,2022-10-21,4,3,4,2023-03-07,Technical Skills,Internal,Incomplete,1,183.63,23,4
3005,2020-12-29,Production Technician II,MSC,Active,Contract,Zone C,Part-Time,Production       ,General - Con,20-01-1943,MA,Female,Hispanic,Widowed,Fully Meets,2,2023-01-18,4,5,1,2023-03-21,Communication Skills,Internal,Passed,5,997.4,77,4
3006,2022-10-04,Production Technician II,NEL,Active,Part-Time,Zone C,Full-Time,Production       ,Field Operations,26-07-1968,MA,Female,Asian,Single,Fully Meets,1,2023-02-28,3,5,2,2023-05-13,Communication Skills,External,Passed,3,415.18,54,4
3007,2019-03-21,Production Technician II,PL,Active,Part-Time,Zone A,Full-Time,Production       ,General - Con,13-10-1949,MA,Female,Black,Married,Fully Meets,2,2023-05-15,2,5,3,2023-07-19,Customer Service,External,Incomplete,5,147.35,70,4
3008,2020-04-03,Production Technician II,PYZ,Active,Full-Time,Zone A,Full-Time,Production       ,General - Sga,06-03-1977,MA,Female,Black,Widowed,Fully Meets,4,2023-04-09,2,1,4,2023-03-15,Leadership Development,Internal,Incomplete,3,967.08,43,4
3009,2019-06-02,Production Technician I,EW,Active,Part-Time,Zone C,Part-Time,Production       ,Billable Consultants,01-05-1997,MA,Male,White,Married,Fully Meets,2,2022-10-27,1,2,4,2022-11-20,Leadership Development,Internal,Incomplete,4,637.86,22,4
3013,2019-05-18,Production Technician I,CCDR,Active,Full-Time,Zone C,Full-Time,Production       ,Splicing,25-03-1982,MA,Female,Asian,Widowed,PIP,1,2023-07-13,5,2,4,2023-05-23,Leadership Development,Internal,Incomplete,4,776.3,37,1
3014,2022-11-23,Production Technician I,EW,Active,Contract,Zone B,Temporary,Production       ,Field Operations,17-07-1967,MA,Male,Hispanic,Single,PIP,2,2023-03-19,3,4,2,2023-02-01,Leadership Development,Internal,Completed,3,326.37,55,1
3015,2020-12-02,Production Technician I,MSC,Active,Part-Time,Zone C,Part-Time,Production       ,General - Sga,14-06-1976,MA,Male,Hispanic,Single,PIP,2,2022-12-04,5,5,5,2022-11-18,Customer Service,External,Completed,1,108.95,44,1
3016,2022-01-05,Production Technician I,NEL,Active,Part-Time,Zone A,Part-Time,Production       ,Finance & Accounting,02-07-2000,MA,Male,Black,Widowed,PIP,4,2022-11-29,3,1,2,2023-01-26,Communication Skills,Internal,Completed,4,550.9,22,1
3017,2023-04-16,Production Technician I,PL,Active,Full-Time,Zone B,Full-Time,Production       ,Field Operations,12-12-1994,MA,Female,Other,Divorced,PIP,5,2022-09-28,3,5,3,2022-08-19,Technical Skills,Internal,Incomplete,4,795.89,29,1
3018,2020-10-10,Production Technician I,PYZ,Active,Contract,Zone C,Part-Time,Production       ,Project Management - Con,13-06-1974,MA,Female,Black,Widowed,PIP,2,2022-09-13,1,1,4,2023-04-02,Communication Skills,External,Passed,1,980.49,46,1
3019,2022-04-15,Production Technician I,SVG,Active,Contract,Zone B,Full-Time,Production       ,Finance & Accounting,21-09-1979,MA,Female,Asian,Married,PIP,2,2022-09-11,3,4,2,2022-11-18,Technical Skills,External,Failed,1,155.46,43,1
3020,2023-07-25,Production Technician I,TNS,Active,Part-Time,Zone C,Part-Time,Production       ,General - Con,07-01-1944,MA,Male,Black,Widowed,PIP,2,2023-07-28,2,5,1,2023-06-19,Project Management,External,Completed,2,367.74,79,1
3021,2020-08-31,Production Technician I,WBL,Active,Contract,Zone A,Temporary,Production       ,Wireline Construction,14-05-1987,MA,Male,Other,Single,PIP,2,2022-10-19,5,3,4,2023-08-04,Customer Service,External,Passed,3,115.55,33,1
3022,2018-10-10,Production Technician I,BPC,Active,Full-Time,Zone C,Full-Time,Production       ,Splicing,16-07-1976,MA,Male,Other,Married,PIP,1,2023-02-05,2,2,3,2022-12-15,Communication Skills,External,Completed,3,848.52,42,1
3023,2019-01-15,Production Technician II,TNS,Terminated,Contract,Zone B,Part-Time,Production       ,General - Con,30-01-1958,MA,Female,Black,Widowed,PIP,2,2022-09-19,3,5,3,2023-05-04,Project Management,Internal,Passed,5,321.61,61,1
3024,2021-12-26,Production Technician II,BPC,Active,Contract,Zone A,Full-Time,Production       ,Project Management - Con,28-03-1962,MA,Female,Hispanic,Widowed,Fully Meets,2,2023-03-05,4,5,5,2022-12-21,Technical Skills,External,Passed,4,957.12,59,4
3025,2022-05-23,Production Technician II,CCDR,Active,Contract,Zone C,Temporary,Production       ,Project Management - Con,29-03-1999,MA,Female,Black,Married,Fully Meets,1,2023-01-25,3,4,5,2022-08-27,Communication Skills,External,Incomplete,3,177.63,23,4
3026,2022-08-23,Production Technician II,EW,Active,Contract,Zone C,Part-Time,Production       ,Project Management - Con,05-08-1943,MA,Female,Asian,Divorced,Fully Meets,2,2022-10-17,3,2,4,2022-11-02,Customer Service,External,Passed,3,864.03,79,4
3027,2023-05-27,Production Technician II,MSC,Active,Part-Time,Zone A,Full-Time,Production       ,General - Eng,08-05-1943,MA,Female,White,Single,Fully Meets,5,2023-02-17,3,2,4,2023-07-05,Communication Skills,External,Incomplete,4,707.06,80,4
3028,2018-08-10,Production Technician II,NEL,Terminated,Contract,Zone B,Temporary,Production       ,Engineers,02-05-2000,MA,Female,Asian,Married,Fully Meets,2,2023-04-01,5,4,1,2022-10-20,Communication Skills,Internal,Completed,4,690.29,18,4
3029,2021-10-24,Production Technician II,PL,Active,Contract,Zone C,Full-Time,Production       ,Finance & Accounting,14-06-1959,MA,Female,Asian,Widowed,Fully Meets,4,2023-02-08,1,1,3,2023-07-03,Project Management,External,Incomplete,1,721.83,62,4
3030,2022-07-05,Production Technician II,PYZ,Active,Full-Time,Zone C,Part-Time,Production       ,Wireline Construction,10-08-1953,MA,Female,White,Single,Fully Meets,1,2022-12-05,2,2,5,2022-12-24,Technical Skills,Internal,Passed,2,287.34,69,4
3031,2022-01-22,Production Technician I,SVG,Active,Contract,Zone B,Temporary,Production       ,Project Management - Con,13-07-1960,MA,Male,Asian,Married,Fully Meets,1,2022-12-20,2,3,2,2022-12-31,Technical Skills,External,Incomplete,2,783.36,62,4
3034,2021-10-16,Production Technician I,TNS,Active,Full-Time,Zone B,Temporary,Production       ,Field Operations,04-05-1967,MA,Female,White,Single,Fully Meets,2,2022-10-11,1,4,2,2022-11-25,Leadership Development,Internal,Passed,2,947.76,54,4
3035,2019-06-14,Production Technician I,PYZ,Active,Contract,Zone C,Temporary,Production       ,Engineers,14-09-1950,MA,Female,Other,Divorced,Fully Meets,1,2023-04-06,2,4,5,2023-05-09,Customer Service,Internal,Completed,1,498.19,69,4
3036,2020-07-05,Production Technician I,WBL,Active,Full-Time,Zone B,Temporary,Production       ,Technology / It,28-06-1957,MA,Female,White,Widowed,Fully Meets,2,2023-02-25,1,4,2,2023-06-19,Technical Skills,Internal,Failed,3,516.4,63,4
3037,2020-03-02,Production Technician I,NEL,Active,Full-Time,Zone C,Full-Time,Production       ,Field Operations,06-10-1989,MA,Male,Asian,Married,Fully Meets,4,2023-01-14,3,4,2,2023-05-01,Leadership Development,Internal,Failed,5,374.69,31,4
3038,2020-11-11,Production Technician I,PL,Active,Part-Time,Zone B,Temporary,Production       ,Field Operations,20-08-1955,MA,Male,White,Divorced,Fully Meets,2,2022-10-06,5,5,5,2022-08-17,Customer Service,Internal,Incomplete,5,244.22,65,4
3039,2019-12-22,Production Technician I,BPC,Active,Contract,Zone B,Temporary,Production       ,Project Management - Con,24-03-1966,MA,Female,Other,Single,Fully Meets,5,2023-08-03,4,2,1,2023-01-05,Leadership Development,Internal,Completed,2,130.81,53,4
3040,2020-12-14,Production Technician I,CCDR,Active,Full-Time,Zone A,Full-Time,Production       ,Field Operations,01-02-1984,MA,Female,White,Divorced,Fully Meets,5,2022-10-23,5,1,4,2022-12-30,Technical Skills,Internal,Passed,5,321.03,36,4
3041,2020-06-20,Production Technician I,SVG,Active,Contract,Zone C,Full-Time,Production       ,General - Con,22-04-2000,MA,Female,White,Single,Fully Meets,2,2023-05-18,5,5,4,2023-07-28,Project Management,Internal,Completed,4,354.82,20,4
3042,2023-06-09,Production Technician I,EW,Active,Contract,Zone B,Temporary,Production       ,Fielders,24-06-1961,MA,Female,White,Widowed,Exceeds,4,2023-01-13,4,1,2,2023-02-03,Technical Skills,Internal,Incomplete,2,513.54,62,5
3043,2022-09-25,Production Technician I,MSC,Active,Contract,Zone C,Full-Time,Production       ,Catv,06-03-1963,MA,Male,Black,Widowed,Exceeds,2,2023-05-01,5,3,3,2023-02-21,Customer Service,External,Completed,5,658.12,59,5
3044,2020-08-26,Production Technician I,TNS,Active,Contract,Zone B,Part-Time,Production       ,General - Con,27-02-1966,MA,Male,White,Single,Exceeds,2,2023-06-07,1,1,3,2022-12-20,Leadership Development,Internal,Passed,2,643.75,54,5
3045,2019-08-28,Production Technician I,PYZ,Active,Full-Time,Zone C,Temporary,Production       ,General - Eng,10-02-1968,MA,Male,Other,Single,Exceeds,2,2023-01-12,5,4,1,2023-03-03,Communication Skills,External,Incomplete,2,290.75,51,5
3046,2023-06-02,Production Technician II,TNS,Terminated,Part-Time,Zone A,Full-Time,Production       ,Wireline Construction,05-06-1983,MA,Female,Other,Single,Exceeds,4,2023-03-06,2,5,3,2023-01-14,Communication Skills,Internal,Passed,2,767.56,40,5
3047,2018-09-12,Production Technician II,PYZ,Active,Full-Time,Zone C,Full-Time,Production       ,Engineers,03-10-1965,MA,Female,White,Married,Exceeds,5,2022-11-13,4,2,1,2023-06-13,Customer Service,External,Passed,1,507.74,53,5
3048,2023-07-15,Production Technician II,WBL,Active,Contract,Zone B,Part-Time,Production       ,Isp,13-03-1978,MA,Female,White,Married,Fully Meets,2,2023-02-04,2,2,3,2023-01-08,Customer Service,Internal,Completed,2,919.75,45,4
3049,2023-07-02,Production Technician II,NEL,Active,Part-Time,Zone A,Temporary,Production       ,General - Con,12-05-1948,MA,Female,Asian,Married,Fully Meets,4,2022-10-10,5,3,2,2023-01-20,Project Management,External,Incomplete,4,510.95,75,4
3050,2020-02-10,Production Technician II,PL,Active,Contract,Zone C,Full-Time,Production       ,Splicing,22-09-1970,MA,Female,White,Single,Fully Meets,4,2022-09-26,1,3,4,2022-11-06,Project Management,External,Completed,2,826.19,50,4
3051,2021-08-27,Production Technician II,BPC,Terminated,Contract,Zone B,Temporary,Production       ,Underground,13-02-1972,MA,Female,Asian,Widowed,Fully Meets,5,2023-02-09,3,5,5,2023-05-02,Leadership Development,External,Incomplete,1,992.48,49,4
3052,2020-01-25,Production Technician II,CCDR,Active,Full-Time,Zone A,Full-Time,Production       ,General - Sga,09-06-1948,MA,Female,White,Single,Fully Meets,5,2023-07-22,5,1,3,2022-10-01,Technical Skills,External,Incomplete,3,824.73,72,4
3053,2020-03-26,Production Technician II,SVG,Active,Part-Time,Zone A,Full-Time,Production       ,General - Con,04-01-1958,MA,Female,Asian,Widowed,Fully Meets,2,2023-02-03,2,1,3,2023-07-04,Communication Skills,External,Failed,2,588.35,62,4
3054,2020-10-23,Production Technician I,SVG,Active,Contract,Zone C,Full-Time,Production       ,Field Operations,26-10-1949,MA,Male,White,Married,Fully Meets,1,2022-11-14,5,5,2,2023-06-07,Leadership Development,External,Incomplete,5,144.66,71,4
3056,2022-06-21,Production Technician I,MSC,Active,Part-Time,Zone A,Temporary,Production       ,Wireless,29-10-1943,MA,Female,Other,Divorced,Fully Meets,5,2023-04-08,5,5,2,2023-06-20,Communication Skills,External,Passed,1,535.51,79,4
3059,2021-03-28,Production Technician I,WBL,Active,Part-Time,Zone A,Temporary,Production       ,Project Management - Con,05-08-1972,MA,Female,White,Widowed,Fully Meets,1,2023-03-28,2,1,3,2023-07-10,Communication Skills,External,Completed,1,164.35,49,4
3060,2020-08-29,Production Technician I,NEL,Active,Part-Time,Zone A,Part-Time,Production       ,Yard (Material Handling),03-01-1951,MA,Male,Asian,Widowed,Fully Meets,2,2022-09-14,5,2,4,2022-08-30,Customer Service,Internal,Failed,3,165.67,69,4
3061,2023-01-03,Production Technician I,PL,Active,Part-Time,Zone C,Full-Time,Production       ,Wireline Construction,26-09-1956,MA,Male,Other,Married,Fully Meets,4,2023-07-19,5,1,3,2022-09-10,Technical Skills,External,Incomplete,5,602.56,67,4
3062,2022-11-28,Production Technician I,BPC,Active,Part-Time,Zone A,Temporary,Production       ,General - Con,16-11-1987,MA,Female,Asian,Divorced,Fully Meets,1,2023-05-20,3,4,1,2023-07-26,Leadership Development,Internal,Passed,1,312.91,35,4
3063,2021-12-22,Production Technician I,CCDR,Active,Contract,Zone B,Part-Time,Production       ,Field Operations,21-10-1983,MA,Female,Other,Widowed,Fully Meets,5,2022-10-06,1,5,1,2022-09-28,Project Management,External,Failed,3,767.52,38,4
3064,2023-07-08,Production Technician I,SVG,Active,Contract,Zone A,Full-Time,Production       ,Field Operations,23-08-1962,MA,Female,Other,Divorced,Fully Meets,4,2022-12-02,2,2,5,2023-07-31,Project Management,Internal,Incomplete,5,166.35,61,4
3065,2021-04-21,Production Technician I,EW,Active,Part-Time,Zone A,Temporary,Production       ,Field Operations,07-10-1976,MA,Female,Black,Divorced,Fully Meets,4,2022-12-01,3,1,2,2023-06-11,Project Management,Internal,Incomplete,1,997.24,45,4
3066,2022-07-28,Production Technician I,MSC,Active,Full-Time,Zone B,Full-Time,Production       ,Field Operations,12-04-1967,MA,Male,Hispanic,Divorced,Fully Meets,1,2022-12-04,5,4,1,2022-10-18,Communication Skills,External,Failed,3,258.73,55,4
3067,2019-11-05,Production Technician I,TNS,Active,Part-Time,Zone B,Part-Time,Production       ,Field Operations,21-03-1982,MA,Male,Hispanic,Single,Fully Meets,4,2022-12-26,3,1,2,2022-09-01,Communication Skills,External,Completed,1,483.26,37,4
3068,2022-05-22,Production Technician I,PYZ,Terminated,Full-Time,Zone A,Temporary,Production       ,Finance & Accounting,02-05-1947,MA,Male,Asian,Single,Fully Meets,5,2023-05-12,3,2,1,2022-11-18,Customer Service,External,Completed,3,261.81,75,4
3069,2019-10-19,Production Technician II,WBL,Active,Full-Time,Zone A,Temporary,Production       ,General - Con,14-02-1999,MA,Female,White,Married,Fully Meets,4,2023-05-14,1,2,3,2023-05-10,Technical Skills,External,Incomplete,1,767.33,20,4
3070,2019-12-25,Production Technician II,BPC,Active,Full-Time,Zone C,Temporary,Production       ,Wireline Construction,05-05-1972,MA,Female,White,Divorced,Fully Meets,1,2023-04-15,1,5,4,2022-12-05,Communication Skills,External,Failed,5,848.76,47,4
3071,2022-11-04,Production Technician II,CCDR,Active,Full-Time,Zone B,Part-Time,Production       ,General - Con,26-01-1956,MA,Female,Black,Married,Fully Meets,2,2022-09-19,1,4,2,2023-05-30,Project Management,External,Incomplete,4,647.01,66,4
3072,2023-04-26,Production Technician II,EW,Active,Full-Time,Zone B,Part-Time,Production       ,Wireless,15-02-1986,MA,Female,Asian,Divorced,Fully Meets,1,2022-11-01,2,4,1,2023-01-19,Project Management,Internal,Failed,1,230.6,37,4
3073,2022-10-26,Production Technician II,MSC,Terminated,Contract,Zone A,Part-Time,Production       ,General - Con,26-04-1987,MA,Female,Black,Single,Fully Meets,4,2023-01-03,2,3,5,2023-01-28,Customer Service,Internal,Completed,1,681.4,35,4
3074,2020-07-14,Production Technician II,NEL,Terminated,Contract,Zone A,Full-Time,Production       ,Splicing,04-10-1963,MA,Female,Hispanic,Single,Fully Meets,1,2022-10-23,1,3,2,2023-07-03,Leadership Development,Internal,Passed,1,356.98,57,4
3075,2023-03-12,Production Technician II,PL,Active,Full-Time,Zone B,Part-Time,Production       ,Fielders,09-01-1969,MA,Female,Other,Single,Fully Meets,5,2023-07-20,5,3,1,2023-02-20,Leadership Development,External,Completed,4,602.12,54,4
3076,2023-04-26,Production Technician II,PYZ,Active,Part-Time,Zone C,Full-Time,Production       ,General - Con,26-05-1998,MA,Male,White,Married,Fully Meets,5,2022-10-08,2,1,5,2022-11-14,Communication Skills,External,Passed,5,547.83,25,4
3077,2022-09-17,Production Technician I,CCDR,Active,Contract,Zone A,Temporary,Production       ,General - Con,16-08-1958,MA,Male,Hispanic,Married,Fully Meets,1,2023-07-05,2,1,2,2022-10-31,Project Management,External,Failed,3,726.88,64,4
3078,2021-01-08,Production Technician I,SVG,Active,Contract,Zone B,Part-Time,Production       ,General - Con,14-04-1960,MA,Male,Black,Widowed,Fully Meets,1,2023-01-28,1,1,5,2023-03-05,Leadership Development,Internal,Completed,1,548.95,61,4
3081,2020-10-20,Production Technician I,TNS,Active,Part-Time,Zone C,Part-Time,Production       ,Finance & Accounting,17-03-1980,MA,Male,White,Widowed,Fully Meets,2,2023-04-20,3,3,1,2022-08-28,Customer Service,Internal,Completed,2,316.38,40,4
3082,2022-11-18,Production Technician I,PYZ,Active,Part-Time,Zone A,Part-Time,Production       ,Field Operations,04-10-1988,MA,Female,Other,Single,Fully Meets,1,2023-07-30,4,3,4,2023-05-15,Project Management,External,Incomplete,4,696.51,34,4
3083,2023-01-14,Production Technician I,WBL,Active,Contract,Zone C,Full-Time,Production       ,Aerial,24-05-1967,MA,Male,Asian,Widowed,Fully Meets,2,2023-02-24,4,4,3,2023-05-08,Technical Skills,External,Completed,2,413.66,56,4
3084,2020-10-27,Production Technician I,NEL,Active,Part-Time,Zone A,Temporary,Production       ,General - Con,29-06-1996,MA,Male,Black,Widowed,Fully Meets,4,2022-12-06,5,3,3,2023-03-14,Customer Service,External,Completed,5,109.14,24,4
3085,2020-08-29,Production Technician I,PL,Active,Full-Time,Zone C,Full-Time,Production       ,Field Operations,04-03-1963,MA,Female,Asian,Single,Fully Meets,2,2022-12-10,4,3,5,2023-02-23,Technical Skills,External,Failed,2,855.84,57,4
3086,2019-12-23,Production Technician I,BPC,Active,Part-Time,Zone B,Temporary,Production       ,Aerial,29-03-1987,MA,Female,Asian,Divorced,Fully Meets,1,2023-07-13,4,2,2,2023-06-27,Communication Skills,Internal,Incomplete,2,288.09,32,4
3087,2023-07-03,Production Technician I,CCDR,Active,Contract,Zone B,Part-Time,Production       ,Project Management - Con,08-02-1948,MA,Female,Black,Married,Fully Meets,4,2022-08-23,4,3,4,2023-07-08,Communication Skills,Internal,Passed,2,776.34,75,4
3088,2022-09-26,Production Technician I,SVG,Active,Part-Time,Zone B,Part-Time,Production       ,Field Operations,20-03-1944,MA,Female,Other,Married,Fully Meets,5,2022-11-05,5,3,5,2023-05-25,Customer Service,External,Incomplete,3,732.88,78,4
3089,2020-05-09,Production Technician I,EW,Active,Contract,Zone A,Temporary,Production       ,Field Operations,16-05-1963,MA,Female,Black,Single,Fully Meets,4,2023-06-08,5,3,5,2023-01-02,Leadership Development,Internal,Failed,4,788.1,57,4
3090,2023-03-08,Production Technician I,MSC,Active,Part-Time,Zone B,Part-Time,Production       ,Field Operations,14-02-1957,MA,Male,Black,Married,Fully Meets,5,2023-01-15,3,2,4,2022-11-24,Technical Skills,Internal,Incomplete,4,284.29,66,4
3091,2019-02-27,Production Technician I,TNS,Terminated,Contract,Zone B,Part-Time,Production       ,Billable Consultants,06-03-1958,MA,Male,White,Single,Fully Meets,5,2023-02-10,2,2,4,2022-11-10,Project Management,External,Completed,5,872.29,61,4
3092,2020-01-12,Production Technician II,TNS,Active,Contract,Zone A,Full-Time,Production       ,Field Operations,10-12-1979,MA,Female,Other,Married,Fully Meets,2,2023-04-15,4,4,1,2022-10-07,Leadership Development,Internal,Passed,1,372.99,41,4
3093,2019-06-29,Production Technician II,PYZ,Active,Full-Time,Zone B,Full-Time,Production       ,Splicing,21-09-1976,MA,Female,Asian,Divorced,Fully Meets,2,2022-12-31,3,4,5,2023-04-25,Communication Skills,Internal,Passed,5,229.87,43,4
3094,2021-07-15,Production Technician II,WBL,Active,Contract,Zone C,Full-Time,Production       ,Engineers,18-10-1963,MA,Female,Other,Widowed,Fully Meets,1,2023-04-26,2,3,1,2023-03-01,Project Management,Internal,Failed,2,544.31,58,4
3095,2022-08-19,Production Technician II,NEL,Active,Contract,Zone A,Part-Time,Production       ,Field Operations,11-03-1943,MA,Female,Other,Divorced,Fully Meets,4,2023-07-21,5,2,3,2022-08-26,Communication Skills,Internal,Failed,4,461.79,79,4
3096,2019-09-23,Production Technician II,PL,Terminated,Contract,Zone B,Part-Time,Production       ,Engineers,07-09-1974,MA,Female,Hispanic,Single,Fully Meets,5,2023-05-05,1,3,2,2023-04-29,Technical Skills,Internal,Failed,1,108.99,45,4
3097,2020-10-11,Production Technician II,BPC,Terminated,Part-Time,Zone C,Temporary,Production       ,Project Management - Con,11-06-1961,MA,Female,White,Married,Fully Meets,4,2022-09-08,5,3,4,2022-12-30,Project Management,Internal,Incomplete,5,166.08,59,4
3098,2021-08-18,Production Technician II,CCDR,Active,Full-Time,Zone A,Full-Time,Production       ,Fielders,09-06-1944,MA,Male,Black,Widowed,Fully Meets,4,2023-05-23,3,5,4,2022-10-04,Leadership Development,External,Passed,1,801.69,77,4
3099,2022-12-17,Production Technician I,CCDR,Active,Full-Time,Zone A,Temporary,Production       ,Fielders,02-09-1965,MA,Male,Black,Divorced,Exceeds,4,2022-09-07,5,4,4,2023-05-31,Technical Skills,Internal,Passed,4,355.34,57,5
3100,2020-10-25,Production Technician I,SVG,Active,Contract,Zone B,Temporary,Production       ,General - Con,08-06-1950,MA,Female,White,Single,Fully Meets,5,2023-04-25,1,5,2,2023-07-16,Technical Skills,External,Incomplete,4,136.94,70,4
3101,2023-01-23,Production Technician I,EW,Active,Full-Time,Zone B,Full-Time,Production       ,General - Con,09-03-1961,MA,Female,Asian,Single,Fully Meets,2,2023-06-08,5,4,1,2023-05-21,Technical Skills,Internal,Completed,4,849.63,62,4
3104,2022-05-29,Production Technician I,PYZ,Active,Contract,Zone C,Part-Time,Production       ,General - Con,14-01-1944,MA,Female,Black,Married,Fully Meets,2,2022-10-11,5,2,3,2023-08-02,Project Management,Internal,Incomplete,3,852.79,78,4
3105,2020-06-07,Production Technician I,WBL,Active,Full-Time,Zone B,Temporary,Production       ,Fielders,12-05-1943,MA,Male,Black,Married,Fully Meets,1,2022-10-31,2,1,2,2022-08-30,Technical Skills,External,Failed,3,805.93,77,4
3106,2020-03-21,Production Technician I,NEL,Active,Part-Time,Zone A,Temporary,Production       ,Field Operations,30-03-2000,MA,Male,Hispanic,Divorced,Fully Meets,4,2023-04-29,5,1,2,2023-05-06,Communication Skills,External,Incomplete,3,957.31,20,4
3107,2021-06-21,Production Technician I,PL,Active,Full-Time,Zone A,Temporary,Production       ,Wireline Construction,26-12-1971,MA,Female,Black,Widowed,Fully Meets,4,2022-12-10,2,1,4,2023-05-16,Leadership Development,Internal,Failed,1,855.26,50,4
3108,2021-10-22,Production Technician I,BPC,Active,Full-Time,Zone B,Temporary,Production       ,General - Con,05-07-1945,MA,Female,Hispanic,Married,Fully Meets,2,2023-07-15,1,4,1,2023-07-07,Customer Service,External,Completed,1,755.13,76,4
3109,2018-10-20,Production Technician I,CCDR,Active,Full-Time,Zone A,Temporary,Production       ,Fielders,25-04-1999,MA,Female,White,Married,PIP,2,2022-10-06,1,2,1,2023-06-12,Customer Service,External,Failed,1,260.84,19,1
3110,2022-03-16,Production Technician I,SVG,Active,Contract,Zone C,Full-Time,Production       ,Wireline Construction,11-02-1956,MA,Female,Hispanic,Single,Fully Meets,2,2022-12-30,1,2,1,2022-10-29,Technical Skills,External,Completed,3,299.97,66,4
3111,2018-12-13,Production Technician I,EW,Active,Part-Time,Zone B,Temporary,Production       ,Field Operations,07-05-1958,MA,Female,Other,Divorced,Fully Meets,1,2023-07-27,2,5,2,2023-06-06,Leadership Development,Internal,Incomplete,1,374.9,60,4
3112,2021-10-08,Production Technician I,MSC,Terminated,Part-Time,Zone B,Full-Time,Production       ,Shop (Fleet),15-11-1946,MA,Male,Asian,Single,Fully Meets,4,2023-02-20,5,2,3,2022-09-23,Technical Skills,Internal,Passed,5,168.79,75,4
3113,2019-02-03,Production Technician II,TNS,Active,Contract,Zone C,Full-Time,Production       ,Project Management - Con,02-07-1981,MA,Female,White,Divorced,Fully Meets,4,2022-10-07,5,2,5,2022-11-19,Leadership Development,Internal,Passed,5,236.27,38,4
3114,2018-09-30,Production Technician II,PYZ,Active,Contract,Zone C,Full-Time,Production       ,Isp,06-07-1957,MA,Female,Asian,Divorced,Fully Meets,2,2022-08-24,2,2,2,2023-01-10,Technical Skills,Internal,Passed,5,569.5,61,4
3115,2021-07-12,Production Technician II,WBL,Active,Contract,Zone A,Temporary,Production       ,Project Management - Con,01-01-1964,MA,Female,Hispanic,Divorced,Fully Meets,4,2023-06-29,1,3,5,2023-07-02,Technical Skills,Internal,Incomplete,3,386.26,57,4
3116,2021-03-04,Production Technician II,NEL,Active,Part-Time,Zone B,Temporary,Production       ,Field Operations,24-10-1981,MA,Female,Hispanic,Married,Fully Meets,5,2023-03-18,2,1,4,2022-08-23,Project Management,External,Failed,4,323.12,40,4
3117,2019-10-27,Production Technician II,PL,Active,Part-Time,Zone C,Part-Time,Production       ,General - Sga,14-12-1941,MA,Female,White,Married,Fully Meets,2,2022-08-30,2,3,1,2023-04-16,Communication Skills,External,Passed,5,461.57,78,4
3118,2019-01-28,Production Technician II,BPC,Terminated,Part-Time,Zone A,Full-Time,Production       ,Catv,14-12-1956,MA,Female,Black,Divorced,Fully Meets,2,2022-10-25,3,2,3,2022-11-06,Technical Skills,External,Incomplete,2,543.74,63,4
3119,2021-01-10,Production Technician I,NEL,Active,Part-Time,Zone C,Part-Time,Production       ,General - Con,05-06-1993,MA,Male,Other,Single,Fully Meets,5,2022-12-23,4,5,2,2023-02-26,Leadership Development,External,Passed,1,899.2,28,4
3120,2021-08-05,Production Technician I,PL,Active,Part-Time,Zone A,Full-Time,Production       ,Aerial,03-02-1946,MA,Female,Asian,Widowed,Fully Meets,4,2023-04-10,1,5,3,2023-07-05,Project Management,External,Incomplete,2,144.25,75,4
3121,2022-11-07,Production Technician I,PYZ,Active,Part-Time,Zone C,Full-Time,Production       ,Project Management - Con,17-10-1949,MA,Female,Black,Single,Fully Meets,4,2023-04-13,4,1,3,2023-04-22,Leadership Development,External,Failed,1,854.54,73,4
3123,2021-07-12,Production Technician I,TNS,Active,Full-Time,Zone C,Part-Time,Production       ,Splicing,03-05-1951,MA,Male,Hispanic,Married,Fully Meets,4,2023-07-12,5,2,2,2023-01-01,Communication Skills,External,Failed,4,479.0,70,4
3126,2022-04-27,Production Technician I,WBL,Active,Contract,Zone C,Full-Time,Production       ,Project Management - Con,02-07-1978,MA,Male,Black,Divorced,Fully Meets,2,2022-08-19,4,5,1,2023-07-21,Communication Skills,External,Passed,4,667.54,44,4
3127,2022-06-14,Production Technician I,NEL,Active,Part-Time,Zone A,Part-Time,Production       ,Project Management - Con,26-10-1991,MA,Male,White,Married,Fully Meets,2,2023-04-09,4,5,5,2023-02-19,Project Management,External,Failed,5,309.74,31,4
3128,2019-01-13,Production Technician I,PL,Active,Part-Time,Zone A,Temporary,Production       ,Field Operations,15-04-1974,MA,Female,Black,Widowed,Fully Meets,2,2023-04-25,3,5,4,2023-02-28,Communication Skills,Internal,Completed,1,830.63,45,4
3129,2019-06-21,Production Technician I,BPC,Active,Full-Time,Zone A,Part-Time,Production       ,Underground,11-07-1985,MA,Female,Black,Widowed,Fully Meets,5,2023-03-31,4,2,4,2023-06-11,Technical Skills,Internal,Incomplete,4,277.31,34,4
3130,2020-08-10,Production Technician I,CCDR,Active,Part-Time,Zone A,Temporary,Production       ,Wireline Construction,09-05-1981,MA,Female,Black,Widowed,Fully Meets,5,2022-12-28,4,3,3,2023-03-21,Customer Service,Internal,Incomplete,3,501.5,39,4
3131,2021-04-13,Production Technician I,SVG,Active,Contract,Zone C,Temporary,Production       ,Wireline Construction,28-01-1954,MA,Female,Hispanic,Single,Fully Meets,2,2022-08-07,3,2,5,2023-01-15,Leadership Development,Internal,Completed,3,937.85,67,4
3132,2020-04-27,Production Technician I,EW,Active,Full-Time,Zone A,Full-Time,Production       ,Field Operations,20-09-1979,MA,Female,Asian,Divorced,Fully Meets,4,2023-06-19,2,2,1,2023-03-16,Communication Skills,Internal,Incomplete,3,134.92,41,4
3133,2022-02-25,Production Technician I,MSC,Terminated,Contract,Zone C,Part-Time,Production       ,Project Management - Con,23-10-1958,MA,Male,White,Married,Fully Meets,5,2022-09-21,1,5,1,2022-10-10,Communication Skills,External,Incomplete,3,946.99,64,4
3134,2018-12-06,Production Technician II,TNS,Active,Part-Time,Zone C,Full-Time,Production       ,Fielders,15-04-1947,MA,Female,Hispanic,Married,Exceeds,5,2022-11-20,3,2,1,2023-03-18,Technical Skills,External,Completed,4,945.68,71,5
3135,2020-03-12,Production Technician II,BPC,Active,Part-Time,Zone A,Temporary,Production       ,Project Management - Con,25-04-1993,MA,Female,White,Single,Fully Meets,4,2022-10-24,1,2,1,2023-01-28,Communication Skills,Internal,Passed,5,142.21,27,4
3136,2022-11-16,Production Technician II,CCDR,Active,Full-Time,Zone B,Full-Time,Production       ,Project Management - Con,17-05-1997,MA,Female,Hispanic,Married,Fully Meets,4,2023-06-21,5,3,5,2022-11-22,Project Management,External,Failed,2,386.95,25,4
3137,2018-12-09,Production Technician II,EW,Terminated,Contract,Zone B,Temporary,Production       ,Field Operations,03-06-1995,MA,Female,Other,Single,Fully Meets,2,2023-03-23,1,2,4,2023-06-11,Technical Skills,External,Passed,4,641.68,23,4
3138,2022-12-25,Production Technician II,MSC,Terminated,Contract,Zone A,Full-Time,Production       ,Field Operations,07-04-1987,MA,Female,Black,Single,Fully Meets,4,2023-07-10,5,3,1,2023-07-26,Project Management,Internal,Failed,2,295.67,35,4
3139,2021-11-19,Production Technician II,NEL,Active,Part-Time,Zone A,Temporary,Production       ,Field Operations,11-08-1971,MA,Female,Asian,Single,Fully Meets,4,2022-11-29,3,2,1,2023-04-23,Communication Skills,External,Completed,4,649.64,50,4
3140,2022-03-01,Production Technician I,PL,Active,Contract,Zone C,Full-Time,Production       ,Catv,02-04-1990,MA,Male,Hispanic,Widowed,Fully Meets,5,2023-05-07,1,1,1,2022-12-12,Technical Skills,External,Failed,1,402.77,32,4
3141,2021-03-17,Production Technician I,BPC,Active,Full-Time,Zone B,Temporary,Production       ,Field Operations,10-07-1970,MA,Male,Black,Married,Exceeds,2,2023-02-16,3,1,4,2023-04-01,Leadership Development,Internal,Incomplete,3,311.92,51,5
3142,2021-02-10,Production Technician I,CCDR,Active,Full-Time,Zone B,Part-Time,Production       ,General - Con,20-07-1949,MA,Female,White,Single,Fully Meets,4,2022-08-10,4,5,1,2023-01-09,Communication Skills,External,Incomplete,5,730.99,72,4
3143,2018-09-28,Production Technician I,SVG,Active,Full-Time,Zone A,Temporary,Production       ,Aerial,25-06-1947,MA,Female,Black,Widowed,Fully Meets,2,2023-07-31,1,4,1,2023-05-22,Project Management,Internal,Incomplete,3,330.04,71,4
3144,2021-02-09,Production Technician I,EW,Active,Contract,Zone C,Part-Time,Production       ,Engineers,19-09-1956,MA,Male,Hispanic,Married,Exceeds,2,2022-12-18,3,4,3,2023-07-15,Communication Skills,Internal,Passed,3,848.99,65,5
3146,2018-12-16,Production Technician I,TNS,Active,Part-Time,Zone C,Temporary,Production       ,Project Management - Con,18-10-1978,MA,Female,White,Widowed,Fully Meets,4,2022-09-05,5,1,1,2023-03-06,Technical Skills,External,Passed,5,560.03,40,4
3147,2023-07-17,Production Technician I,PYZ,Active,Contract,Zone B,Temporary,Production       ,General - Sga,23-04-1999,MA,Male,Hispanic,Divorced,Fully Meets,5,2023-07-24,2,2,5,2022-12-20,Project Management,External,Completed,4,820.65,24,4
3148,2020-05-28,Production Technician I,WBL,Active,Full-Time,Zone C,Temporary,Production       ,Aerial,01-03-1950,MA,Male,White,Single,Exceeds,2,2023-06-24,4,5,1,2023-04-10,Communication Skills,External,Completed,2,727.06,70,5
3149,2021-03-01,Production Technician I,NEL,Active,Full-Time,Zone A,Part-Time,Production       ,Field Operations,27-09-1983,MA,Female,Black,Single,Exceeds,2,2023-03-31,2,1,4,2023-07-07,Customer Service,Internal,Failed,2,858.12,38,5
3150,2022-02-12,Production Technician I,PL,Active,Full-Time,Zone C,Part-Time,Production       ,Aerial,02-08-1955,MA,Female,Asian,Widowed,Fully Meets,2,2022-08-29,3,2,2,2023-01-28,Customer Service,External,Failed,4,781.04,67,4
3151,2022-02-26,Production Technician I,BPC,Active,Part-Time,Zone C,Temporary,Production       ,Field Operations,15-11-1965,MA,Female,White,Widowed,Exceeds,4,2023-02-24,3,3,1,2022-10-06,Project Management,Internal,Passed,2,978.88,57,5
3152,2022-07-05,Production Technician I,CCDR,Active,Contract,Zone C,Temporary,Production       ,Field Operations,29-12-1953,MA,Female,Black,Widowed,Exceeds,5,2023-04-28,1,3,1,2023-03-24,Communication Skills,Internal,Failed,4,955.95,69,5
3153,2019-11-29,Production Technician I,SVG,Active,Part-Time,Zone A,Full-Time,Production       ,Field Operations,13-12-1994,MA,Female,Other,Single,Fully Meets,4,2022-11-04,1,5,3,2023-07-11,Communication Skills,External,Passed,5,897.64,25,4
3154,2019-02-22,Production Technician I,EW,Active,Full-Time,Zone B,Temporary,Production       ,Engineers,21-05-1949,MA,Female,Black,Single,Fully Meets,2,2023-06-03,1,3,5,2023-05-25,Customer Service,External,Passed,4,418.08,70,4
3155,2020-07-16,Production Technician I,MSC,Terminated,Contract,Zone B,Temporary,Production       ,General - Con,14-03-1951,MA,Male,Black,Married,Fully Meets,2,2022-08-18,2,5,4,2022-08-27,Communication Skills,External,Failed,5,336.64,69,4
3156,2019-07-18,Production Technician II,MSC,Terminated,Contract,Zone B,Part-Time,Production       ,General - Con,16-07-1962,MA,Female,Black,Married,Fully Meets,5,2023-01-27,4,2,2,2023-04-02,Communication Skills,External,Failed,4,171.46,57,4
3157,2019-03-10,Production Technician II,TNS,Active,Contract,Zone A,Full-Time,Production       ,Billable Consultants,16-03-1984,MA,Female,White,Divorced,Exceeds,5,2023-04-11,4,1,3,2023-05-26,Project Management,Internal,Incomplete,3,401.9,35,5
3158,2023-05-30,Production Technician II,PYZ,Active,Part-Time,Zone A,Full-Time,Production       ,General - Sga,21-01-1976,MA,Female,Hispanic,Divorced,Exceeds,2,2023-02-02,1,1,3,2022-12-19,Communication Skills,Internal,Passed,5,266.62,47,5
3159,2018-08-23,Production Technician II,WBL,Active,Full-Time,Zone B,Part-Time,Production       ,Field Operations,29-05-1978,MA,Female,Asian,Married,Fully Meets,4,2023-04-23,1,1,2,2023-04-19,Technical Skills,External,Failed,2,913.36,40,4
3160,2019-03-06,Production Technician II,NEL,Active,Full-Time,Zone A,Part-Time,Production       ,Splicing,18-04-1951,MA,Female,Other,Single,Exceeds,4,2022-08-20,5,5,3,2023-01-11,Leadership Development,Internal,Failed,3,619.29,68,5
3161,2023-08-01,Production Technician II,PL,Terminated,Full-Time,Zone C,Full-Time,Production       ,General - Con,17-04-1983,MA,Female,Black,Divorced,Fully Meets,1,2023-07-15,1,5,4,2022-09-15,Customer Service,External,Passed,3,398.98,40,4
3162,2020-02-24,Production Technician II,BPC,Active,Part-Time,Zone A,Temporary,Production       ,Isp,27-08-1997,MA,Male,White,Single,Fully Meets,5,2023-03-20,4,4,2,2023-07-24,Technical Skills,Internal,Failed,5,569.76,23,4
3163,2019-09-26,Production Technician I,PL,Active,Contract,Zone A,Full-Time,Production       ,Catv,13-03-1979,MA,Male,Black,Married,Fully Meets,4,2023-03-19,2,4,5,2022-10-01,Project Management,Internal,Passed,4,807.32,40,4
3164,2022-12-07,Production Technician I,BPC,Terminated,Full-Time,Zone C,Temporary,Production       ,Field Operations,18-03-1997,MA,Female,Other,Married,Fully Meets,5,2022-10-02,4,2,3,2023-02-10,Project Management,External,Passed,3,981.17,25,4
3165,2019-03-08,Production Technician I,CCDR,Active,Part-Time,Zone C,Full-Time,Production       ,Field Operations,24-12-1994,MA,Female,Black,Single,Fully Meets,2,2023-06-17,1,5,5,2022-08-28,Leadership Development,External,Failed,4,972.9,25,4
3166,2019-08-06,Production Technician I,SVG,Active,Part-Time,Zone A,Full-Time,Production       ,Field Operations,02-11-1993,MA,Female,White,Single,Exceeds,2,2023-01-26,2,4,1,2023-01-27,Project Management,Internal,Incomplete,4,928.71,26,5
3167,2019-06-19,Production Technician I,EW,Active,Full-Time,Zone B,Part-Time,Production       ,Splicing,19-09-1943,MA,Male,Other,Divorced,Exceeds,4,2023-02-27,5,2,1,2023-01-15,Leadership Development,External,Passed,1,975.21,76,5
3169,2019-06-08,Production Technician I,TNS,Active,Part-Time,Zone B,Part-Time,Production       ,Aerial,03-04-1951,MA,Female,Other,Single,Exceeds,4,2023-04-27,3,2,3,2023-02-25,Communication Skills,Internal,Completed,4,109.96,68,5
3170,2022-01-28,Production Technician I,PYZ,Active,Full-Time,Zone C,Full-Time,Production       ,Field Operations,23-01-1992,MA,Male,Asian,Married,Fully Meets,2,2022-11-28,1,3,2,2022-08-28,Technical Skills,External,Failed,2,361.28,30,4
3171,2020-08-26,Production Technician I,WBL,Active,Part-Time,Zone A,Part-Time,Production       ,Engineers,25-02-1995,MA,Female,White,Widowed,Fully Meets,5,2023-01-08,4,1,5,2023-06-30,Leadership Development,External,Failed,4,248.66,25,4
3172,2019-04-22,Production Technician I,NEL,Active,Contract,Zone C,Part-Time,Production       ,Shop (Fleet),09-07-1983,MA,Female,Asian,Divorced,Fully Meets,4,2022-09-02,2,3,1,2022-12-25,Customer Service,External,Failed,5,742.18,36,4
3173,2022-12-21,Production Technician I,PL,Active,Contract,Zone A,Part-Time,Production       ,Billable Consultants,14-03-1957,MA,Female,Asian,Married,Fully Meets,1,2023-07-13,5,4,3,2023-06-01,Communication Skills,External,Incomplete,3,573.31,65,4
3174,2022-10-12,Production Technician I,BPC,Active,Full-Time,Zone C,Part-Time,Production       ,Catv,13-06-1961,MA,Female,Hispanic,Single,Fully Meets,5,2023-01-02,1,5,5,2022-12-09,Communication Skills,External,Completed,4,860.91,61,4
3175,2023-07-23,Production Technician I,CCDR,Active,Full-Time,Zone B,Full-Time,Production       ,Fielders,11-07-1947,MA,Female,Asian,Single,Fully Meets,1,2023-02-03,5,4,1,2023-05-22,Technical Skills,External,Failed,4,686.77,76,4
3176,2018-12-13,Production Technician I,SVG,Active,Full-Time,Zone A,Full-Time,Production       ,Project Management - Con,24-02-2000,MA,Female,Other,Widowed,Exceeds,1,2023-02-09,5,3,5,2023-01-24,Leadership Development,External,Passed,5,638.26,18,5
3177,2019-09-30,Production Technician I,EW,Terminated,Full-Time,Zone A,Full-Time,Production       ,Project Management - Con,13-03-2000,MA,Female,Asian,Single,Fully Meets,1,2023-04-20,3,4,2,2023-03-25,Leadership Development,External,Incomplete,2,423.71,19,4
3178,2020-01-24,Production Technician II,MSC,Terminated,Part-Time,Zone C,Part-Time,Production       ,Field Operations,30-04-1990,MA,Female,White,Married,PIP,1,2022-10-07,5,2,1,2023-05-02,Communication Skills,Internal,Incomplete,3,708.78,30,1
3179,2020-12-23,Production Technician II,TNS,Active,Full-Time,Zone C,Full-Time,Production       ,Field Operations,22-12-1941,MA,Male,Black,Divorced,Fully Meets,2,2023-05-27,5,2,1,2023-05-03,Leadership Development,Internal,Passed,2,376.96,79,4
3180,2019-06-07,Production Technician II,PYZ,Terminated,Full-Time,Zone B,Temporary,Production       ,Field Operations,27-10-1997,MA,Female,Hispanic,Divorced,Fully Meets,4,2023-01-30,2,1,1,2023-07-03,Project Management,External,Completed,1,829.59,22,4
3181,2019-12-25,Production Technician II,WBL,Active,Contract,Zone C,Temporary,Production       ,General - Con,17-07-1959,MA,Female,Other,Single,Fully Meets,4,2023-04-05,5,4,1,2023-01-13,Leadership Development,Internal,Incomplete,4,900.21,60,4
3182,2023-01-26,Production Technician II,NEL,Active,Contract,Zone B,Temporary,Production       ,Field Operations,21-11-1971,MA,Female,White,Married,PIP,2,2022-08-15,3,3,4,2023-05-02,Technical Skills,Internal,Passed,2,825.61,52,1
3183,2022-11-03,Production Technician II,PL,Terminated,Full-Time,Zone A,Temporary,Production       ,Engineers,15-02-1953,MA,Male,Other,Single,PIP,3,2023-05-06,1,1,4,2023-07-28,Customer Service,External,Completed,1,205.22,69,1
3184,2022-05-13,Production Technician I,MSC,Active,Part-Time,Zone A,Full-Time,Production       ,Field Operations,21-05-1972,MA,Female,Hispanic,Single,PIP,5,2023-07-03,3,1,4,2022-09-09,Technical Skills,Internal,Failed,3,441.79,50,1
3185,2020-09-23,Production Technician I,NEL,Terminated,Contract,Zone C,Temporary,Production       ,Field Operations,10-11-1999,MA,Female,Other,Divorced,PIP,2,2022-08-20,5,4,5,2022-11-28,Communication Skills,External,Passed,3,491.87,21,1
3186,2021-08-29,Production Technician I,PL,Active,Part-Time,Zone A,Full-Time,Production       ,Aerial,03-05-1967,MA,Female,Black,Divorced,Fully Meets,2,2023-06-12,5,2,3,2023-04-10,Technical Skills,Internal,Failed,4,927.48,54,4
3187,2022-12-13,Production Technician I,PYZ,Active,Contract,Zone C,Full-Time,Production       ,Wireline Construction,08-04-1962,MA,Female,Black,Single,PIP,3,2023-01-02,4,2,2,2023-07-26,Leadership Development,Internal,Completed,3,831.15,60,1
3188,2022-11-06,Production Technician I,SVG,Active,Part-Time,Zone C,Part-Time,Production       ,Field Operations,04-11-1978,MA,Male,Hispanic,Divorced,Fully Meets,4,2023-07-23,5,2,4,2023-05-16,Leadership Development,Internal,Incomplete,3,976.9,44,4
3189,2023-08-04,Production Technician I,TNS,Active,Full-Time,Zone C,Temporary,Production       ,Project Management - Con,21-07-1964,MA,Female,Asian,Married,PIP,1,2023-02-17,4,3,4,2022-09-11,Leadership Development,Internal,Passed,5,574.76,59,1
3190,2020-11-15,Production Technician I,WBL,Active,Contract,Zone C,Part-Time,Production       ,General - Con,10-02-1998,MA,Male,White,Divorced,PIP,2,2022-10-15,4,5,5,2023-07-13,Leadership Development,External,Passed,3,911.6,22,1
3191,2022-07-06,Production Technician I,BPC,Active,Part-Time,Zone A,Part-Time,Production       ,Technology / It,28-01-1945,MA,Male,Black,Married,Fully Meets,2,2023-02-24,1,2,2,2023-02-05,Project Management,External,Incomplete,3,476.39,77,4
3192,2019-04-21,Production Technician I,CCDR,Active,Full-Time,Zone A,Part-Time,Production       ,Aerial,12-01-1997,MA,Female,Black,Single,Fully Meets,3,2023-06-26,5,4,1,2022-08-28,Technical Skills,Internal,Incomplete,1,752.12,22,4
3193,2021-08-28,Production Technician I,EW,Active,Full-Time,Zone C,Temporary,Production       ,General - Con,24-01-1946,MA,Female,Black,Divorced,PIP,3,2023-08-05,1,1,5,2023-04-16,Project Management,External,Completed,3,240.94,75,1
3194,2021-03-25,Production Technician I,MSC,Active,Contract,Zone B,Full-Time,Production       ,Field Operations,11-08-1995,MA,Female,Asian,Divorced,Fully Meets,1,2022-12-26,2,5,5,2023-01-23,Leadership Development,Internal,Passed,5,143.28,26,4
3195,2020-07-16,Production Technician I,NEL,Active,Full-Time,Zone A,Full-Time,Production       ,General - Con,31-01-1981,MA,Female,White,Divorced,Fully Meets,2,2023-03-23,5,4,1,2023-06-28,Customer Service,External,Failed,1,556.09,39,4
3196,2018-11-28,Production Technician I,PL,Active,Full-Time,Zone B,Temporary,Production       ,Engineers,12-11-1974,MA,Female,Other,Divorced,Fully Meets,2,2022-10-31,3,3,1,2023-06-06,Customer Service,Internal,Passed,5,518.62,44,4
3197,2019-06-27,Production Technician I,PYZ,Active,Contract,Zone A,Full-Time,Production       ,General - Con,31-03-1977,MA,Female,Hispanic,Divorced,PIP,1,2022-09-20,5,5,2,2022-11-10,Customer Service,Internal,Failed,4,694.79,42,1
3198,2023-01-04,Production Technician I,SVG,Active,Contract,Zone A,Temporary,Production       ,General - Con,24-09-1979,MA,Female,Asian,Married,Fully Meets,2,2023-01-04,1,3,1,2023-06-01,Communication Skills,Internal,Completed,2,445.34,44,4
3199,2018-11-22,Production Technician I,BPC,Active,Full-Time,Zone B,Full-Time,Production       ,Engineers,17-01-1978,MA,Female,Hispanic,Married,Fully Meets,2,2022-08-31,1,4,4,2022-09-23,Technical Skills,Internal,Incomplete,5,609.18,40,4
3200,2021-01-08,Production Technician II,PL,Active,Part-Time,Zone B,Temporary,Production       ,Billable Consultants,26-07-1975,MA,Male,Asian,Married,Fully Meets,4,2023-05-28,5,1,3,2023-03-18,Communication Skills,Internal,Completed,1,473.02,46,4
3201,2022-11-18,Production Technician I,EW,Active,Part-Time,Zone A,Part-Time,Production       ,Aerial,16-07-1984,MA,Female,Asian,Widowed,Fully Meets,4,2022-12-27,1,4,5,2023-06-05,Leadership Development,Internal,Failed,2,758.46,38,4
3202,2020-06-21,Production Technician I,WBL,Terminated,Contract,Zone A,Full-Time,Production       ,Engineers,28-03-1999,MA,Female,Other,Single,Fully Meets,4,2022-12-25,2,5,1,2022-08-30,Customer Service,Internal,Passed,3,194.06,21,4
3203,2021-01-19,Production Technician I,PYZ,Terminated,Contract,Zone C,Part-Time,Production       ,General - Sga,10-09-1961,MA,Female,White,Single,Fully Meets,4,2022-11-11,4,4,2,2022-09-01,Project Management,External,Passed,2,317.06,60,4
3204,2023-06-04,Production Technician I,BPC,Active,Contract,Zone C,Full-Time,Production       ,General - Sga,12-11-1959,MA,Male,White,Single,Fully Meets,4,2022-12-27,4,1,1,2022-08-09,Communication Skills,Internal,Passed,1,291.9,64,4
3206,2019-09-06,Production Technician I,BPC,Active,Part-Time,Zone A,Part-Time,Production       ,Wireline Construction,16-03-1961,MA,Male,Hispanic,Divorced,Fully Meets,2,2022-09-13,2,4,4,2023-04-01,Leadership Development,Internal,Passed,2,143.32,58,4
3207,2022-03-27,Production Technician I,PYZ,Active,Full-Time,Zone C,Temporary,Production       ,Project Management - Con,28-08-1981,MA,Female,White,Widowed,Fully Meets,5,2023-01-13,4,4,5,2023-02-17,Technical Skills,External,Passed,3,724.51,41,4
3208,2020-12-25,Production Technician I,CCDR,Terminated,Contract,Zone A,Temporary,Production       ,Field Operations,04-09-1973,MA,Male,Hispanic,Divorced,Fully Meets,2,2023-03-22,5,1,3,2023-04-03,Leadership Development,Internal,Passed,2,955.32,47,4
3209,2021-04-24,Production Technician II,PL,Active,Contract,Zone A,Full-Time,Production       ,General - Con,17-03-1983,MA,Male,Hispanic,Widowed,Fully Meets,5,2023-01-13,3,3,1,2023-03-06,Project Management,Internal,Incomplete,5,259.71,38,4
3210,2020-05-12,Production Technician I,WBL,Active,Full-Time,Zone A,Full-Time,Production       ,Aerial,13-06-1993,MA,Female,Hispanic,Divorced,Fully Meets,5,2023-07-11,3,5,1,2022-12-31,Project Management,External,Failed,2,128.89,27,4
3211,2023-05-23,Production Technician II,SVG,Active,Part-Time,Zone B,Part-Time,Production       ,General - Sga,26-08-1955,MA,Female,Other,Married,Fully Meets,2,2022-10-09,1,5,3,2022-10-13,Customer Service,External,Incomplete,4,513.76,68,4
3212,2020-12-27,Production Technician II,PYZ,Terminated,Full-Time,Zone C,Part-Time,Production       ,Field Operations,30-06-1972,MA,Male,Asian,Married,Fully Meets,5,2023-03-09,2,5,4,2023-01-20,Customer Service,External,Failed,2,944.89,48,4
3213,2018-11-17,Production Technician I,WBL,Active,Full-Time,Zone A,Part-Time,Production       ,Field Operations,28-06-1952,MA,Male,Hispanic,Widowed,Fully Meets,2,2023-01-08,2,5,1,2023-04-09,Communication Skills,External,Passed,2,494.29,66,4
3214,2019-07-16,Production Technician I,PYZ,Active,Part-Time,Zone B,Temporary,Production       ,General - Con,22-12-1972,MA,Female,Asian,Widowed,Fully Meets,2,2023-04-14,3,1,2,2023-01-25,Project Management,Internal,Incomplete,4,521.05,47,4
3215,2020-01-25,Production Technician II,SVG,Active,Contract,Zone A,Part-Time,Production       ,General - Sga,03-06-1973,MA,Male,White,Divorced,Fully Meets,3,2022-11-12,4,3,5,2023-07-06,Communication Skills,External,Failed,3,183.77,47,4
3216,2021-08-16,Production Technician I,MSC,Active,Part-Time,Zone A,Temporary,Production       ,Fielders,28-02-1972,MA,Female,Other,Divorced,Fully Meets,5,2023-03-29,1,4,3,2023-03-17,Leadership Development,External,Passed,5,143.08,49,4
3217,2019-01-20,Production Technician II,BPC,Terminated,Contract,Zone B,Full-Time,Production       ,General - Con,28-09-1968,MA,Female,White,Single,Fully Meets,3,2022-11-01,1,2,1,2023-06-09,Customer Service,External,Passed,3,723.2,51,4
3218,2018-09-04,Production Technician I,SVG,Active,Full-Time,Zone C,Part-Time,Production       ,Field Operations,13-07-1971,MA,Male,Other,Widowed,Fully Meets,5,2023-01-13,2,2,5,2023-01-21,Leadership Development,External,Incomplete,2,526.6,47,4
3219,2019-09-20,Production Technician II,PL,Active,Full-Time,Zone B,Full-Time,Production       ,Executive,16-08-2000,MA,Female,Black,Widowed,Fully Meets,3,2023-02-06,3,3,4,2023-03-28,Communication Skills,External,Passed,2,771.06,19,4
3220,2023-07-24,Production Technician I,SVG,Active,Part-Time,Zone A,Full-Time,Production       ,Field Operations,11-10-1980,MA,Female,Other,Divorced,Fully Meets,1,2022-08-22,5,4,3,2022-11-11,Technical Skills,Internal,Failed,4,839.86,43,4
3221,2023-07-05,Production Technician I,PL,Active,Full-Time,Zone B,Temporary,Production       ,Wireline Construction,31-12-1945,MA,Male,Other,Single,Fully Meets,4,2023-04-01,1,3,5,2023-05-11,Communication Skills,Internal,Failed,4,628.77,78,4
3222,2021-01-11,Production Technician I,BPC,Active,Contract,Zone A,Part-Time,Production       ,Shop (Fleet),14-08-1990,MA,Female,Hispanic,Married,Fully Meets,2,2022-10-18,2,5,1,2022-09-25,Communication Skills,Internal,Completed,3,433.67,31,4
3223,2022-11-06,Production Technician I,CCDR,Active,Full-Time,Zone A,Full-Time,Production       ,Splicing,12-10-1952,MA,Female,Asian,Single,Fully Meets,5,2022-11-11,4,4,2,2023-03-14,Communication Skills,Internal,Incomplete,4,158.97,70,4
3224,2023-04-03,Production Technician I,SVG,Active,Part-Time,Zone A,Part-Time,Production       ,People Services,06-02-1970,MA,Female,White,Single,Fully Meets,5,2023-04-29,2,4,5,2022-09-14,Project Management,External,Completed,2,107.77,53,4
3225,2021-06-07,Production Technician I,EW,Active,Contract,Zone B,Part-Time,Production       ,General - Con,29-07-1977,MA,Female,White,Divorced,Fully Meets,3,2022-09-30,3,1,1,2023-07-26,Communication Skills,Internal,Completed,1,374.1,44,4
3226,2019-01-20,Production Technician I,MSC,Active,Contract,Zone B,Full-Time,Production       ,General - Eng,31-12-1988,MA,Female,Black,Married,Fully Meets,4,2022-10-06,1,2,3,2023-03-01,Leadership Development,External,Incomplete,2,471.42,31,4
3228,2019-05-27,Production Technician I,PYZ,Terminated,Full-Time,Zone C,Temporary,Production       ,Field Operations,03-06-1946,MA,Male,Hispanic,Single,Fully Meets,2,2022-11-13,3,5,3,2022-08-09,Customer Service,External,Passed,3,272.77,73,4
3229,2022-12-18,Production Technician I,WBL,Active,Contract,Zone C,Temporary,Production       ,Engineers,18-12-1945,MA,Male,Other,Widowed,Fully Meets,1,2022-09-29,4,3,4,2022-12-30,Technical Skills,Internal,Incomplete,3,757.48,77,4
3231,2021-05-24,Production Technician I,PL,Active,Full-Time,Zone C,Part-Time,Production       ,Shop (Fleet),14-05-1997,MA,Female,White,Divorced,Exceeds,2,2022-12-11,5,3,3,2022-10-24,Customer Service,External,Failed,3,668.59,24,5
3234,2021-08-23,Production Technician I,SVG,Active,Part-Time,Zone B,Temporary,Production       ,General - Con,25-04-1959,MA,Male,Black,Widowed,Fully Meets,3,2023-04-09,1,3,4,2022-11-03,Leadership Development,Internal,Completed,3,185.58,62,4
3235,2021-12-23,Production Technician I,EW,Active,Contract,Zone C,Temporary,Production       ,Engineers,01-08-1963,MA,Male,Hispanic,Married,Fully Meets,2,2022-10-22,3,4,1,2023-02-08,Project Management,Internal,Failed,3,667.23,58,4
3236,2022-01-24,Production Technician II,NEL,Active,Contract,Zone C,Full-Time,Production       ,People Services,04-06-1979,MA,Female,Asian,Married,Fully Meets,5,2023-04-28,2,4,1,2022-12-17,Communication Skills,Internal,Completed,5,209.99,43,4
3237,2022-11-21,Production Technician II,PL,Active,Contract,Zone B,Temporary,Production       ,General - Eng,08-12-1987,MA,Male,White,Married,Fully Meets,4,2023-02-10,5,1,2,2023-06-12,Leadership Development,Internal,Failed,5,114.81,35,4
3238,2018-12-04,Production Technician II,PYZ,Terminated,Contract,Zone A,Part-Time,Production       ,Wireline Construction,04-09-2000,MA,Male,Other,Divorced,Fully Meets,4,2023-04-05,5,3,5,2023-02-08,Project Management,External,Incomplete,2,964.12,18,4
3239,2019-06-02,Production Technician II,SVG,Active,Part-Time,Zone C,Temporary,Production       ,Field Operations,19-07-1992,MA,Male,Black,Single,Fully Meets,3,2023-06-13,5,2,5,2022-10-15,Leadership Development,External,Passed,1,818.77,27,4
3240,2018-08-12,Production Technician II,TNS,Terminated,Full-Time,Zone C,Temporary,Production       ,Shop (Fleet),05-03-1980,MA,Female,Asian,Married,Fully Meets,2,2022-08-22,2,5,4,2022-10-15,Project Management,External,Passed,3,801.31,38,4
3241,2022-05-15,Production Technician II,WBL,Active,Part-Time,Zone B,Full-Time,Production       ,General - Sga,11-12-1947,MA,Female,White,Divorced,Fully Meets,1,2023-06-03,1,5,3,2022-10-14,Communication Skills,Internal,Completed,5,674.84,75,4
3242,2021-11-23,Production Technician I,NEL,Terminated,Contract,Zone C,Full-Time,Production       ,Aerial,13-04-1955,MA,Male,Hispanic,Single,Fully Meets,3,2023-06-09,3,3,1,2022-10-25,Communication Skills,Internal,Incomplete,2,364.55,66,4
3243,2020-12-13,Production Technician I,PL,Active,Full-Time,Zone C,Full-Time,Production       ,Splicing,08-02-1955,MA,Male,Hispanic,Married,Fully Meets,2,2022-11-25,2,3,1,2022-09-20,Technical Skills,Internal,Completed,1,174.03,65,4
3244,2021-07-28,Production Technician I,BPC,Active,Part-Time,Zone C,Temporary,Production       ,Shop (Fleet),17-12-1948,MA,Female,Black,Divorced,Fully Meets,2,2023-03-25,2,1,1,2022-12-01,Communication Skills,Internal,Failed,4,816.37,73,4
3245,2019-06-07,Production Technician I,CCDR,Terminated,Full-Time,Zone A,Full-Time,Production       ,Field Operations,10-04-1948,MA,Female,Black,Married,Fully Meets,1,2022-11-18,3,5,2,2023-04-29,Project Management,External,Incomplete,1,163.79,71,4
3246,2019-06-12,Production Technician I,SVG,Terminated,Part-Time,Zone C,Part-Time,Production       ,Safety,15-04-1988,MA,Female,White,Married,Fully Meets,4,2023-05-03,1,1,4,2023-01-31,Technical Skills,Internal,Failed,1,325.19,31,4
3247,2023-04-20,Production Technician I,EW,Active,Full-Time,Zone C,Part-Time,Production       ,General - Con,18-07-1943,MA,Female,Black,Single,Fully Meets,3,2023-06-26,2,5,4,2023-02-26,Communication Skills,Internal,Completed,1,834.12,80,4
3248,2018-08-07,Production Technician I,MSC,Active,Contract,Zone B,Part-Time,Production       ,General - Con,18-03-1967,MA,Female,Hispanic,Single,Fully Meets,5,2022-11-04,4,3,3,2023-01-28,Customer Service,External,Completed,2,222.11,51,4
3249,2018-12-06,Production Technician I,TNS,Active,Contract,Zone C,Part-Time,Production       ,Underground,18-01-1948,MA,Male,Black,Single,Fully Meets,3,2023-02-03,3,2,5,2023-03-08,Communication Skills,Internal,Failed,4,875.83,70,4
3250,2021-03-25,Production Technician I,PYZ,Active,Full-Time,Zone B,Full-Time,Production       ,Project Management - Con,11-06-1997,MA,Male,Asian,Married,Fully Meets,2,2022-11-15,1,1,3,2023-02-06,Communication Skills,External,Completed,1,232.39,24,4
3251,2019-02-15,Production Technician I,WBL,Terminated,Contract,Zone A,Part-Time,Production       ,Field Operations,12-04-1956,MA,Male,White,Divorced,Fully Meets,5,2023-04-09,5,1,2,2022-11-25,Leadership Development,Internal,Completed,4,719.24,63,4
3252,2023-03-14,Production Technician I,NEL,Active,Full-Time,Zone A,Part-Time,Production       ,Shop (Fleet),02-11-1993,MA,Female,Black,Divorced,PIP,4,2023-08-05,1,3,1,2022-11-08,Communication Skills,Internal,Incomplete,5,102.7,30,1
3255,2023-03-22,Production Technician I,CCDR,Active,Contract,Zone C,Part-Time,Production       ,Yard (Material Handling),06-05-1961,MA,Male,Other,Widowed,Fully Meets,3,2023-02-17,1,4,1,2022-08-07,Leadership Development,External,Incomplete,3,975.75,62,4
3256,2019-01-24,Production Technician I,SVG,Active,Part-Time,Zone B,Part-Time,Production       ,General - Con,15-11-1954,MA,Male,Black,Divorced,Fully Meets,5,2023-07-04,4,1,4,2023-04-01,Customer Service,External,Failed,4,202.81,65,4
3257,2020-11-19,Production Technician II,PL,Active,Full-Time,Zone A,Full-Time,Production       ,Wireline Construction,10-04-1986,MA,Female,Other,Single,Fully Meets,3,2022-10-09,1,3,5,2023-06-24,Project Management,External,Completed,3,309.86,34,4
3258,2023-02-15,Production Technician II,BPC,Active,Part-Time,Zone B,Temporary,Production       ,Aerial,23-05-1971,MA,Male,White,Single,Fully Meets,2,2022-10-16,4,4,3,2023-07-16,Leadership Development,Internal,Completed,2,909.73,52,4
3259,2022-05-09,Production Technician II,CCDR,Terminated,Full-Time,Zone B,Full-Time,Production       ,Field Operations,25-11-1946,MA,Male,Hispanic,Single,Fully Meets,2,2022-11-07,5,2,1,2023-01-11,Project Management,Internal,Failed,5,577.84,76,4
3260,2021-10-06,Production Technician II,SVG,Active,Contract,Zone B,Temporary,Production       ,General - Con,17-06-1992,MA,Male,Hispanic,Single,Fully Meets,3,2022-10-27,5,2,1,2022-12-03,Customer Service,External,Failed,2,681.18,29,4
3262,2022-03-22,Production Technician II,MSC,Active,Full-Time,Zone A,Full-Time,Production       ,Catv,27-01-1984,MA,Female,Black,Divorced,PIP,4,2022-10-06,4,3,3,2023-05-10,Communication Skills,Internal,Passed,4,959.73,38,1
3263,2022-04-20,Production Technician I,NEL,Terminated,Full-Time,Zone A,Part-Time,Production       ,Engineers,14-04-1990,MA,Male,Asian,Single,PIP,2,2023-06-18,1,3,2,2023-04-11,Project Management,Internal,Passed,5,320.26,32,1
3264,2021-12-31,Production Technician I,PL,Terminated,Part-Time,Zone C,Part-Time,Production       ,General - Eng,09-06-1950,MA,Male,Asian,Married,Fully Meets,5,2023-07-19,1,4,3,2022-09-01,Leadership Development,Internal,Failed,4,506.18,71,4
3265,2018-10-31,Production Technician I,BPC,Active,Part-Time,Zone C,Full-Time,Production       ,Aerial,23-01-1993,MA,Female,Asian,Single,Fully Meets,1,2022-09-10,4,3,2,2022-12-07,Customer Service,External,Failed,1,721.96,25,4
3266,2020-07-24,Production Technician I,CCDR,Active,Contract,Zone A,Full-Time,Production       ,Wireline Construction,23-08-1996,MA,Female,Black,Married,Fully Meets,2,2023-01-17,1,2,3,2022-11-17,Project Management,External,Incomplete,5,157.85,24,4
3267,2019-12-12,Production Technician I,SVG,Active,Contract,Zone C,Part-Time,Production       ,Splicing,07-11-1963,MA,Female,Other,Single,Fully Meets,5,2023-06-14,1,5,2,2022-10-27,Communication Skills,External,Incomplete,1,980.78,56,4
3268,2023-06-22,Production Technician I,EW,Active,Contract,Zone A,Temporary,Production       ,Field Operations,21-08-1962,MA,Female,Asian,Single,Fully Meets,2,2023-06-30,1,5,4,2023-06-24,Project Management,Internal,Failed,5,988.08,61,4
3269,2021-06-20,Production Technician I,MSC,Active,Full-Time,Zone C,Temporary,Production       ,Field Operations,08-04-2000,MA,Male,Asian,Married,Fully Meets,1,2022-11-30,1,5,2,2023-04-11,Customer Service,Internal,Passed,1,322.45,21,4
3270,2019-10-31,Production Technician I,TNS,Active,Full-Time,Zone B,Full-Time,Production       ,Splicing,09-04-1958,MA,Male,Asian,Single,Fully Meets,2,2022-09-26,5,5,4,2022-10-13,Leadership Development,External,Passed,1,147.59,61,4
3271,2019-07-02,Production Technician I,PYZ,Terminated,Contract,Zone B,Part-Time,Production       ,Engineers,29-04-1970,MA,Male,Asian,Divorced,Fully Meets,3,2023-03-12,1,5,1,2023-03-15,Technical Skills,External,Passed,3,747.02,49,4
3272,2023-02-10,Production Technician I,WBL,Active,Contract,Zone C,Part-Time,Production       ,Aerial,22-08-1959,MA,Male,Other,Widowed,Fully Meets,3,2023-03-02,5,5,2,2023-01-30,Leadership Development,External,Passed,2,419.09,64,4
3273,2022-09-16,Production Technician I,NEL,Active,Full-Time,Zone A,Temporary,Production       ,People Services,08-12-1998,MA,Female,Asian,Divorced,Fully Meets,4,2023-05-05,4,5,4,2022-11-04,Technical Skills,Internal,Passed,3,484.19,24,4
3275,2022-11-16,Production Technician I,BPC,Active,Part-Time,Zone B,Temporary,Production       ,General - Con,31-12-1991,MA,Male,Other,Divorced,PIP,3,2023-06-25,1,2,3,2022-11-28,Technical Skills,Internal,Incomplete,3,942.66,31,1
3276,2021-01-25,Production Technician I,CCDR,Active,Contract,Zone A,Temporary,Production       ,Engineers,20-11-1996,MA,Male,Asian,Divorced,Fully Meets,2,2023-03-20,2,2,4,2022-08-15,Project Management,External,Completed,3,826.54,25,4
3277,2023-06-16,Production Technician II,NEL,Active,Part-Time,Zone B,Temporary,Production       ,Aerial,21-05-1980,MA,Female,Hispanic,Married,Fully Meets,5,2023-01-07,3,2,3,2023-03-14,Project Management,Internal,Passed,1,997.87,43,4
3278,2020-09-08,Production Technician II,PL,Active,Contract,Zone A,Part-Time,Production       ,Field Operations,15-11-1944,MA,Female,Black,Married,Fully Meets,4,2022-10-14,1,4,4,2023-03-15,Leadership Development,Internal,Failed,3,855.9,76,4
3279,2019-01-23,Production Technician II,BPC,Active,Full-Time,Zone A,Full-Time,Production       ,Engineers,31-01-1994,MA,Male,Black,Married,Fully Meets,5,2023-04-01,5,2,1,2022-10-30,Technical Skills,Internal,Incomplete,4,518.24,25,4
3280,2023-05-29,Production Technician II,CCDR,Terminated,Part-Time,Zone A,Temporary,Production       ,Project Management - Con,09-07-1983,MA,Male,Other,Divorced,Fully Meets,5,2023-08-03,4,5,4,2022-09-24,Project Management,External,Incomplete,3,580.09,40,4
3281,2019-08-16,Production Technician II,SVG,Active,Contract,Zone B,Full-Time,Production       ,General - Con,23-07-1954,MA,Male,Hispanic,Divorced,Fully Meets,5,2023-02-27,4,4,4,2023-01-23,Project Management,Internal,Passed,3,104.8,65,4
3282,2020-06-04,Production Technician II,EW,Active,Full-Time,Zone B,Full-Time,Production       ,Wireline Construction,23-06-1978,MA,Female,Asian,Married,Fully Meets,3,2023-04-30,5,1,1,2023-05-09,Project Management,External,Failed,2,939.86,42,4
3283,2020-07-21,Production Technician II,MSC,Active,Contract,Zone B,Part-Time,Production       ,Wireline Construction,13-08-1988,MA,Female,Hispanic,Married,Fully Meets,3,2022-10-19,1,3,3,2023-03-03,Communication Skills,Internal,Incomplete,2,353.7,32,4
3284,2022-08-21,Production Technician I,EW,Terminated,Contract,Zone A,Part-Time,Production       ,Fielders,17-10-1948,MA,Male,Other,Divorced,Fully Meets,2,2022-12-09,2,4,1,2022-10-20,Technical Skills,External,Incomplete,5,538.22,74,4
3285,2021-07-16,Production Technician I,MSC,Terminated,Contract,Zone B,Part-Time,Production       ,Wireline Construction,15-01-1954,MA,Male,Other,Single,PIP,4,2023-05-29,3,3,3,2023-05-07,Project Management,External,Incomplete,2,698.54,67,1
3286,2019-11-06,Production Technician I,NEL,Active,Full-Time,Zone C,Temporary,Production       ,Project Management - Con,15-08-1970,MA,Female,White,Divorced,PIP,3,2023-04-25,3,1,4,2023-05-16,Project Management,External,Completed,1,692.96,49,1
3287,2021-01-01,Production Technician I,PL,Active,Part-Time,Zone A,Temporary,Production       ,General - Con,10-06-1979,MA,Female,Asian,Divorced,Fully Meets,1,2023-03-31,5,1,2,2022-08-18,Project Management,Internal,Incomplete,3,997.37,42,4
3288,2019-09-24,Production Technician I,PYZ,Active,Full-Time,Zone A,Temporary,Production       ,Field Operations,16-12-1967,MA,Female,White,Divorced,Fully Meets,2,2023-03-31,1,5,2,2022-12-15,Customer Service,Internal,Failed,1,523.79,52,4
3289,2020-05-17,Production Technician I,SVG,Active,Contract,Zone A,Full-Time,Production       ,General - Con,06-11-1980,MA,Female,White,Divorced,Fully Meets,4,2023-06-13,3,5,1,2023-03-31,Customer Service,Internal,Completed,5,923.23,40,4
3290,2018-08-07,Production Technician I,TNS,Active,Part-Time,Zone A,Full-Time,Production       ,Field Operations,07-12-1995,MA,Male,Other,Single,Fully Meets,3,2023-07-14,1,1,2,2023-01-24,Customer Service,External,Completed,5,406.19,23,4
3291,2023-08-01,Production Technician I,WBL,Active,Contract,Zone C,Full-Time,Production       ,General - Con,09-08-1957,MA,Male,Hispanic,Married,Fully Meets,2,2023-06-28,1,1,3,2022-10-02,Technical Skills,Internal,Completed,2,394.74,66,4
3292,2019-01-12,Production Technician I,PYZ,Terminated,Part-Time,Zone C,Part-Time,Production       ,Field Operations,13-05-1946,MA,Male,Asian,Single,Fully Meets,4,2022-08-14,5,4,3,2023-01-03,Leadership Development,Internal,Passed,5,237.3,73,4
3293,2021-04-09,Production Technician I,WBL,Terminated,Contract,Zone C,Full-Time,Production       ,General - Con,01-09-1967,MA,Female,Black,Married,Fully Meets,3,2023-06-29,5,3,4,2023-01-19,Leadership Development,Internal,Incomplete,2,261.25,54,4
3295,2019-05-31,Production Technician I,PL,Active,Part-Time,Zone C,Full-Time,Production       ,Aerial,18-11-1954,MA,Female,Black,Divorced,Fully Meets,5,2022-08-11,1,2,1,2022-10-04,Leadership Development,Internal,Passed,4,286.88,65,4
3298,2020-11-19,Production Technician II,EW,Active,Full-Time,Zone A,Full-Time,Production       ,Field Operations,10-03-1996,MA,Female,Hispanic,Widowed,Fully Meets,5,2022-12-12,3,4,4,2023-04-15,Customer Service,Internal,Completed,1,549.56,24,4
3299,2022-11-10,Production Technician II,MSC,Active,Part-Time,Zone A,Full-Time,Production       ,Wireline Construction,10-06-1975,MA,Male,White,Widowed,Fully Meets,4,2023-01-31,4,1,2,2023-04-02,Leadership Development,Internal,Incomplete,4,721.03,47,4
3300,2021-03-25,Production Technician II,NEL,Active,Full-Time,Zone B,Part-Time,Production       ,Field Operations,27-11-1946,MA,Male,White,Married,Fully Meets,2,2023-02-09,1,1,3,2023-04-24,Leadership Development,External,Incomplete,2,897.32,75,4
3301,2019-05-13,Production Technician II,PL,Terminated,Contract,Zone B,Full-Time,Production       ,Field Operations,27-08-1997,MA,Male,Black,Divorced,Fully Meets,1,2022-11-10,2,2,2,2023-02-03,Customer Service,Internal,Incomplete,1,443.13,22,4
3303,2023-02-18,Production Technician II,SVG,Active,Full-Time,Zone A,Part-Time,Production       ,Field Operations,11-11-1981,MA,Female,Black,Single,Fully Meets,3,2023-03-08,1,2,1,2023-07-19,Customer Service,Internal,Incomplete,2,249.76,42,4
3304,2019-04-02,Production Technician II,TNS,Active,Part-Time,Zone A,Temporary,Production       ,Wireline Construction,07-12-1984,MA,Female,Other,Single,Fully Meets,4,2023-06-15,2,4,2,2023-06-15,Communication Skills,External,Incomplete,2,123.32,35,4
3305,2020-11-30,Production Technician I,WBL,Terminated,Contract,Zone C,Part-Time,Production       ,Project Management - Con,09-07-1992,MA,Female,Other,Widowed,Fully Meets,4,2022-08-08,5,4,5,2022-12-01,Project Management,Internal,Completed,1,149.24,28,4
3306,2022-09-24,Production Technician I,NEL,Terminated,Full-Time,Zone A,Temporary,Production       ,Field Operations,31-03-1992,MA,Male,White,Married,PIP,4,2022-12-17,3,5,1,2023-01-13,Project Management,External,Incomplete,3,267.72,30,1
3307,2019-06-21,Production Technician I,PL,Active,Full-Time,Zone C,Full-Time,Production       ,Executive,18-10-1978,MA,Male,Asian,Married,Fully Meets,4,2022-10-23,2,4,1,2023-01-28,Leadership Development,Internal,Passed,5,837.16,41,4
3308,2022-06-10,Production Technician I,BPC,Active,Contract,Zone C,Temporary,Production       ,General - Sga,22-11-1998,MA,Female,Black,Married,Fully Meets,3,2023-01-05,1,3,2,2023-04-05,Project Management,Internal,Passed,4,864.47,24,4
3309,2020-10-18,Production Technician I,CCDR,Active,Part-Time,Zone B,Part-Time,Production       ,Finance & Accounting,17-04-2000,MA,Female,White,Single,Fully Meets,1,2023-05-31,2,3,5,2022-09-15,Customer Service,External,Completed,3,547.86,20,4
3310,2022-02-02,Production Technician I,SVG,Active,Part-Time,Zone B,Part-Time,Production       ,Executive,25-07-1975,MA,Female,Asian,Married,Fully Meets,3,2022-11-04,4,5,5,2023-07-22,Project Management,External,Incomplete,3,514.23,47,4
3311,2021-06-17,Production Technician I,EW,Active,Contract,Zone A,Temporary,Production       ,Field Operations,12-03-1974,MA,Female,Black,Widowed,Fully Meets,4,2023-07-31,5,2,1,2022-12-10,Communication Skills,Internal,Passed,3,773.82,47,4
3312,2018-12-01,Production Technician I,MSC,Active,Part-Time,Zone C,Temporary,Production       ,Engineers,30-04-1946,MA,Male,Hispanic,Married,Fully Meets,4,2023-06-14,3,1,4,2022-11-11,Communication Skills,Internal,Failed,4,760.81,72,4
3313,2021-05-09,Production Technician I,TNS,Active,Full-Time,Zone B,Full-Time,Production       ,Wireline Construction,16-02-1976,MA,Male,Hispanic,Married,Fully Meets,3,2023-05-31,1,2,2,2023-03-30,Technical Skills,Internal,Failed,1,705.95,45,4
3314,2019-01-01,Production Technician I,PYZ,Active,Part-Time,Zone A,Temporary,Production       ,General - Eng,24-09-1955,MA,Male,Other,Widowed,Fully Meets,4,2023-01-30,1,4,1,2023-06-10,Customer Service,External,Incomplete,2,651.52,64,4
3315,2018-10-13,Production Technician I,WBL,Terminated,Full-Time,Zone C,Temporary,Production       ,Field Operations,15-04-1957,MA,Female,Other,Widowed,Fully Meets,3,2023-06-20,5,3,4,2023-02-03,Leadership Development,Internal,Incomplete,1,976.59,61,4
3317,2022-03-17,Production Technician I,PL,Active,Part-Time,Zone C,Full-Time,Production       ,Finance & Accounting,08-04-1983,MA,Female,Other,Single,Fully Meets,3,2023-03-11,1,5,5,2022-12-20,Customer Service,External,Passed,1,870.15,39,4
3319,2019-10-09,Production Technician II,NEL,Active,Full-Time,Zone B,Temporary,Production       ,Field Operations,25-01-1963,MA,Female,Hispanic,Married,Fully Meets,3,2022-08-05,5,3,4,2023-06-27,Technical Skills,Internal,Completed,2,141.88,56,4
3320,2020-05-18,Production Technician II,PL,Active,Part-Time,Zone A,Part-Time,Production       ,General - Con,06-07-1969,MA,Male,Other,Divorced,Fully Meets,5,2023-01-10,1,4,4,2022-10-16,Project Management,Internal,Completed,3,678.77,51,4
3321,2019-02-17,Production Technician II,BPC,Active,Contract,Zone B,Full-Time,Production       ,Engineers,11-01-1986,MA,Male,White,Single,Fully Meets,2,2023-01-05,4,1,3,2022-08-23,Project Management,Internal,Passed,1,134.05,33,4
3322,2020-07-31,Production Technician II,CCDR,Terminated,Part-Time,Zone B,Full-Time,Production       ,Aerial,09-10-1943,MA,Male,White,Single,Fully Meets,4,2022-11-27,2,5,4,2023-05-11,Communication Skills,External,Failed,5,371.76,77,4
3325,2021-07-13,Production Technician II,MSC,Terminated,Contract,Zone A,Part-Time,Production       ,Field Operations,14-10-1993,MA,Female,White,Single,Fully Meets,3,2023-03-20,4,5,5,2023-04-17,Technical Skills,External,Completed,4,747.42,28,4
3326,2022-01-14,Production Technician I,PYZ,Active,Contract,Zone A,Temporary,Production       ,General - Con,03-09-1941,MA,Male,Hispanic,Divorced,Fully Meets,3,2023-06-24,4,1,3,2022-11-06,Project Management,Internal,Completed,3,115.27,81,4
3327,2020-01-01,Production Technician I,WBL,Active,Contract,Zone C,Full-Time,Production       ,Fielders,27-04-1979,MA,Female,Hispanic,Widowed,Fully Meets,1,2022-12-13,5,1,1,2023-06-04,Customer Service,Internal,Incomplete,3,454.55,41,4
3328,2020-10-24,Production Technician I,NEL,Terminated,Part-Time,Zone A,Full-Time,Production       ,Engineers,06-02-1961,MA,Male,White,Married,Fully Meets,3,2023-05-19,2,5,4,2022-11-26,Technical Skills,Internal,Failed,1,391.22,59,4
3329,2020-10-24,Production Technician I,PL,Active,Part-Time,Zone B,Full-Time,Production       ,General - Sga,08-10-1978,MA,Male,Hispanic,Divorced,Fully Meets,4,2022-12-03,4,4,3,2022-12-21,Customer Service,External,Incomplete,3,845.51,42,4
3330,2020-08-09,Production Technician I,BPC,Active,Part-Time,Zone C,Part-Time,Production       ,Fielders,19-03-1976,MA,Female,White,Divorced,Fully Meets,4,2023-04-26,1,3,3,2023-04-22,Project Management,External,Incomplete,2,713.22,44,4
3331,2019-03-24,Production Technician I,CCDR,Active,Full-Time,Zone A,Part-Time,Production       ,Field Operations,06-11-1963,MA,Female,Other,Single,Fully Meets,2,2022-08-26,1,5,5,2022-08-11,Communication Skills,Internal,Passed,2,242.55,56,4
3332,2022-10-29,Production Technician I,SVG,Active,Part-Time,Zone B,Temporary,Production       ,Wireline Construction,06-03-1961,MA,Female,Other,Widowed,Fully Meets,3,2023-03-29,2,4,5,2023-02-09,Technical Skills,Internal,Completed,5,385.68,61,4
3333,2023-05-16,Production Technician I,EW,Active,Contract,Zone B,Temporary,Production       ,Field Operations,29-10-1992,MA,Male,Hispanic,Single,Fully Meets,3,2022-12-23,2,3,1,2023-01-05,Customer Service,Internal,Passed,4,995.4,31,4
3334,2023-05-30,Production Technician I,MSC,Active,Part-Time,Zone B,Part-Time,Production       ,Project Management - Con,19-05-1989,MA,Male,White,Single,Fully Meets,3,2022-08-18,1,4,2,2022-10-23,Project Management,External,Completed,5,583.4,34,4
3335,2019-06-28,Production Technician I,TNS,Terminated,Part-Time,Zone B,Temporary,Production       ,Field Operations,07-04-1992,MA,Male,Other,Divorced,Fully Meets,3,2022-12-01,5,1,3,2023-03-17,Project Management,Internal,Incomplete,5,388.61,27,4
3336,2023-03-25,Production Technician I,PYZ,Terminated,Contract,Zone A,Part-Time,Production       ,General - Con,21-06-1979,MA,Male,Asian,Divorced,Fully Meets,3,2023-01-25,4,4,2,2023-04-02,Leadership Development,Internal,Incomplete,4,290.13,44,4
3337,2022-08-26,Production Technician I,WBL,Active,Full-Time,Zone A,Part-Time,Production       ,Engineers,29-01-1973,MA,Female,Black,Single,Fully Meets,3,2023-02-21,5,5,2,2023-04-28,Customer Service,Internal,Failed,3,933.76,49,4
3338,2019-11-15,Production Technician I,NEL,Active,Contract,Zone C,Temporary,Production       ,General - Con,05-03-1950,MA,Female,Hispanic,Divorced,Fully Meets,3,2023-03-28,3,2,4,2023-06-23,Project Management,External,Incomplete,3,796.62,69,4
3339,2021-08-22,Production Technician I,PL,Active,Part-Time,Zone C,Part-Time,Production       ,Technology / It,11-12-1951,MA,Male,Hispanic,Divorced,Fully Meets,5,2023-08-01,1,1,3,2023-02-02,Customer Service,External,Failed,4,986.69,70,4
3340,2022-11-29,Production Technician I,BPC,Active,Part-Time,Zone A,Full-Time,Production       ,General - Con,10-05-1961,MA,Male,White,Married,Fully Meets,3,2022-12-14,5,2,3,2023-07-09,Technical Skills,External,Failed,4,965.82,61,4
3341,2022-10-15,Production Technician II,WBL,Active,Full-Time,Zone C,Temporary,Production       ,General - Con,28-01-1955,MA,Female,White,Single,Fully Meets,1,2023-03-20,3,5,3,2023-07-19,Technical Skills,Internal,Failed,1,933.59,67,4
3342,2021-07-31,Production Technician II,NEL,Active,Full-Time,Zone C,Part-Time,Production       ,Aerial,17-02-2000,MA,Male,Other,Widowed,Fully Meets,2,2022-12-12,3,4,1,2022-11-15,Leadership Development,Internal,Failed,4,583.66,21,4
3343,2022-02-21,Production Technician II,PL,Active,Part-Time,Zone A,Full-Time,Production       ,Field Operations,25-11-1965,MA,Male,Hispanic,Married,Fully Meets,4,2023-07-21,4,2,5,2023-07-05,Technical Skills,External,Failed,2,819.62,57,4
3344,2021-08-29,Production Technician II,BPC,Active,Contract,Zone B,Temporary,Production       ,General - Con,12-03-1958,MA,Male,White,Married,Fully Meets,3,2023-07-13,5,4,1,2022-11-20,Communication Skills,Internal,Failed,5,925.0,63,4
3345,2021-12-13,Production Technician II,CCDR,Terminated,Full-Time,Zone C,Part-Time,Production       ,Project Management - Con,09-04-1981,MA,Male,Asian,Single,Fully Meets,4,2023-02-22,1,1,3,2022-12-28,Project Management,External,Incomplete,5,127.93,40,4
3348,2019-10-31,Production Technician II,MSC,Active,Part-Time,Zone A,Part-Time,Production       ,General - Con,01-12-1987,MA,Female,Asian,Widowed,Fully Meets,2,2022-09-18,5,2,1,2023-04-29,Project Management,Internal,Passed,2,922.33,32,4
3349,2022-11-07,Production Technician I,WBL,Active,Contract,Zone A,Full-Time,Production       ,General - Eng,27-02-1959,MA,Male,Hispanic,Divorced,Fully Meets,3,2022-12-01,1,4,3,2022-08-31,Project Management,Internal,Incomplete,5,306.01,63,4
3350,2022-11-20,Production Technician I,BPC,Active,Full-Time,Zone B,Part-Time,Production       ,Project Management - Con,07-01-1973,MA,Female,Hispanic,Divorced,Fully Meets,5,2022-10-30,2,1,1,2022-09-30,Project Management,Internal,Passed,2,963.95,49,4
3351,2021-12-15,Production Technician I,CCDR,Terminated,Contract,Zone C,Part-Time,Production       ,Shop (Fleet),08-09-1974,MA,Male,Hispanic,Married,Fully Meets,2,2023-02-14,4,2,3,2023-02-17,Communication Skills,External,Incomplete,1,388.02,47,4
3352,2023-02-22,Production Technician I,EW,Active,Part-Time,Zone B,Full-Time,Production       ,Field Operations,05-04-1986,MA,Male,Other,Single,Fully Meets,3,2023-01-22,2,5,2,2023-04-26,Project Management,Internal,Failed,1,140.61,37,4
3353,2020-03-29,Production Technician I,MSC,Active,Contract,Zone B,Part-Time,Production       ,General - Con,11-06-1978,MA,Female,Hispanic,Married,Fully Meets,3,2023-01-11,2,3,2,2023-03-14,Project Management,External,Incomplete,3,749.47,42,4
3354,2021-08-09,Production Technician I,NEL,Active,Part-Time,Zone A,Temporary,Production       ,Field Operations,21-04-1961,MA,Female,Asian,Single,Fully Meets,3,2022-09-02,1,4,1,2022-11-19,Communication Skills,Internal,Incomplete,5,503.22,60,4
3355,2023-01-02,Production Technician I,PL,Active,Contract,Zone B,Part-Time,Production       ,Aerial,23-02-1991,MA,Female,White,Divorced,Fully Meets,5,2023-07-08,1,3,3,2023-06-14,Leadership Development,Internal,Passed,4,492.21,32,4
3356,2018-11-10,Production Technician I,PYZ,Active,Full-Time,Zone C,Part-Time,Production       ,General - Eng,14-08-1991,MA,Female,Asian,Married,Needs Improvement,3,2022-08-10,2,5,1,2022-08-08,Leadership Development,External,Completed,5,890.94,27,2
3357,2022-08-30,Production Technician I,SVG,Active,Full-Time,Zone B,Temporary,Production       ,Engineers,09-08-1942,MA,Male,Asian,Married,Exceeds,1,2022-12-07,3,3,1,2023-07-12,Technical Skills,Internal,Failed,2,621.3,80,5
3359,2020-11-29,Production Technician I,WBL,Active,Full-Time,Zone C,Temporary,Production       ,Field Operations,08-02-1980,MA,Male,Hispanic,Married,Exceeds,3,2023-04-29,3,1,3,2023-04-13,Project Management,External,Passed,5,886.07,40,5
3360,2021-03-24,Production Technician I,BPC,Active,Part-Time,Zone A,Part-Time,Production       ,General - Con,20-05-1974,MA,Female,Asian,Married,Exceeds,2,2023-06-25,4,4,1,2022-12-14,Customer Service,External,Passed,3,740.89,47,5
3361,2020-12-29,Production Technician I,CCDR,Terminated,Part-Time,Zone B,Temporary,Production       ,General - Con,04-10-1943,MA,Female,Other,Single,Exceeds,3,2023-03-23,1,3,3,2022-11-14,Communication Skills,External,Passed,1,921.81,77,5
3362,2021-08-02,Production Technician I,EW,Active,Full-Time,Zone C,Temporary,Production       ,Field Operations,10-11-1967,MA,Female,Asian,Widowed,Exceeds,1,2023-03-19,1,5,1,2023-07-31,Customer Service,Internal,Passed,2,348.84,54,5
3363,2022-03-30,Production Technician I,MSC,Active,Part-Time,Zone A,Temporary,Production       ,Field Operations,26-07-1957,MA,Male,Black,Married,Exceeds,5,2023-06-22,4,4,2,2023-05-22,Customer Service,External,Completed,2,826.15,65,5
3364,2021-03-05,Production Technician II,WBL,Active,Part-Time,Zone A,Temporary,Production       ,Engineers,05-06-1960,MA,Female,Hispanic,Single,Exceeds,3,2023-03-18,1,5,2,2022-12-01,Leadership Development,Internal,Completed,1,205.35,61,5
3365,2020-12-02,Production Technician II,NEL,Active,Contract,Zone B,Temporary,Production       ,Project Management - Con,27-06-1948,MA,Male,Asian,Divorced,Fully Meets,3,2023-07-25,1,1,4,2022-08-23,Communication Skills,External,Incomplete,1,349.86,72,4
3366,2019-01-20,Production Technician II,PL,Terminated,Contract,Zone C,Full-Time,Production       ,General - Con,14-05-1976,MA,Male,Black,Widowed,Exceeds,4,2022-08-21,4,5,5,2022-09-20,Project Management,External,Passed,1,546.47,43,5
3367,2020-05-30,Production Technician II,BPC,Terminated,Full-Time,Zone B,Full-Time,Production       ,Field Operations,16-10-1962,MA,Male,Other,Single,Exceeds,2,2022-09-11,4,1,5,2023-06-09,Leadership Development,Internal,Passed,2,448.21,58,5
3370,2022-06-20,Production Technician II,EW,Active,Contract,Zone C,Temporary,Production       ,General - Con,27-08-1958,MA,Female,Asian,Widowed,Exceeds,3,2023-07-30,3,5,3,2023-06-06,Customer Service,External,Completed,2,264.88,64,5
3371,2022-12-20,Production Technician II,MSC,Terminated,Full-Time,Zone A,Full-Time,Production       ,Wireless,22-11-1970,MA,Female,Hispanic,Married,Exceeds,3,2022-08-08,4,2,5,2022-12-01,Communication Skills,Internal,Passed,2,210.15,52,5
3372,2023-01-14,Production Technician I,TNS,Terminated,Contract,Zone C,Part-Time,Production       ,Project Management - Con,27-05-1992,MA,Female,Asian,Divorced,Fully Meets,4,2023-07-13,1,3,1,2023-05-05,Technical Skills,External,Passed,4,627.18,31,4
3373,2018-09-22,Production Technician I,PYZ,Active,Contract,Zone A,Temporary,Production       ,Aerial,06-02-1989,MA,Male,Other,Married,Exceeds,2,2023-08-03,2,4,4,2022-12-29,Customer Service,External,Incomplete,1,575.42,29,5
3374,2022-09-24,Production Technician I,WBL,Terminated,Part-Time,Zone A,Temporary,Production       ,Field Operations,04-12-1999,MA,Male,Hispanic,Divorced,Exceeds,4,2023-03-17,1,3,3,2022-11-27,Communication Skills,Internal,Completed,4,123.64,23,5
3375,2020-06-08,Production Technician I,NEL,Terminated,Full-Time,Zone B,Full-Time,Production       ,Engineers,20-09-1999,MA,Female,Black,Divorced,Exceeds,3,2023-01-24,2,4,3,2023-06-30,Technical Skills,Internal,Failed,1,655.61,21,5
3376,2023-07-06,Production Technician I,PL,Active,Part-Time,Zone B,Temporary,Production       ,Field Operations,11-11-1986,MA,Female,Asian,Single,Exceeds,5,2022-08-19,4,1,2,2023-02-20,Project Management,External,Incomplete,4,410.54,37,5
3377,2020-02-24,Production Technician I,BPC,Active,Part-Time,Zone A,Temporary,Production       ,Splicing,06-09-1989,MA,Female,Asian,Widowed,Exceeds,4,2022-12-19,3,5,3,2022-10-24,Communication Skills,Internal,Completed,2,485.17,31,5
3378,2021-05-26,Production Technician I,CCDR,Active,Contract,Zone B,Temporary,Production       ,General - Con,04-09-1993,MA,Female,White,Single,Exceeds,3,2023-04-12,5,1,4,2023-07-08,Technical Skills,External,Passed,1,731.18,28,5
3380,2023-06-27,Production Technician I,EW,Active,Full-Time,Zone C,Temporary,Production       ,Field Operations,19-12-1984,MA,Male,Black,Widowed,Exceeds,1,2022-09-05,4,3,2,2022-10-26,Technical Skills,Internal,Incomplete,1,399.81,39,5
3381,2022-12-20,Production Technician I,MSC,Active,Contract,Zone C,Part-Time,Production       ,Field Operations,29-11-1954,MA,Male,White,Single,Exceeds,3,2022-10-03,1,5,2,2022-08-30,Customer Service,Internal,Incomplete,4,604.06,68,5
3382,2018-11-10,Production Technician I,TNS,Active,Part-Time,Zone C,Temporary,Production       ,Field Operations,20-05-1970,MA,Male,Other,Divorced,Exceeds,5,2022-11-10,3,5,5,2023-04-14,Project Management,Internal,Failed,2,815.35,48,5
3383,2020-08-13,Production Technician I,PYZ,Terminated,Part-Time,Zone C,Part-Time,Production       ,General - Con,01-04-1985,MA,Female,Hispanic,Divorced,Exceeds,2,2022-11-12,3,2,3,2022-11-16,Leadership Development,Internal,Failed,4,750.79,35,5
3384,2019-03-07,Production Technician I,WBL,Active,Full-Time,Zone C,Full-Time,Production       ,Field Operations,18-07-1991,MA,Female,Hispanic,Married,Fully Meets,3,2023-06-27,2,1,2,2022-11-19,Leadership Development,Internal,Passed,1,981.44,28,4
3385,2022-03-13,Production Technician I,NEL,Active,Part-Time,Zone A,Full-Time,Production       ,General - Con,10-07-1978,MA,Female,Other,Divorced,Fully Meets,3,2022-12-21,2,1,4,2023-02-10,Technical Skills,External,Failed,5,553.4,44,4
3386,2019-11-25,Production Technician II,WBL,Active,Contract,Zone C,Temporary,Production       ,General - Con,18-02-1995,MA,Female,Hispanic,Widowed,Fully Meets,2,2023-01-01,2,1,5,2022-08-26,Leadership Development,External,Incomplete,1,348.3,24,4
3387,2019-03-06,Production Technician II,NEL,Active,Full-Time,Zone C,Full-Time,Production       ,General - Sga,19-07-1965,MA,Male,Other,Widowed,Fully Meets,3,2023-04-19,1,3,4,2022-10-16,Technical Skills,Internal,Completed,3,912.09,54,4
3388,2019-04-19,Production Technician II,PL,Active,Part-Time,Zone A,Temporary,Production       ,Fielders,17-09-1990,MA,Male,Black,Divorced,Fully Meets,1,2022-10-09,3,1,3,2022-11-03,Leadership Development,External,Failed,2,278.04,29,4
3389,2020-08-12,Production Technician II,BPC,Active,Full-Time,Zone C,Temporary,Production       ,Field Operations,25-06-1943,MA,Male,Asian,Married,Fully Meets,1,2023-02-11,2,3,1,2022-10-18,Project Management,External,Completed,5,812.22,77,4
3391,2020-01-13,Production Technician II,SVG,Active,Part-Time,Zone C,Full-Time,Production       ,General - Sga,04-11-1991,MA,Female,Black,Divorced,Fully Meets,3,2023-07-05,4,3,1,2023-04-01,Communication Skills,Internal,Incomplete,2,374.13,29,4
3392,2019-11-18,Production Technician II,EW,Terminated,Full-Time,Zone B,Full-Time,Production       ,General - Con,29-02-1988,MA,Female,Other,Single,Fully Meets,2,2022-10-02,3,4,2,2023-01-23,Technical Skills,External,Completed,3,319.39,31,4
3393,2018-08-25,Production Technician I,BPC,Active,Contract,Zone B,Full-Time,Production       ,General - Con,04-06-1942,MA,Female,Hispanic,Married,Needs Improvement,3,2023-05-21,3,4,4,2023-07-30,Leadership Development,External,Passed,5,538.8,76,2
3394,2021-05-24,Production Technician I,WBL,Active,Contract,Zone B,Temporary,Production       ,Field Operations,03-06-1949,MA,Male,Black,Divorced,Fully Meets,2,2023-04-06,1,5,5,2022-09-12,Leadership Development,External,Incomplete,3,845.75,72,4
3395,2021-06-09,Production Technician I,TNS,Terminated,Part-Time,Zone A,Part-Time,Production       ,Field Operations,09-02-1975,MA,Female,Other,Widowed,Needs Improvement,3,2023-05-30,4,4,3,2022-08-24,Communication Skills,Internal,Failed,3,745.69,46,2
3396,2021-04-05,Production Technician I,SVG,Terminated,Part-Time,Zone B,Full-Time,Production       ,General - Con,30-11-1949,MA,Female,Asian,Married,Fully Meets,4,2022-09-13,4,3,3,2023-04-15,Leadership Development,External,Passed,4,743.92,72,4
3397,2022-11-05,Production Technician I,PYZ,Active,Part-Time,Zone A,Part-Time,Production       ,Field Operations,27-09-1949,MA,Female,Asian,Single,Fully Meets,3,2023-03-22,3,3,2,2022-10-05,Project Management,Internal,Incomplete,2,826.58,73,4
3398,2019-11-09,Production Technician I,PL,Active,Part-Time,Zone A,Full-Time,Production       ,General - Con,11-12-1956,MA,Female,Other,Single,Fully Meets,3,2022-08-15,5,2,1,2022-08-24,Project Management,External,Passed,2,155.61,63,4
3399,2022-06-05,Production Technician I,NEL,Active,Full-Time,Zone B,Full-Time,Production       ,Aerial,25-02-1984,MA,Female,White,Widowed,Fully Meets,2,2023-05-23,4,4,5,2022-12-01,Leadership Development,External,Failed,3,898.26,38,4
3400,2021-09-21,Production Technician I,MSC,Active,Full-Time,Zone C,Temporary,Production       ,Shop (Fleet),04-06-1970,MA,Female,Black,Divorced,Fully Meets,1,2022-12-30,2,5,3,2023-07-21,Leadership Development,External,Passed,1,639.06,51,4
3402,2021-03-03,Production Technician I,CCDR,Terminated,Part-Time,Zone C,Full-Time,Production       ,Field Operations,30-11-1971,MA,Male,Black,Single,Fully Meets,3,2023-04-23,1,4,4,2023-07-05,Customer Service,External,Incomplete,2,783.25,50,4
3403,2021-02-19,Production Technician I,BPC,Terminated,Contract,Zone A,Full-Time,Production       ,Field Operations,03-09-1975,MA,Female,Asian,Married,Exceeds,3,2023-03-06,4,4,3,2023-06-08,Communication Skills,External,Completed,5,406.68,46,5
3406,2020-03-25,Production Technician I,NEL,Terminated,Contract,Zone C,Temporary,Production       ,Finance & Accounting,17-05-1955,MA,Female,Other,Single,Fully Meets,5,2023-07-16,5,5,4,2023-04-27,Customer Service,Internal,Incomplete,1,538.94,65,4
3407,2021-04-15,Production Technician II,WBL,Active,Part-Time,Zone C,Temporary,Production       ,Field Operations,26-02-1953,MA,Female,Asian,Single,Fully Meets,5,2023-05-09,1,3,5,2023-02-06,Leadership Development,External,Incomplete,1,501.87,68,4
3408,2022-12-15,Production Technician II,NEL,Terminated,Contract,Zone B,Full-Time,Production       ,Field Operations,07-01-1965,MA,Male,Asian,Divorced,Fully Meets,3,2023-06-02,2,2,4,2022-08-13,Leadership Development,External,Failed,5,877.62,57,4
3409,2022-10-08,Production Technician II,PL,Active,Contract,Zone B,Full-Time,Production       ,Yard (Material Handling),15-03-1943,MA,Male,Asian,Divorced,Fully Meets,4,2022-10-03,5,5,4,2023-07-27,Technical Skills,Internal,Failed,2,575.11,79,4
3410,2018-12-18,Production Technician II,BPC,Active,Contract,Zone C,Temporary,Production       ,People Services,07-07-1980,MA,Male,Hispanic,Widowed,Fully Meets,3,2022-09-04,4,3,4,2023-03-05,Leadership Development,External,Failed,2,729.76,38,4
3411,2022-10-06,Production Technician II,CCDR,Active,Full-Time,Zone B,Part-Time,Production       ,General - Eng,20-03-1949,MA,Female,Asian,Single,Fully Meets,2,2022-10-30,2,3,2,2023-05-31,Customer Service,Internal,Incomplete,5,961.53,73,4
3412,2019-12-28,Production Technician II,SVG,Active,Part-Time,Zone A,Full-Time,Production       ,Shop (Fleet),20-03-1991,MA,Female,White,Divorced,Exceeds,3,2022-09-24,5,4,4,2022-10-07,Leadership Development,External,Incomplete,2,966.67,28,5
3413,2019-11-25,Production Technician II,EW,Active,Contract,Zone B,Temporary,Production       ,Field Operations,15-12-1962,MA,Female,White,Single,Fully Meets,5,2022-12-22,1,2,5,2023-03-20,Customer Service,External,Passed,5,394.1,57,4
3414,2022-06-03,Production Technician I,MSC,Active,Contract,Zone C,Temporary,Production       ,General - Con,04-05-1998,MA,Female,Hispanic,Married,Exceeds,3,2023-02-06,5,2,4,2023-07-23,Project Management,External,Incomplete,2,616.09,24,5
3415,2022-09-09,Production Technician I,TNS,Terminated,Full-Time,Zone A,Part-Time,Production       ,Splicing,14-10-1974,MA,Male,Hispanic,Widowed,Fully Meets,3,2023-06-08,2,5,1,2022-09-16,Leadership Development,Internal,Completed,4,103.35,48,4
3416,2020-10-02,Production Technician I,BPC,Active,Full-Time,Zone B,Part-Time,Production       ,Finance & Accounting,18-12-1992,MA,Male,Asian,Married,Fully Meets,2,2022-08-26,1,2,1,2023-02-18,Leadership Development,External,Incomplete,5,488.05,28,4
3417,2022-02-07,Production Technician I,CCDR,Active,Part-Time,Zone A,Part-Time,Production       ,Splicing,26-09-2000,MA,Female,Other,Widowed,Fully Meets,1,2023-05-21,2,5,5,2023-03-10,Project Management,External,Incomplete,5,906.21,22,4
3418,2022-10-14,Production Technician I,EW,Active,Part-Time,Zone B,Temporary,Production       ,General - Con,12-08-1996,MA,Female,Asian,Widowed,Fully Meets,4,2023-06-26,5,3,4,2023-06-15,Technical Skills,Internal,Completed,4,397.08,26,4
3419,2019-10-14,Production Technician I,MSC,Active,Contract,Zone C,Temporary,Production       ,General - Con,05-12-1952,MA,Female,Black,Divorced,Fully Meets,2,2022-11-25,2,5,2,2023-05-18,Project Management,External,Passed,3,999.72,67,4
3420,2020-10-10,Production Technician I,NEL,Active,Contract,Zone A,Full-Time,Production       ,Field Operations,10-08-1944,MA,Female,Other,Married,Fully Meets,2,2023-03-08,2,3,3,2022-12-15,Project Management,External,Passed,2,489.02,76,4
3421,2022-05-09,Production Technician I,PL,Active,Part-Time,Zone A,Part-Time,Production       ,Wireless,11-06-1959,MA,Female,Other,Divorced,Fully Meets,1,2023-02-15,5,4,2,2023-01-22,Customer Service,External,Passed,1,786.71,63,4
3423,2020-12-28,Production Technician I,SVG,Active,Part-Time,Zone A,Full-Time,Production       ,Engineers,10-06-2001,MA,Male,Black,Widowed,Fully Meets,3,2022-09-19,4,5,3,2022-10-14,Technical Skills,External,Completed,1,439.65,19,4
3424,2020-12-09,Production Technician I,TNS,Terminated,Contract,Zone B,Temporary,Production       ,Wireline Construction,27-01-1997,MA,Male,White,Single,Fully Meets,2,2023-03-14,2,4,5,2022-08-18,Project Management,Internal,Completed,5,981.13,23,4
3425,2019-05-28,Production Technician I,WBL,Terminated,Contract,Zone B,Full-Time,Production       ,Aerial,28-05-1954,MA,Female,Hispanic,Divorced,Fully Meets,2,2022-12-25,5,2,3,2023-05-19,Technical Skills,External,Completed,3,184.27,65,4
3426,2022-04-27,Production Technician I,BPC,Active,Full-Time,Zone B,Temporary,Production       ,Field Operations,11-09-1990,MA,Female,White,Married,Fully Meets,2,2022-08-24,1,3,2,2023-05-02,Leadership Development,Internal,Failed,5,675.37,32,4
